from,to,metric,v,share,cumsum
NLD,ABW,dollar,18.43585256828074,0.5124538506827481,0.5124538506827481
USA,ABW,dollar,10.21632077360999,0.28397888846508734,0.7964327391478354
CUW,ABW,dollar,1.9434531546169118,0.054021372161463715,0.850454111309299
SXM,ABW,dollar,1.32490430922177,0.03682782298959223,0.8872819342988914
BEL,ABW,dollar,1.0515430356548556,0.02922931151592572,0.9165112458148171
GBR,ABW,dollar,0.9620870040886387,0.026742738808039263,0.9432539846228564
NLD,ABW,pgdp,0.005940947093435057,0.5124538506827481,0.5124538506827481
USA,ABW,pgdp,0.0032922058245358713,0.28397888846508734,0.7964327391478354
CUW,ABW,pgdp,6.262771047547635e-4,0.054021372161463715,0.8504541113092992
SXM,ABW,pgdp,4.2694995394426146e-4,0.03682782298959223,0.8872819342988914
BEL,ABW,pgdp,3.3885937838556805e-4,0.029229311515925716,0.916511245814817
GBR,ABW,pgdp,3.1003220325194134e-4,0.02674273880803926,0.9432539846228564
IRN,AFG,dollar,123.38894280467628,0.41129647601558766,0.41129647601558766
PAK,AFG,dollar,55.68382224104021,0.1856127408034674,0.5969092168190551
SAU,AFG,dollar,33.99893721596203,0.11332979071987345,0.7102390075389285
DEU,AFG,dollar,24.391026434122036,0.08130342144707348,0.791542428986002
USA,AFG,dollar,12.20532262016438,0.040684408733881273,0.8322268377198833
TUR,AFG,dollar,8.210988220316448,0.027369960734388167,0.8595967984542714
IRN,AFG,pgdp,0.008648859056924299,0.4112964760155876,0.4112964760155876
PAK,AFG,pgdp,0.003903117405551928,0.18561274080346737,0.596909216819055
SAU,AFG,pgdp,0.0023831310114355696,0.11332979071987344,0.7102390075389284
DEU,AFG,pgdp,0.001709671426688336,0.08130342144707346,0.7915424289860018
USA,AFG,pgdp,8.555232963880378e-4,0.04068440873388127,0.8322268377198832
TUR,AFG,pgdp,5.755433041354435e-4,0.02736996073438816,0.8595967984542714
PRT,AGO,dollar,3.8460382932755777,0.3044883878662199,0.3044883878662199
COD,AGO,dollar,2.767095536996793,0.21906918103365722,0.5235575688998771
ZAF,AGO,dollar,0.8548133188669549,0.06767502285233287,0.59123259175221
NAM,AGO,dollar,0.6748511954737642,0.05342753682891483,0.6446601285811249
COG,AGO,dollar,0.6403796973090223,0.05069845040201494,0.6953585789831398
MOZ,AGO,dollar,0.6110406191804609,0.048375694381497435,0.7437342733646373
FRA,AGO,dollar,0.5772122018324694,0.04569752025089536,0.7894317936155327
USA,AGO,dollar,0.5328092628453299,0.04218216801627125,0.8316139616318039
ZMB,AGO,dollar,0.49118337299516024,0.03888667298281427,0.8705006346146181
GBR,AGO,dollar,0.3149692008055465,0.024935909855206627,0.8954365444698247
PRT,AGO,pgdp,5.7830701088738e-5,0.30448838786621996,0.30448838786621996
COD,AGO,pgdp,4.160724950758479e-5,0.2190691810336573,0.5235575688998773
ZAF,AGO,pgdp,1.2853344080452416e-5,0.0676750228523329,0.5912325917522101
NAM,AGO,pgdp,1.0147355483447958e-5,0.05342753682891486,0.644660128581125
COG,AGO,pgdp,9.629027075243696e-6,0.05069845040201496,0.6953585789831399
MOZ,AGO,pgdp,9.18787196234779e-6,0.048375694381497455,0.7437342733646374
FRA,AGO,pgdp,8.679213196423068e-6,0.04569752025089537,0.7894317936155327
USA,AGO,pgdp,8.011551333431124e-6,0.04218216801627126,0.831613961631804
ZMB,AGO,pgdp,7.385646386596157e-6,0.038886672982814285,0.8705006346146182
GBR,AGO,pgdp,4.736013610626606e-6,0.024935909855206634,0.8954365444698249
ITA,ALB,dollar,646.9893677792891,0.37652425569543146,0.37652425569543146
GRC,ALB,dollar,542.2688453558477,0.3155807244333012,0.6921049801287328
USA,ALB,dollar,129.95533007000833,0.07562927053378753,0.7677342506625203
DEU,ALB,dollar,120.32328236182163,0.07002376946257816,0.8377580201250985
MKD,ALB,dollar,76.984999897781,0.0448024669798179,0.8825604871049164
GBR,ALB,dollar,52.9777262868506,0.030831107823393905,0.9133915949283103
FRA,ALB,dollar,44.29646410351604,0.025778929310327502,0.9391705242386378
ITA,ALB,pgdp,0.03608304386905758,0.37652425569543146,0.37652425569543146
GRC,ALB,pgdp,0.030242708010733723,0.3155807244333012,0.6921049801287327
USA,ALB,pgdp,0.007247698508599934,0.07562927053378753,0.7677342506625202
DEU,ALB,pgdp,0.006710512555766906,0.07002376946257816,0.8377580201250984
MKD,ALB,pgdp,0.0042935066121807565,0.0448024669798179,0.8825604871049162
GBR,ALB,pgdp,0.00295460438283967,0.0308311078233939,0.9133915949283102
FRA,ALB,pgdp,0.0024704443953653308,0.0257789293103275,0.9391705242386377
ESP,ARG,dollar,253.66194860362273,0.2782627113364055,0.2782627113364055
USA,ARG,dollar,176.6043912779681,0.19373192164392686,0.4719946329803324
CHL,ARG,dollar,65.12372745277791,0.07143958750257853,0.5434342204829109
ITA,ARG,dollar,60.32101787428181,0.06617109927866302,0.609605319761574
PRY,ARG,dollar,49.67783819218179,0.054495717725044385,0.6641010374866183
BOL,ARG,dollar,38.24357181094311,0.041952527928934995,0.7060535654155533
ISR,ARG,dollar,30.119543880977705,0.03304061169077135,0.7390941771063247
BRA,ARG,dollar,29.654213893445732,0.03253015285092731,0.771624329957252
URY,ARG,dollar,26.530518861808858,0.029103514154519686,0.8007278441117718
PER,ARG,dollar,21.575027361002213,0.023667426839848335,0.8243952709516201
AUS,ARG,dollar,18.86064942051549,0.02068980181776894,0.845085072769389
DEU,ARG,dollar,18.40906807759635,0.020194425000073783,0.8652794977694628
CAN,ARG,dollar,18.402618317756183,0.02018734972658293,0.8854668474960458
ESP,ARG,pgdp,5.199028721623089e-4,0.2782627113364054,0.2782627113364054
USA,ARG,pgdp,3.6196651002380777e-4,0.19373192164392677,0.4719946329803322
CHL,ARG,pgdp,1.3347690946552594e-4,0.07143958750257852,0.5434342204829107
ITA,ARG,pgdp,1.2363332623293265e-4,0.06617109927866299,0.6096053197615736
PRY,ARG,pgdp,1.0181917666842717e-4,0.05449571772504437,0.664101037486618
BOL,ARG,pgdp,7.838362409383019e-5,0.04195252792893499,0.7060535654155531
ISR,ARG,pgdp,6.173270156655797e-5,0.03304061169077134,0.7390941771063244
BRA,ARG,pgdp,6.077896609952043e-5,0.0325301528509273,0.7716243299572517
URY,ARG,pgdp,5.4376673490608615e-5,0.02910351415451968,0.8007278441117714
PER,ARG,pgdp,4.4219950030791704e-5,0.023667426839848325,0.8243952709516198
AUS,ARG,pgdp,3.8656589443357877e-5,0.020689801817768937,0.8450850727693887
DEU,ARG,pgdp,3.7731033054269955e-5,0.020194425000073776,0.8652794977694624
CAN,ARG,pgdp,3.771781369407771e-5,0.020187349726582926,0.8854668474960453
RUS,ARM,dollar,989.8902508187742,0.6147731216078646,0.6147731216078646
USA,ARM,dollar,197.8837746006235,0.12289607431343852,0.7376691959213031
UKR,ARM,dollar,81.51683353086902,0.050626176156305804,0.7882953720776089
FRA,ARM,dollar,72.86917142578534,0.045255530044219144,0.833550902121828
DEU,ARM,dollar,55.965472298288205,0.03475745728237913,0.8683083594042071
RUS,ARM,pgdp,0.07132334949989032,0.6147731216078651,0.6147731216078651
USA,ARM,pgdp,0.0142578771783274,0.12289607431343862,0.7376691959213038
UKR,ARM,pgdp,0.005873432537836931,0.050626176156305845,0.7882953720776096
FRA,ARM,pgdp,0.005250353134673116,0.04525553004421918,0.8335509021218287
DEU,ARM,pgdp,0.004032411610636235,0.03475745728237917,0.8683083594042079
USA,ATG,dollar,35.79166542335639,0.7138056941762126,0.7138056941762126
GBR,ATG,dollar,4.436357339072738,0.08847582509988695,0.8022815192760995
VIR,ATG,dollar,3.0415861931264163,0.06065941660721382,0.8629409358833133
GIN,ATG,dollar,2.834747724892885,0.05653436473680173,0.9194753006201151
CAN,ATG,dollar,1.8495323654018485,0.036885870449758905,0.956361171069874
USA,ATG,pgdp,0.0223506996669655,0.7138056941762122,0.7138056941762122
GBR,ATG,pgdp,0.002770356990324553,0.0884758250998869,0.8022815192760991
VIR,ATG,pgdp,0.0018993689930224661,0.06065941660721379,0.8629409358833129
GIN,ATG,pgdp,0.0017702052777166662,0.056534364736801686,0.9194753006201146
CAN,ATG,pgdp,0.0011549711904842808,0.03688587044975888,0.9563611710698735
GBR,AUS,dollar,235.42689236101998,0.2552661895413487,0.2552661895413487
USA,AUS,dollar,149.7116390428596,0.1623277580789582,0.41759394762030694
NZL,AUS,dollar,130.20756735908589,0.14118008879900398,0.558774036419311
CAN,AUS,dollar,34.508367984229515,0.03741636953316652,0.5961904059524775
GRC,AUS,dollar,31.318799503526236,0.033958017837720525,0.6301484237901981
ITA,AUS,dollar,28.592257384847947,0.031001711485973263,0.6611501352761713
DEU,AUS,dollar,23.62394730729953,0.025614724599144476,0.6867648598753158
MLT,AUS,dollar,19.873698705800386,0.021548444571672293,0.7083133044469881
GBR,AUS,pgdp,1.5100820711027826e-4,0.2552661895413489,0.2552661895413489
USA,AUS,pgdp,9.602847817714538e-5,0.1623277580789583,0.4175939476203072
NZL,AUS,pgdp,8.351811936987487e-5,0.14118008879900407,0.5587740364193112
CAN,AUS,pgdp,2.2134458503615824e-5,0.037416369533166544,0.5961904059524779
GRC,AUS,pgdp,2.0088596143134682e-5,0.03395801783772055,0.6301484237901983
ITA,AUS,pgdp,1.833972950847303e-5,0.031001711485973284,0.6611501352761716
DEU,AUS,pgdp,1.515294150114539e-5,0.025614724599144496,0.6867648598753161
MLT,AUS,pgdp,1.274744605476375e-5,0.02154844457167231,0.7083133044469884
DEU,AUT,dollar,1165.378704507238,0.3679699688713492,0.3679699688713492
CHE,AUT,dollar,372.9689969545757,0.11776548659123123,0.4857354554625804
USA,AUT,dollar,266.19056679534475,0.08405004673476206,0.5697855021973425
TUR,AUT,dollar,150.3245344061296,0.047465183662689814,0.6172506858600322
GBR,AUT,dollar,131.61170451915112,0.04155658124497371,0.658807267105006
CAN,AUT,dollar,106.10155889057492,0.033501716799154015,0.69230898390416
AUS,AUT,dollar,99.06792293106258,0.03128083632908526,0.7235898202332453
ITA,AUT,dollar,94.5343061189631,0.029849340429279655,0.7534391606625249
HUN,AUT,dollar,80.57275640268969,0.025440961423705496,0.7788801220862305
ESP,AUT,dollar,72.42592783773728,0.022868588819116565,0.8017487109053469
FRA,AUT,dollar,63.83133464936763,0.020154833903435723,0.8219035448087828
DEU,AUT,pgdp,0.0024314416434741896,0.36796996887134936,0.36796996887134936
CHE,AUT,pgdp,7.781610796668897e-4,0.11776548659123129,0.4857354554625807
USA,AUT,pgdp,5.553789739789941e-4,0.0840500467347621,0.5697855021973427
TUR,AUT,pgdp,3.136365299771634e-4,0.04746518366268984,0.6172506858600326
GBR,AUT,pgdp,2.745941537277308e-4,0.04155658124497374,0.6588072671050064
CAN,AUT,pgdp,2.2136988407828827e-4,0.033501716799154035,0.6923089839041603
AUS,AUT,pgdp,2.0669493308523136e-4,0.03128083632908527,0.7235898202332457
ITA,AUT,pgdp,1.972360124186191e-4,0.029849340429279676,0.7534391606625253
HUN,AUT,pgdp,1.681066888293947e-4,0.02544096142370551,0.7788801220862308
ESP,AUT,pgdp,1.5110917706909007e-4,0.02286858881911658,0.8017487109053475
FRA,AUT,pgdp,1.331774509219595e-4,0.020154833903435733,0.8219035448087831
RUS,AZE,dollar,1004.6114840586631,0.6580556753926037,0.6580556753926037
TUR,AZE,dollar,127.16537486763183,0.08329777030518852,0.741353445697792
UKR,AZE,dollar,100.15849409321585,0.06560731837400391,0.8069607640717961
KAZ,AZE,dollar,64.73824924710748,0.0424058185756837,0.8493665826474798
USA,AZE,dollar,47.07819266918027,0.03083786355698428,0.880204446204464
DEU,AZE,dollar,39.93365832636967,0.02615794356111716,0.9063623897655811
RUS,AZE,pgdp,0.018323829255859528,0.6580556753926038,0.6580556753926038
TUR,AZE,pgdp,0.002319460461389459,0.08329777030518853,0.7413534456977924
UKR,AZE,pgdp,0.001826862596546759,0.06560731837400392,0.8069607640717963
KAZ,AZE,pgdp,0.0011808073512506296,0.04240581857568371,0.8493665826474799
USA,AZE,pgdp,8.586929154536156e-4,0.030837863556984285,0.8802044462044643
DEU,AZE,pgdp,7.283786302919686e-4,0.026157943561117163,0.9063623897655815
TZA,BDI,dollar,16.250110936618064,0.33854397784621004,0.33854397784621004
RWA,BDI,dollar,9.117023866633671,0.189937997221535,0.5284819750677451
UGA,BDI,dollar,3.4918582416355077,0.07274704670073982,0.6012290217684849
COD,BDI,dollar,3.439968887945432,0.07166601849886324,0.6728950402673481
BEL,BDI,dollar,2.8388741438481904,0.05914321133017069,0.7320382515975187
CAN,BDI,dollar,2.5117990915304294,0.05232914774021733,0.784367399337736
KEN,BDI,dollar,1.3077630206576254,0.027245062930367225,0.8116124622681032
GBR,BDI,dollar,1.142805164654522,0.023808440930302568,0.8354209031984059
SWE,BDI,dollar,1.120526826497751,0.023344308885369838,0.8587652120837758
ZAF,BDI,dollar,1.059751234000056,0.022078150708334524,0.8808433627921102
TZA,BDI,pgdp,0.005854210880428155,0.33854397784620976,0.33854397784620976
RWA,BDI,pgdp,0.0032844686738045044,0.18993799722153487,0.5284819750677446
UGA,BDI,pgdp,0.001257965228103832,0.07274704670073978,0.6012290217684845
COD,BDI,pgdp,0.0012392717422479104,0.0716660184988632,0.6728950402673477
BEL,BDI,pgdp,0.001022723350376156,0.05914321133017065,0.7320382515975183
CAN,BDI,pgdp,9.048923806391738e-4,0.0523291477402173,0.7843673993377357
KEN,BDI,pgdp,4.7113035316599466e-4,0.027245062930367204,0.8116124622681029
GBR,BDI,pgdp,4.117031849951387e-4,0.023808440930302554,0.8354209031984055
SWE,BDI,pgdp,4.0367726504025804e-4,0.02334430888536982,0.8587652120837753
ZAF,BDI,pgdp,3.817824523677656e-4,0.02207815070833451,0.8808433627921097
FRA,BEL,dollar,4441.284895820109,0.2796228860089333,0.2796228860089333
NLD,BEL,dollar,1738.8975462854446,0.10948082858269385,0.3891037145916271
ITA,BEL,dollar,1196.8898380558521,0.07535607343427177,0.4644597880258989
ESP,BEL,dollar,1102.826576059222,0.06943385916432787,0.5338936471902267
USA,BEL,dollar,962.7344071109897,0.060613669172593,0.5945073163628197
GBR,BEL,dollar,841.7901622100284,0.05299903070677281,0.6475063470695925
DEU,BEL,dollar,816.2336873536304,0.051389997415013856,0.6988963444846064
TUR,BEL,dollar,800.7596804326299,0.05041575537135559,0.7493120998559619
LUX,BEL,dollar,598.5825913458204,0.03768670455352922,0.7869988044094912
CAN,BEL,dollar,553.8164631701138,0.03486823326660101,0.8218670376760921
CHE,BEL,dollar,497.60680993769887,0.03132927870117746,0.8531963163772696
FRA,BEL,pgdp,0.007392914979868438,0.27962288600893304,0.27962288600893304
NLD,BEL,pgdp,0.0028945501178024033,0.10948082858269374,0.3891037145916268
ITA,BEL,pgdp,0.001992329927166604,0.0753560734342717,0.46445978802589843
ESP,BEL,pgdp,0.0018357532348394242,0.0694338591643278,0.5338936471902263
USA,BEL,pgdp,0.0016025573199918133,0.06061366917259294,0.5945073163628192
GBR,BEL,pgdp,0.001401234833182039,0.05299903070677276,0.6475063470695919
DEU,BEL,pgdp,0.0013586938005236044,0.05138999741501381,0.6988963444846057
TUR,BEL,pgdp,0.0013329359353453276,0.05041575537135555,0.7493120998559613
LUX,BEL,pgdp,9.96394131440161e-4,0.03768670455352918,0.7869988044094905
CAN,BEL,pgdp,9.218769168628286e-4,0.034868233266600976,0.8218670376760914
CHE,BEL,pgdp,8.283109337874743e-4,0.03132927870117743,0.8531963163772688
NGA,BEN,dollar,106.30822459815286,0.5203894487402718,0.5203894487402718
CIV,BEN,dollar,20.187314151132107,0.09881893261188802,0.6192083813521598
TGO,BEN,dollar,19.155600714241388,0.09376859159913048,0.7129769729512904
GAB,BEN,dollar,17.821053720440815,0.08723584987527017,0.8002128228265606
FRA,BEN,dollar,13.893889031308598,0.06801198384406862,0.8682248066706292
NER,BEN,dollar,6.0581275589419565,0.029655143548045205,0.8978799502186743
GHA,BEN,dollar,5.685185649795662,0.027829555403323648,0.925709505621998
NGA,BEN,pgdp,0.006010317010071828,0.520389448740272,0.520389448740272
CIV,BEN,pgdp,0.0011413242774851234,0.09881893261188808,0.6192083813521602
TGO,BEN,pgdp,0.0010829945965718773,0.09376859159913054,0.7129769729512907
GAB,BEN,pgdp,0.0010075437033987523,0.08723584987527021,0.8002128228265609
FRA,BEN,pgdp,7.855147416541037e-4,0.06801198384406866,0.8682248066706296
NER,BEN,pgdp,3.4250658643137966e-4,0.02965514354804522,0.8978799502186748
GHA,BEN,pgdp,3.214216787604676e-4,0.027829555403323658,0.9257095056219985
CIV,BFA,dollar,468.8305552646132,0.8363759794213064,0.8363759794213064
GHA,BFA,dollar,23.177970133007985,0.04134862212649717,0.8777246015478035
MLI,BFA,dollar,17.916761740402652,0.031962825332981275,0.9096874268807847
FRA,BFA,dollar,15.202549207002496,0.027120772824908566,0.9368081997056934
CIV,BFA,pgdp,0.023867966116736635,0.8363759794213066,0.8363759794213066
GHA,BFA,pgdp,0.0011799806978816255,0.04134862212649718,0.8777246015478037
MLI,BFA,pgdp,9.121347944146066e-4,0.03196282533298129,0.909687426880785
FRA,BFA,pgdp,7.73955377451792e-4,0.027120772824908577,0.9368081997056935
IND,BGD,dollar,5746.827282352296,0.25883207505851397,0.25883207505851397
SAU,BGD,dollar,4127.76052044354,0.18591072401495526,0.4447427990734692
ARE,BGD,dollar,3881.4916161524957,0.17481898793376463,0.6195617870072339
KWT,BGD,dollar,1300.3103453198105,0.058564840800543,0.6781266278077769
MYS,BGD,dollar,1196.138035710083,0.05387301107691032,0.7319996388846871
QAT,BGD,dollar,1027.4227063542362,0.04627422018833504,0.7782738590730222
USA,BGD,dollar,942.2914082254127,0.04243998096997992,0.8207138400430022
OMN,BGD,dollar,911.337404558495,0.0410458397148424,0.8617596797578445
GBR,BGD,dollar,818.3869081788232,0.03685943064534594,0.8986191104031903
ITA,BGD,dollar,470.87407311312643,0.021207756462316717,0.9198268668655071
IND,BGD,pgdp,0.013805700781744234,0.2588320750585138,0.2588320750585138
SAU,BGD,pgdp,0.009916189202160006,0.18591072401495515,0.4447427990734689
ARE,BGD,pgdp,0.00932457323086906,0.17481898793376452,0.6195617870072334
KWT,BGD,pgdp,0.003123757626407004,0.05856484080054296,0.6781266278077763
MYS,BGD,pgdp,0.0028735027178191748,0.05387301107691028,0.7319996388846866
QAT,BGD,pgdp,0.0024681950167276525,0.04627422018833501,0.7782738590730215
USA,BGD,pgdp,0.002263682653403776,0.04243998096997989,0.8207138400430015
OMN,BGD,pgdp,0.0021893213246868357,0.04104583971484237,0.8617596797578438
GBR,BGD,pgdp,0.0019660247686074453,0.036859430645345914,0.8986191104031898
ITA,BGD,pgdp,0.001131188782938347,0.021207756462316707,0.9198268668655064
DEU,BGR,dollar,210.72344935789778,0.26807552776874244,0.26807552776874244
TUR,BGR,dollar,172.6941166658578,0.21969584594796543,0.48777137371670787
ESP,BGR,dollar,91.32226175082008,0.1161772151627357,0.6039485888794436
GBR,BGR,dollar,61.265560850022354,0.07794005654787461,0.6818886454273182
USA,BGR,dollar,37.68494217700802,0.047941559393695134,0.7298302048210134
GRC,BGR,dollar,35.65139874321634,0.045354551488711196,0.7751847563097245
ITA,BGR,dollar,25.959110280050542,0.033024336920910016,0.8082090932306346
BEL,BGR,dollar,21.66644057551478,0.027563341952923148,0.8357724351835577
NLD,BGR,dollar,20.017446409769914,0.025465545136210854,0.8612379803197686
AUT,BGR,dollar,16.866000292102758,0.021456377747376472,0.882694358067145
FRA,BGR,dollar,16.14590248668646,0.02054029270880906,0.9032346507759542
DEU,BGR,pgdp,0.0025073739387117717,0.26807552776874266,0.26807552776874266
TUR,BGR,pgdp,0.002054867309814152,0.21969584594796562,0.48777137371670826
ESP,BGR,pgdp,0.0010866330246394056,0.11617721516273578,0.603948588879444
GBR,BGR,pgdp,7.289918188222218e-4,0.07794005654787468,0.6818886454273186
USA,BGR,pgdp,4.484087660125829e-4,0.04794155939369517,0.7298302048210139
GRC,BGR,pgdp,4.242118680182469e-4,0.04535455148871123,0.775184756309725
ITA,BGR,pgdp,3.088844491995502e-4,0.033024336920910044,0.8082090932306352
BEL,BGR,pgdp,2.5780646913872734e-4,0.027563341952923173,0.8357724351835584
NLD,BGR,pgdp,2.3818527838432741e-4,0.025465545136210875,0.8612379803197693
AUT,BGR,pgdp,2.0068658571974256e-4,0.02145637774737649,0.8826943580671457
FRA,BGR,pgdp,1.921182252637699e-4,0.02054029270880908,0.9032346507759547
HRV,BIH,dollar,518.855152903076,0.21851427846727914,0.21851427846727914
SRB,BIH,dollar,440.52086932246925,0.1855240318443164,0.40403831031159554
DEU,BIH,dollar,326.9792821025856,0.13770633577140642,0.5417446460830019
AUT,BIH,dollar,255.69709591291152,0.1076860586369196,0.6494307047199215
SVN,BIH,dollar,186.12530784443928,0.07838611049840599,0.7278168152183274
USA,BIH,dollar,155.78682099861317,0.06560914851621841,0.7934259637345459
SWE,BIH,dollar,88.9620584031521,0.037466101847812024,0.8308920655823578
CHE,BIH,dollar,88.57761635454662,0.03730419524171304,0.8681962608240709
CAN,BIH,dollar,56.044790327957536,0.023603093949904917,0.89179935477397565
AUS,BIH,dollar,50.2448925244877,0.021160484530651613,0.9129598393046272
HRV,BIH,pgdp,0.021939307594510606,0.2185142784672791,0.2185142784672791
SRB,BIH,pgdp,0.018627015265804382,0.1855240318443164,0.4040383103115955
DEU,BIH,pgdp,0.013826014846230032,0.13770633577140642,0.5417446460830019
AUT,BIH,pgdp,0.01081191389710334,0.10768605863691959,0.6494307047199215
SVN,BIH,pgdp,0.007870135541826133,0.07838611049840599,0.7278168152183274
USA,BIH,pgdp,0.006587300840969013,0.06560914851621841,0.7934259637345458
SWE,BIH,pgdp,0.0037616779030277213,0.03746610184781202,0.8308920655823578
CHE,BIH,pgdp,0.003745422128541475,0.03730419524171304,0.868196260824071
CAN,BIH,pgdp,0.002369801836206499,0.023603093949904917,0.8917993547739759
AUS,BIH,pgdp,0.0021245585516113837,0.02116048453065161,0.9129598393046274
RUS,BLR,dollar,577.9419870503025,0.5084176276344617,0.5084176276344617
UKR,BLR,dollar,179.55279677662125,0.15795323582253762,0.6663708634569994
POL,BLR,dollar,76.72021584640909,0.0674910475553322,0.7338619110123316
USA,BLR,dollar,55.598845976652385,0.04891050313706161,0.7827724141493931
KAZ,BLR,dollar,53.61772855486106,0.04716770707409833,0.8299401212234915
LTU,BLR,dollar,30.833238754657884,0.02712411012035659,0.857064231343848
LVA,BLR,dollar,29.26303631059878,0.02574279742911431,0.8828070287729624
DEU,BLR,dollar,23.071764516095985,0.020296313546074862,0.9031033423190372
RUS,BLR,pgdp,0.008294974948834662,0.5084176276344615,0.5084176276344615
UKR,BLR,pgdp,0.002577050957755804,0.15795323582253756,0.6663708634569991
POL,BLR,pgdp,0.0011011352052187231,0.06749104755533217,0.7338619110123313
USA,BLR,pgdp,7.979884571361097e-4,0.0489105031370616,0.7827724141493929
KAZ,BLR,pgdp,7.695542548239862e-4,0.047167707074098314,0.8299401212234913
LTU,BLR,pgdp,0.00044253739785661994,0.027124110120356582,0.8570642313438479
LVA,BLR,pgdp,4.200008972563692e-4,0.0257427974291143,0.8828070287729621
DEU,BLR,pgdp,3.3113999843339205e-4,0.020296313546074852,0.9031033423190371
USA,BLZ,dollar,115.71897146407296,0.8548984893693103,0.8548984893693103
CAN,BLZ,dollar,4.8927772179370494,0.03614643130261138,0.8910449206719218
MEX,BLZ,dollar,3.9084922725088513,0.02887481712985002,0.9199197378017717
GBR,BLZ,dollar,3.8153927573291244,0.02818702467990698,0.9481067624816788
USA,BLZ,pgdp,0.04772752457762318,0.8548984893693103,0.8548984893693103
CAN,BLZ,pgdp,0.00201799360958221,0.036146431302611394,0.8910449206719216
MEX,BLZ,pgdp,0.0016120317925184119,0.028874817129850024,0.9199197378017717
GBR,BLZ,pgdp,0.0015736335131119555,0.028187024679906983,0.9481067624816787
USA,BMU,dollar,980.7241232415444,0.6230376394930965,0.6230376394930965
GBR,BMU,dollar,355.41573227674365,0.22578967278229628,0.8488273122753928
CAN,BMU,dollar,147.74873896740024,0.09386230376394936,0.9426896160393421
AUS,BMU,dollar,43.91524231272853,0.027898619254775874,0.9705882352941179
USA,BMU,pgdp,0.13760300303647216,0.6230376394930963,0.6230376394930963
GBR,BMU,pgdp,0.049867512105278886,0.2257896727822962,0.8488273122753925
CAN,BMU,pgdp,0.02073026419455049,0.09386230376394931,0.9426896160393419
AUS,BMU,pgdp,0.006161640239186291,0.027898619254775863,0.9705882352941176
ARG,BOL,dollar,616.8748636529576,0.43530780950064363,0.43530780950064363
ESP,BOL,dollar,258.3360866699734,0.1822990733280065,0.6176068828286502
CHL,BOL,dollar,192.9873273606421,0.13618465540525992,0.75379153823391
USA,BOL,dollar,146.70286551597405,0.1035232699498567,0.8573148081837667
BRA,BOL,dollar,67.83132550290323,0.04786628125085281,0.9051810894346194
PER,BOL,dollar,37.81712410290577,0.026686270465562642,0.9318673599001821
ARG,BOL,pgdp,0.015266870227618542,0.43530780950064385,0.43530780950064385
ESP,BOL,pgdp,0.006393490386277291,0.18229907332800657,0.6176068828286504
CHL,BOL,pgdp,0.00477619150331825,0.13618465540526,0.7537915382339104
USA,BOL,pgdp,0.0036307097951589757,0.10352326994985674,0.8573148081837672
BRA,BOL,pgdp,0.0016787392465431516,0.04786628125085283,0.90518108943462
PER,BOL,pgdp,9.3592584181808e-4,0.026686270465562652,0.9318673599001825
USA,BRA,dollar,1145.8392202307346,0.2793354829191104,0.2793354829191104
JPN,BRA,dollar,421.144155082348,0.10266755043940586,0.38200303335851626
PRT,BRA,dollar,306.9529586767907,0.0748297417574564,0.4568327751159727
ITA,BRA,dollar,266.6300956734158,0.06499973575760876,0.5218325108735814
ESP,BRA,dollar,259.1861277821811,0.06318502708904557,0.5850175379626271
GBR,BRA,dollar,210.87176193637941,0.05140683301330958,0.6364243709759366
FRA,BRA,dollar,198.2141181038728,0.04832112169347943,0.6847454926694161
DEU,BRA,dollar,152.49753115000897,0.03717622049905222,0.7219217131684682
PRY,BRA,dollar,143.7344285882255,0.035039929959553524,0.7569616431280217
AUS,BRA,dollar,112.41384989915552,0.02740452281084761,0.7843661659388694
CHN,BRA,dollar,106.7358613360903,0.026020328894921403,0.8103864948337908
CHE,BRA,dollar,101.88599172276996,0.024838015838593346,0.8352245106723841
ARG,BRA,dollar,93.27061116270505,0.022737737329368433,0.8579622480017526
USA,BRA,pgdp,6.946067943709118e-4,0.2793354829191105,0.2793354829191105
JPN,BRA,pgdp,2.5529724097844193e-4,0.10266755043940586,0.3820030333585164
PRT,BRA,pgdp,1.8607463148819314e-4,0.07482974175745641,0.45683277511597276
ITA,BRA,pgdp,1.6163094504761933e-4,0.06499973575760877,0.5218325108735815
ESP,BRA,pgdp,1.5711841782474305e-4,0.06318502708904558,0.5850175379626271
GBR,BRA,pgdp,1.2783028892350158e-4,0.05140683301330959,0.6364243709759367
FRA,BRA,pgdp,1.2015723562635948e-4,0.048321121693479435,0.6847454926694161
DEU,BRA,pgdp,9.24438781561832e-5,0.03717622049905222,0.7219217131684683
PRY,BRA,pgdp,8.713169257925887e-5,0.03503992995955353,0.7569616431280219
AUS,BRA,pgdp,6.814518349757814e-5,0.027404522810847612,0.7843661659388695
CHN,BRA,pgdp,6.470319149326252e-5,0.026020328894921407,0.8103864948337909
CHE,BRA,pgdp,6.17632045162528e-5,0.02483801583859335,0.8352245106723842
ARG,BRA,pgdp,5.6540567895464836e-5,0.022737737329368433,0.8579622480017527
NPL,BTN,dollar,25.248961535634088,0.4376875682887269,0.4376875682887269
AUS,BTN,dollar,15.220439188896963,0.26384439643083535,0.7015319647195623
IND,BTN,dollar,8.664813430780107,0.15020344954945108,0.8517354142690133
CAN,BTN,dollar,5.357663395850192,0.09287442020653792,0.9446098344755514
NPL,BTN,pgdp,0.009121721897180364,0.43768756828872707,0.43768756828872707
AUS,BTN,pgdp,0.005498705886898445,0.2638443964308355,0.7015319647195626
IND,BTN,pgdp,0.0031303472934909554,0.15020344954945114,0.8517354142690137
CAN,BTN,pgdp,0.0019355693281355808,0.09287442020653794,0.9446098344755516
ZAF,BWA,dollar,44.656007858574306,0.7748853059984562,0.7748853059984562
GBR,BWA,dollar,3.534256817188329,0.061327552698785794,0.836212858697242
ZWE,BWA,dollar,3.419424871191475,0.05933495210864851,0.8955478108058905
AUS,BWA,dollar,1.6910989112739025,0.029344488237421463,0.9248922990433119
ZAF,BWA,pgdp,0.0023832977434667785,0.7748853059984562,0.7748853059984562
GBR,BWA,pgdp,1.886238090048998e-4,0.06132755269878579,0.8362128586972419
ZWE,BWA,pgdp,1.8249521106486577e-4,0.0593349521086485,0.8955478108058903
AUS,BWA,pgdp,9.025419898667343e-5,0.02934448823742146,0.9248922990433118
USA,CAN,dollar,510.615658219176,0.633210444191537,0.633210444191537
GBR,CAN,dollar,55.92812854907446,0.06935603041409209,0.7025664746056292
AUS,CAN,dollar,34.46405343206963,0.042738600415176464,0.7453050750208056
FRA,CAN,dollar,16.705468671816877,0.020716319736455185,0.7660213947572608
USA,CAN,pgdp,2.543575263128969e-4,0.6332104441915369,0.6332104441915369
GBR,CAN,pgdp,2.7859976873145647e-5,0.06935603041409207,0.702566474605629
AUS,CAN,pgdp,1.7167885936498147e-5,0.04273860041517646,0.7453050750208056
FRA,CAN,pgdp,8.321643919186339e-6,0.02071631973645518,0.7660213947572607
ITA,CHE,dollar,815.7176641784371,0.2701747571925966,0.2701747571925966
FRA,CHE,dollar,413.33875138016026,0.13690238877553274,0.4070771459681293
DEU,CHE,dollar,407.23398630594465,0.1348804227276291,0.5419575686957584
ESP,CHE,dollar,274.80151486001637,0.09101731617916978,0.6329748848749281
USA,CHE,dollar,208.95975117441492,0.069209792206024065,0.7021846770809522
GBR,CHE,dollar,102.97545594873279,0.0341066155969131,0.7362912926778654
CAN,CHE,dollar,89.27674630288251,0.029569450699120866,0.7658607433769863
PRT,CHE,dollar,80.84241681018956,0.026775907022381015,0.7926366503993674
AUT,CHE,dollar,69.99579070471816,0.023183383894472415,0.8158200342938398
LIE,CHE,dollar,64.64867835725974,0.02141236085108752,0.8372323951449273
TUR,CHE,dollar,64.1958284516118,0.021262371928846457,0.8584947670737737
AUS,CHE,dollar,61.091194002313884,0.02023408249078992,0.8787288495645637
ITA,CHE,pgdp,0.0010028385198097283,0.27017475719259665,0.27017475719259665
FRA,CHE,pgdp,5.081562405928325e-4,0.1369023887755328,0.40707714596812944
DEU,CHE,pgdp,5.006510781577656e-4,0.13488042272762915,0.5419575686957586
ESP,CHE,pgdp,3.3783937323613817e-4,0.09101731617916979,0.6329748848749285
USA,CHE,pgdp,2.568938945052929e-4,0.06920979220602408,0.7021846770809526
GBR,CHE,pgdp,1.265974225584128e-4,0.03410661559691311,0.7362912926778656
CAN,CHE,pgdp,1.0975630913421868e-4,0.029569450699120873,0.7658607433769865
PRT,CHE,pgdp,9.938719384411569e-5,0.026775907022381022,0.7926366503993675
AUT,CHE,pgdp,8.605241522375093e-5,0.02318338389447242,0.8158200342938399
LIE,CHE,pgdp,7.947870661443422e-5,0.02141236085108753,0.8372323951449273
TUR,CHE,pgdp,7.892197559214681e-5,0.021262371928846464,0.8584947670737737
AUS,CHE,pgdp,7.510515617973408e-5,0.020234082490789923,0.8787288495645637
ARG,CHL,dollar,23.9344867123796,0.3145381154380148,0.3145381154380148
USA,CHL,dollar,12.443141671682495,0.16352313624151757,0.47806125167953234
ESP,CHL,dollar,7.188493535219201,0.09446850632634281,0.5725297580058751
AUS,CHL,dollar,4.191946467179862,0.05508900013810691,0.627618758143982
CAN,CHL,dollar,3.425339590731335,0.045014537915559025,0.672633296059541
SWE,CHL,dollar,3.3837873036552857,0.04446847322546981,0.7171017692850108
BRA,CHL,dollar,2.1794821588294995,0.028641943280715145,0.745743712565726
DEU,CHL,dollar,2.139835357472799,0.028120919774686424,0.7738646323404124
FRA,CHL,dollar,1.9627945267867826,0.025794315076255275,0.7996589474166677
PER,CHL,dollar,1.9591538185232513,0.02574647024340668,0.8254054176600742
VEN,CHL,dollar,1.6004668435168654,0.021032739528959527,0.8464381571890338
ARG,CHL,pgdp,7.56030050598653e-5,0.31453811543801474,0.31453811543801474
USA,CHL,pgdp,3.9304745243534115e-5,0.16352313624151757,0.4780612516795323
ESP,CHL,pgdp,2.2706637482845506e-5,0.09446850632634281,0.5725297580058751
AUS,CHL,pgdp,1.3241301297886686e-5,0.05508900013810691,0.627618758143982
CAN,CHL,pgdp,1.0819783583488068e-5,0.04501453791555902,0.672633296059541
SWE,CHL,pgdp,1.0688530391898434e-5,0.04446847322546981,0.7171017692850109
BRA,CHL,pgdp,6.884434275193639e-6,0.02864194328071515,0.745743712565726
DEU,CHL,pgdp,6.7592000322538165e-6,0.028120919774686424,0.7738646323404125
FRA,CHL,pgdp,6.1999727139911416e-6,0.025794315076255275,0.7996589474166678
PER,CHL,pgdp,6.188472635105937e-6,0.025746470243406677,0.8254054176600744
VEN,CHL,pgdp,5.0554709746905725e-6,0.02103273952895953,0.8464381571890339
USA,CHN,dollar,12690.786941886785,0.23944881022427889,0.23944881022427889
HKG,CHN,dollar,11930.689602499853,0.2251073509905632,0.4645561612148421
KOR,CHN,dollar,3760.030748497137,0.07094397638673842,0.5355001376015806
JPN,CHN,dollar,3603.94278505953,0.0679989204728213,0.6034990580744019
AUS,CHN,dollar,3369.039600228155,0.06356678490996517,0.667065842984367
CAN,CHN,dollar,3310.4768631192255,0.062461827606023104,0.7295276705903901
SGP,CHN,dollar,2251.0228734867956,0.042472129688430095,0.7719998002788202
MAC,CHN,dollar,1494.0135886087035,0.028188935634126472,0.8001887359129467
GBR,CHN,dollar,1237.8569989517277,0.02335579243305146,0.8235445283459981
ITA,CHN,dollar,1214.9901078595633,0.022924341657727602,0.8464688700037257
USA,CHN,pgdp,7.121470092049376e-4,0.23944881022427908,0.23944881022427908
HKG,CHN,pgdp,6.694939373798616e-4,0.2251073509905634,0.46455616121484244
KOR,CHN,pgdp,2.109951624215619e-4,0.07094397638673847,0.5355001376015809
JPN,CHN,pgdp,2.022362433061445e-4,0.06799892047282134,0.6034990580744023
AUS,CHN,pgdp,1.8905458630595953e-4,0.06356678490996523,0.6670658429843674
CAN,CHN,pgdp,1.857683221622185e-4,0.06246182760602315,0.7295276705903906
SGP,CHN,pgdp,1.2631676934978103e-4,0.04247212968843012,0.7719998002788208
MAC,CHN,pgdp,8.383698455511552e-5,0.028188935634126493,0.8001887359129473
GBR,CHN,pgdp,6.946268688171762e-5,0.023355792433051477,0.8235445283459987
ITA,CHN,pgdp,6.817950498167709e-5,0.022924341657727623,0.8464688700037263
BFA,CIV,dollar,145.3126798748485,0.41756517205416216,0.41756517205416216
FRA,CIV,dollar,57.36721231631819,0.16484831125378782,0.58241348330795
MLI,CIV,dollar,50.47944166755593,0.14505586686079283,0.7274693501687428
GHA,CIV,dollar,19.404356706113663,0.055759645707223145,0.783228995875966
USA,CIV,dollar,18.450056815311275,0.05301740464169904,0.836246400517665
ITA,CIV,dollar,13.039951966303564,0.037471126339952754,0.8737175268576178
BEN,CIV,dollar,8.881875223734639,0.025522629953260444,0.8992401568108783
BFA,CIV,pgdp,0.00202354132621199,0.41756517205416244,0.41756517205416244
FRA,CIV,pgdp,7.988630103830321e-4,0.16484831125378796,0.5824134833079504
MLI,CIV,pgdp,7.029478530461478e-4,0.14505586686079294,0.7274693501687434
GHA,CIV,pgdp,2.702139808941481e-4,0.05575964570722319,0.7832289958759665
USA,CIV,pgdp,2.5692494604666354e-4,0.05301740464169908,0.8362464005176655
ITA,CIV,pgdp,1.8158691807459914e-4,0.03747112633995279,0.8737175268576183
BEN,CIV,pgdp,1.2368391791387122e-4,0.025522629953260465,0.8992401568108788
FRA,CMR,dollar,94.24641132101699,0.2691224642760506,0.2691224642760506
USA,CMR,dollar,65.99093447726223,0.18843839948354393,0.4575608637595945
GAB,CMR,dollar,29.434981536780526,0.08405216343056557,0.54161302719016
NGA,CMR,dollar,25.338806205672363,0.07235545494306937,0.6139684821332295
DEU,CMR,dollar,24.101254924452576,0.06882160314116441,0.6827900852743939
BEL,CMR,dollar,20.467424286568665,0.058445128935710515,0.7412352142101044
CAN,CMR,dollar,16.58269505970454,0.04735220891971273,0.7885874231298171
TCD,CMR,dollar,16.33671663646821,0.04664981273833859,0.8352372358681557
ITA,CMR,dollar,12.149078217503872,0.034691929620963825,0.8699291654891196
CHE,CMR,dollar,8.136526843001905,0.023234010971286686,0.8931631764604062
GBR,CMR,dollar,7.20840076114952,0.020583728856499277,0.9137469053169054
FRA,CMR,pgdp,0.0020946662453824646,0.2691224642760504,0.2691224642760504
USA,CMR,pgdp,0.0014666763541790367,0.1884383994835438,0.4575608637595942
GAB,CMR,pgdp,6.542048805289715e-4,0.08405216343056551,0.5416130271901597
NGA,CMR,pgdp,5.631656560006711e-4,0.07235545494306932,0.6139684821332291
DEU,CMR,pgdp,5.356605567680723e-4,0.06882160314116437,0.6827900852743933
BEL,CMR,pgdp,4.548971380667953e-4,0.058445128935710466,0.7412352142101039
CAN,CMR,pgdp,3.6855739239471377e-4,0.047352208919712695,0.7885874231298164
TCD,CMR,pgdp,3.63090418182926e-4,0.04664981273833856,0.835237235868155
ITA,CMR,pgdp,2.70018387947274e-4,0.034691929620963805,0.8699291654891187
CHE,CMR,pgdp,1.808377411276961e-4,0.023234010971286672,0.8931631764604054
GBR,CMR,pgdp,1.6020974746867669e-4,0.02058372885649926,0.9137469053169047
UGA,COD,dollar,189.52836498458674,0.1424081858089349,0.1424081858089349
FRA,COD,dollar,163.74201462572418,0.1230327884981533,0.2654409743070882
BEL,COD,dollar,147.89432167689202,0.11112511862360036,0.37656609293068855
RWA,COD,dollar,113.63175495097838,0.08538084562788416,0.46194693855857266
USA,COD,dollar,94.89781783771852,0.071304504086210585,0.5332514426447833
COG,COD,dollar,84.19412154598042,0.06326194027007567,0.596513382914859
BDI,COD,dollar,81.08733619286295,0.06092755794228421,0.6574409408571432
AGO,COD,dollar,55.11097436840925,0.041409389452634844,0.6988503303097781
ZAF,COD,dollar,52.92242192448617,0.03976495072647297,0.738615281036251
CAN,COD,dollar,43.54063461749202,0.032715645414611166,0.7713309264508622
SSD,COD,dollar,38.182979833542824,0.028690000503703954,0.8000209269545661
TZA,COD,dollar,35.38457060781347,0.02658732642101711,0.8266082533755832
GBR,COD,dollar,28.311694351964285,0.02127289511608559,0.8478811484916687
UGA,COD,pgdp,0.0034255116975839624,0.14240818580893494,0.14240818580893494
FRA,COD,pgdp,0.0029594524626010317,0.12303278849815334,0.2654409743070883
BEL,COD,pgdp,0.002673023264626585,0.1111251186236004,0.37656609293068866
RWA,COD,pgdp,0.002053765967079524,0.0853808456278842,0.46194693855857283
USA,COD,pgdp,0.001715171157123279,0.0713045040862106,0.5332514426447834
COG,COD,pgdp,0.0015217139041273132,0.0632619402700757,0.5965133829148592
BDI,COD,pgdp,0.0014655622585947202,0.06092755794228423,0.6574409408571433
AGO,COD,pgdp,9.960687804149446e-4,0.04140938945263486,0.6988503303097782
ZAF,COD,pgdp,9.565131603469715e-4,0.039764950726472986,0.7386152810362512
CAN,COD,pgdp,7.869479231490102e-4,0.03271564541461118,0.7713309264508624
SSD,COD,pgdp,6.901143482087781e-4,0.028690000503703968,0.8000209269545664
TZA,COD,pgdp,6.395362537998364e-4,0.02658732642101712,0.8266082533755835
GBR,COD,pgdp,5.117019829140744e-4,0.0212728951160856,0.847881148491669
USA,COL,dollar,2544.240828102885,0.2955577755188559,0.2955577755188559
VEN,COL,dollar,2349.999589639627,0.2729932809473905,0.5685510564662465
ESP,COL,dollar,1290.5227361612601,0.14991663719221837,0.7184676936584647
ECU,COL,dollar,521.0055608687468,0.060523847782971624,0.7789915414414365
CHL,COL,dollar,473.1205262801735,0.0549611690666666,0.8339527105081029
CAN,COL,dollar,223.3059033948423,0.025940860369268154,0.8598935708773711
USA,COL,pgdp,0.00798790098090995,0.295557775518856,0.295557775518856
VEN,COL,pgdp,0.007378060999523139,0.2729932809473905,0.5685510564662465
ESP,COL,pgdp,0.004051726438866918,0.14991663719221837,0.7184676936584649
ECU,COL,pgdp,0.0016357495661392264,0.06052384778297162,0.7789915414414363
CHL,COL,pgdp,0.0014854096649254789,0.0549611690666666,0.833952710508103
CAN,COL,pgdp,7.010914317025146e-4,0.025940860369268157,0.8598935708773712
FRA,COM,dollar,225.42057593746634,0.9263986189021757,0.9263986189021757
MDG,COM,dollar,9.135186546164215,0.0375423767976173,0.963940995699793
LBY,COM,dollar,5.242602510922787,0.021545236965942502,0.9854862326657354
FRA,COM,pgdp,0.1739236214089779,0.9263986189021755,0.9263986189021755
MDG,COM,pgdp,0.007048268418922891,0.03754237679761729,0.9639409956997927
LBY,COM,pgdp,0.004044938712961308,0.021545236965942495,0.9854862326657352
PRT,CPV,dollar,100.7223928522222,0.3227194165023755,0.3227194165023755
USA,CPV,dollar,72.8987631479693,0.23357116169166237,0.5562905781940378
FRA,CPV,dollar,51.128474993486826,0.16381810587803494,0.7201086840720728
NLD,CPV,dollar,20.200338833482693,0.0647228622840247,0.7848315463560975
LUX,CPV,dollar,14.397667084018408,0.046130821446696474,0.8309623678027941
AGO,CPV,dollar,10.30275428380828,0.03301052285082405,0.8639728906536182
ITA,CPV,dollar,9.562551802832223,0.030638878313896892,0.8946117689675149
ESP,CPV,dollar,9.149369659882366,0.029315022751036948,0.923926791718552
MOZ,CPV,dollar,7.62392636584793,0.02442742868364289,0.9483542204021949
PRT,CPV,pgdp,0.050414979661539044,0.3227194165023757,0.3227194165023757
USA,CPV,pgdp,0.03648830768792781,0.2335711616916625,0.5562905781940382
FRA,CPV,pgdp,0.02559153882199768,0.16381810587803503,0.7201086840720732
NLD,CPV,pgdp,0.010110955891808509,0.06472286228402474,0.784831546356098
LUX,CPV,pgdp,0.007206521535676403,0.0461308214466965,0.8309623678027944
AGO,CPV,pgdp,0.005156878554683474,0.033010522850824064,0.8639728906536185
ITA,CPV,pgdp,0.004786382064607232,0.03063887831389691,0.8946117689675154
ESP,CPV,pgdp,0.004579570364215142,0.029315022751036965,0.9239267917185523
MOZ,CPV,pgdp,0.003816034168680045,0.024427428683642904,0.9483542204021952
USA,CRI,dollar,394.90813696676616,0.6646879647153974,0.6646879647153974
NIC,CRI,dollar,39.96525650283327,0.0672673528791649,0.7319553175945622
PAN,CRI,dollar,34.31118939970695,0.05775073368765508,0.7897060512822174
ESP,CRI,dollar,17.153077007316593,0.028871129200255613,0.818577180482473
CAN,CRI,dollar,16.63436522869703,0.027998061658389393,0.8465752421408624
MEX,CRI,dollar,12.151478575012685,0.02045270989943583,0.8670279520402983
USA,CRI,pgdp,0.00607918296021496,0.6646879647153975,0.6646879647153975
NIC,CRI,pgdp,6.152218290530953e-4,0.06726735287916491,0.7319553175945624
PAN,CRI,pgdp,5.28183591114407e-4,0.05775073368765509,0.7897060512822175
ESP,CRI,pgdp,2.6405303840804263e-4,0.02887112920025562,0.8185771804824732
CAN,CRI,pgdp,2.5606803250244835e-4,0.0279980616583894,0.8465752421408625
MEX,CRI,pgdp,1.870588488300786e-4,0.020452709899435834,0.8670279520402984
GBR,CYM,dollar,9.129250626688513,0.652089330477751,0.652089330477751
CAN,CYM,dollar,2.0840074495363194,0.14885767496687996,0.8009470054446309
AUS,CYM,dollar,1.2314367352392372,0.08795976680280267,0.8889067722474335
HND,CYM,dollar,0.656209958158495,0.04687213986846393,0.9357789121158975
GBR,CYM,pgdp,0.0015143803890474586,0.6520893304777509,0.6520893304777509
CAN,CYM,pgdp,3.456997886530138e-4,0.14885767496687993,0.8009470054446308
AUS,CYM,pgdp,2.0427346322897228e-4,0.08795976680280265,0.8889067722474334
HND,CYM,pgdp,1.0885356666928808e-4,0.04687213986846392,0.9357789121158975
GBR,CYP,dollar,234.17980116414182,0.35184263696398077,0.35184263696398077
USA,CYP,dollar,132.9516042690866,0.1997526806414841,0.5515953176054649
GRC,CYP,dollar,93.20883569878787,0.1400412946700613,0.6916366122755262
AUS,CYP,dollar,80.21751276463445,0.12052252620206977,0.8121591384775959
ZAF,CYP,dollar,25.028807553220496,0.03760444583953095,0.849763584317127
CAN,CYP,dollar,18.819952056216085,0.028275972249004896,0.8780395565661318
GBR,CYP,pgdp,0.007942897772691387,0.3518426369639806,0.3518426369639806
USA,CYP,pgdp,0.00450944529022162,0.19975268064148405,0.5515953176054647
GRC,CYP,pgdp,0.0031614522251136984,0.14004129467006124,0.691636612275526
AUS,CYP,pgdp,0.0027208132396630514,0.12052252620206973,0.8121591384775957
ZAF,CYP,pgdp,8.48925734753068e-4,0.03760444583953094,0.8497635843171266
CAN,CYP,pgdp,6.383341113382366e-4,0.028275972249004886,0.8780395565661316
DEU,CZE,dollar,2608.8187032455176,0.594688514869763,0.594688514869763
USA,CZE,dollar,484.1575466546787,0.1103652515312262,0.7050537664009893
SVK,CZE,dollar,368.5325974469977,0.08400817687492093,0.7890619432759103
GBR,CZE,dollar,182.8833148720927,0.04168883287307095,0.8307507761489812
AUT,CZE,dollar,149.5290244839472,0.0340856163709872,0.8648363925199684
CAN,CZE,dollar,96.84889122622074,0.022077012564519376,0.8869134050844877
DEU,CZE,pgdp,0.009257984393789,0.594688514869763,0.594688514869763
USA,CZE,pgdp,0.001718142776839158,0.1103652515312262,0.7050537664009893
SVK,CZE,pgdp,0.0013078214409925346,0.08400817687492093,0.7890619432759102
GBR,CZE,pgdp,6.490028888798919e-4,0.04168883287307096,0.8307507761489812
AUT,CZE,pgdp,5.306376304986939e-4,0.0340856163709872,0.8648363925199684
CAN,CZE,pgdp,3.436902389624343e-4,0.022077012564519376,0.8869134050844877
USA,DEU,dollar,3013.599802846009,0.14764024294141548,0.14764024294141548
CHE,DEU,dollar,1990.911870668905,0.09753740758242443,0.2451776505238399
GBR,DEU,dollar,1672.1214467196899,0.08191944278337908,0.327097093307219
TUR,DEU,dollar,1577.0519164125249,0.0772618606659325,0.40435895397315147
AUT,DEU,dollar,1356.6970421779642,0.06646638373014575,0.4708253377032972
ITA,DEU,dollar,1069.2450497811856,0.0523837301703151,0.5232090678736123
ESP,DEU,dollar,1035.9014167963762,0.0507501814589774,0.5739592493325898
FRA,DEU,dollar,1027.9200846246931,0.05035916543232695,0.6243184147649167
CAN,DEU,dollar,846.9865199678384,0.04149499062817186,0.6658134053930885
RUS,DEU,dollar,765.4906471445429,0.03750239995604907,0.7033158053491376
NLD,DEU,dollar,665.9884052697738,0.032627653432063766,0.7359434587812015
GRC,DEU,dollar,629.0368309687985,0.030817346900416265,0.7667608056816176
AUS,DEU,dollar,598.7616966364811,0.029334127999324593,0.7960949336809422
POL,DEU,dollar,542.9894416908404,0.026601771413095512,0.8226967050940378
BEL,DEU,dollar,429.17995915624346,0.021026094233074378,0.8437227993271122
USA,DEU,pgdp,7.04358310486038e-4,0.14764024294141542,0.14764024294141542
CHE,DEU,pgdp,4.6532897972272795e-4,0.0975374075824244,0.24517765052383983
GBR,DEU,pgdp,3.9081919106401437e-4,0.08191944278337907,0.32709709330721887
TUR,DEU,pgdp,3.6859891693119263e-4,0.07726186066593249,0.40435895397315136
AUT,DEU,pgdp,3.1709613053711297e-4,0.06646638373014574,0.4708253377032971
ITA,DEU,pgdp,2.499109656325922e-4,0.0523837301703151,0.5232090678736123
ESP,DEU,pgdp,2.4211767304859776e-4,0.05075018145897739,0.5739592493325897
FRA,DEU,pgdp,2.4025222374820775e-4,0.05035916543232694,0.6243184147649166
CAN,DEU,pgdp,1.979632443715952e-4,0.04149499062817185,0.6658134053930884
RUS,DEU,pgdp,1.7891549448815304e-4,0.03750239995604907,0.7033158053491375
NLD,DEU,pgdp,1.556591779360024e-4,0.03262765343206376,0.7359434587812014
GRC,DEU,pgdp,1.4702261364506552e-4,0.030817346900416254,0.7667608056816175
AUS,DEU,pgdp,1.3994651069074816e-4,0.02933412799932459,0.7960949336809422
POL,DEU,pgdp,1.2691105348491442e-4,0.026601771413095502,0.8226967050940377
BEL,DEU,pgdp,1.003107548123255e-4,0.021026094233074374,0.8437227993271121
FRA,DJI,dollar,29.289180145322465,0.45060277146649946,0.45060277146649946
CAN,DJI,dollar,7.553454887214937,0.1162069982648452,0.5668097697313447
ETH,DJI,dollar,6.982932674177722,0.10742973344888802,0.6742395031802326
TUR,DJI,dollar,5.309384535950889,0.08168283901462906,0.7559223421948617
BEL,DJI,dollar,4.868937701237237,0.07490673386518826,0.83082907606005
LBY,DJI,dollar,3.9127665190521888,0.06019640798541829,0.8910254840454682
SWE,DJI,dollar,1.6700579442916346,0.025693199142948223,0.9167186831884165
GBR,DJI,dollar,1.3978002995267673,0.021504619992719496,0.938223303181136
FRA,DJI,pgdp,0.00865052924042917,0.45060277146649935,0.45060277146649935
CAN,DJI,pgdp,0.0022309051343846024,0.11620699826484517,0.5668097697313444
ETH,DJI,pgdp,0.00206240198538195,0.10742973344888798,0.6742395031802325
TUR,DJI,pgdp,0.0015681212635192375,0.08168283901462904,0.7559223421948615
BEL,DJI,pgdp,0.0014380357437593614,0.07490673386518826,0.8308290760600497
LBY,DJI,pgdp,0.0011556315682478648,0.06019640798541828,0.8910254840454681
SWE,DJI,pgdp,4.932498966726117e-4,0.025693199142948216,0.9167186831884163
GBR,DJI,pgdp,4.128388812299351e-4,0.021504619992719493,0.9382233031811359
USA,DMA,dollar,27.950733934205477,0.4858048153945613,0.4858048153945613
FRA,DMA,dollar,9.482262017887072,0.16480885832787107,0.6506136737224323
GBR,DMA,dollar,7.491528950644493,0.13020841769156616,0.7808220914139985
VIR,DMA,dollar,3.256550341360642,0.056601298596733005,0.8374233900107315
ATG,DMA,dollar,3.1320599946618537,0.054437562573243545,0.891860952583975
CAN,DMA,dollar,2.1815742031654373,0.03791740336883746,0.9297783559528126
USA,DMA,pgdp,0.05033749657979132,0.48580481539456133,0.48580481539456133
FRA,DMA,pgdp,0.01707695164705319,0.16480885832787112,0.6506136737224324
GBR,DMA,pgdp,0.013491767830431904,0.1302084176915662,0.7808220914139986
VIR,DMA,pgdp,0.005864840331421491,0.05660129859673301,0.8374233900107315
ATG,DMA,pgdp,0.005640641123775696,0.05443756257324355,0.8918609525839751
CAN,DMA,pgdp,0.003928876581520175,0.03791740336883747,0.9297783559528126
GRL,DNK,dollar,273.2860296679512,0.1831421968134206,0.1831421968134206
SWE,DNK,dollar,191.09112017601285,0.12805940934153978,0.3112016061549604
GBR,DNK,dollar,153.9695567254873,0.10318245281456916,0.41438405896952957
USA,DNK,dollar,152.43130835432044,0.10215159812257316,0.5165356570921027
NOR,DNK,dollar,123.0924530434644,0.08249021103978006,0.5990258681318827
DEU,DNK,dollar,107.03367572368552,0.07172844703722468,0.6707543151691074
ESP,DNK,dollar,76.4036674551023,0.05120179585956507,0.7219561110286725
CAN,DNK,dollar,66.90225577717142,0.04483443998104021,0.7667905510097127
AUS,DNK,dollar,48.0285681785633,0.032186268345705926,0.7989768193554186
GRL,DNK,pgdp,6.736359725720748e-4,0.1831421968134206,0.1831421968134206
SWE,DNK,pgdp,4.710297586234484e-4,0.12805940934153975,0.31120160615496034
GBR,DNK,pgdp,3.7952701869644186e-4,0.10318245281456916,0.41438405896952957
USA,DNK,pgdp,3.7573531577321723e-4,0.10215159812257314,0.5165356570921027
NOR,DNK,pgdp,3.0341655013600835e-4,0.08249021103978006,0.5990258681318827
DEU,DNK,pgdp,2.6383249202930063e-4,0.07172844703722467,0.6707543151691073
ESP,DNK,pgdp,1.883311009228182e-4,0.051201795859565066,0.7219561110286724
CAN,DNK,pgdp,1.649106110271313e-4,0.044834439981040204,0.7667905510097126
AUS,DNK,pgdp,1.1838794421918039e-4,0.03218626834570592,0.7989768193554185
USA,DOM,dollar,7951.994166778902,0.7402161602914418,0.7402161602914418
ESP,DOM,dollar,1170.3650762162654,0.1089441371166051,0.849160297408047
ITA,DOM,dollar,309.1771946203159,0.02877994513723758,0.8779402425452845
PRI,DOM,dollar,279.14344376464106,0.02598423537296059,0.903924477918245
CHL,DOM,dollar,220.92338127207674,0.02056478583535733,0.9244892637536023
USA,DOM,pgdp,0.08437717631338566,0.7402161602914418,0.7402161602914418
ESP,DOM,pgdp,0.01241853280017309,0.1089441371166051,0.8491602974080469
ITA,DOM,pgdp,0.003280623465688929,0.02877994513723758,0.8779402425452845
PRI,DOM,pgdp,0.002961940750617461,0.025984235372960587,0.9039244779182452
CHL,DOM,pgdp,0.002344178164921136,0.02056478583535733,0.9244892637536024
FRA,DZA,dollar,1446.7244736812881,0.8224253211253575,0.8224253211253575
CAN,DZA,dollar,61.430217160172155,0.034921484355759175,0.8573468054811166
ESP,DZA,dollar,52.18838438313165,0.02966774224541535,0.8870145477265321
FRA,DZA,pgdp,0.008849962317785379,0.8224253211253579,0.8224253211253579
CAN,DZA,pgdp,3.757834452454718e-4,0.034921484355759196,0.8573468054811171
ESP,DZA,pgdp,3.1924892653648605e-4,0.029667742245415362,0.8870145477265324
USA,ECU,dollar,1805.0257407025906,0.41329131134050706,0.41329131134050706
ESP,ECU,dollar,1586.46350777744,0.36324777466496655,0.7765390860054736
ITA,ECU,dollar,299.3585690722746,0.0685432305938974,0.8450823165993709
CHL,ECU,dollar,146.3845416800061,0.03351722794122589,0.8785995445405969
VEN,ECU,dollar,107.45524844722019,0.024603704833530676,0.9032032493741275
USA,ECU,pgdp,0.017001940536166216,0.4132913113405072,0.4132913113405072
ESP,ECU,pgdp,0.014943254056604597,0.36324777466496666,0.7765390860054739
ITA,ECU,pgdp,0.002819725212548773,0.06854323059389741,0.8450823165993713
CHL,ECU,pgdp,0.0013788286875558108,0.0335172279412259,0.8785995445405972
VEN,ECU,pgdp,0.0010121449812053546,0.024603704833530686,0.9032032493741278
SAU,EGY,dollar,8141.252501897732,0.2585591673356538,0.2585591673356538
ARE,EGY,dollar,8094.141750161414,0.25706297043736825,0.5156221377730221
KWT,EGY,dollar,3699.7797008867283,0.11750181665089492,0.633123954423917
USA,EGY,dollar,1838.4262918546951,0.058386835578324234,0.6915107900022412
QAT,EGY,dollar,1770.8122231061718,0.05623947099139873,0.74775026099364
ITA,EGY,dollar,1156.7064537617593,0.03673600069113473,0.7844862616847748
BHR,EGY,dollar,780.1799659251591,0.024777843742660753,0.8092641054274354
JOR,EGY,dollar,715.9668407022999,0.022738490192851016,0.8320025956202864
OMN,EGY,dollar,692.0842904042473,0.021980000965612707,0.8539825965858991
SAU,EGY,pgdp,0.01917069408455156,0.25855916733565393,0.25855916733565393
ARE,EGY,pgdp,0.019059759580380406,0.25706297043736837,0.5156221377730223
KWT,EGY,pgdp,0.008712092495522026,0.11750181665089497,0.6331239544239172
USA,EGY,pgdp,0.0043290523208716946,0.05838683557832426,0.6915107900022416
QAT,EGY,pgdp,0.004169837430105485,0.056239470991398754,0.7477502609936404
ITA,EGY,pgdp,0.0027237658536600103,0.036736000691134744,0.7844862616847751
BHR,EGY,pgdp,0.00183713641778838,0.02477784374266076,0.8092641054274358
JOR,EGY,pgdp,0.0016859299321065411,0.022738490192851027,0.8320025956202868
OMN,EGY,pgdp,0.0016296922628270096,0.021980000965612714,0.8539825965858995
FRA,ESP,dollar,1601.2207715652053,0.17791341906280062,0.17791341906280062
DEU,ESP,dollar,1111.5209755361611,0.12350233061512904,0.30141574967792967
GBR,ESP,dollar,937.0486715484293,0.10411651906093661,0.4055322687388663
USA,ESP,dollar,709.9093129799347,0.0788788125533261,0.48441108129219235
ARG,ESP,dollar,563.7785749242889,0.06264206388047656,0.5470531451726689
CHE,ESP,dollar,521.5485808836155,0.057949842320401734,0.6050029874930707
VEN,ESP,dollar,400.417972966549,0.04449088588517212,0.6494938733782428
ROU,ESP,dollar,343.62784178540915,0.03818087130948991,0.6876747446877328
BEL,ESP,dollar,303.71037138770254,0.033745596820855844,0.7214203415085886
ITA,ESP,dollar,238.92938109677752,0.026547709010753064,0.7479680505193417
BRA,ESP,dollar,222.2405735222628,0.024693397058029205,0.7726614475773709
NLD,ESP,dollar,200.42169178064177,0.022269076864515756,0.7949305244418866
FRA,ESP,pgdp,0.0011076117594253602,0.17791341906280064,0.17791341906280064
DEU,ESP,pgdp,7.688719289772626e-4,0.12350233061512905,0.30141574967792967
GBR,ESP,pgdp,6.481842767667887e-4,0.10411651906093661,0.4055322687388663
USA,ESP,pgdp,4.910652654184195e-4,0.07887881255332609,0.4844110812921924
ARG,ESP,pgdp,3.899823124876225e-4,0.06264206388047656,0.547053145172669
CHE,ESP,pgdp,3.6077057677288374e-4,0.057949842320401734,0.6050029874930707
VEN,ESP,pgdp,2.769809531695517e-4,0.04449088588517212,0.6494938733782428
ROU,ESP,pgdp,2.3769754001843908e-4,0.03818087130948991,0.6876747446877327
BEL,ESP,pgdp,2.100854452941151e-4,0.033745596820855844,0.7214203415085886
ITA,ESP,pgdp,1.6527451858891736e-4,0.026547709010753064,0.7479680505193417
BRA,ESP,pgdp,1.5373037686369442e-4,0.024693397058029202,0.7726614475773709
NLD,ESP,pgdp,1.3863761112914338e-4,0.022269076864515756,0.7949305244418866
RUS,EST,dollar,162.90022863440336,0.28072825771892534,0.28072825771892534
FIN,EST,dollar,134.32199301399868,0.23147898187903374,0.5122072395979591
USA,EST,dollar,47.074446153937274,0.08112405588783339,0.5933312954857926
GBR,EST,dollar,36.695810115275094,0.06323840626623946,0.656569701752032
DEU,EST,dollar,34.541603039030214,0.059526030879479025,0.716095732631511
UKR,EST,dollar,28.83032759918117,0.04968370949649294,0.765779442128004
SWE,EST,dollar,27.284422123297126,0.047019628822812284,0.8127990709508163
NOR,EST,dollar,13.653562315399608,0.02352937618682641,0.8363284471376426
RUS,EST,pgdp,0.004380078537164417,0.28072825771892523,0.28072825771892523
FIN,EST,pgdp,0.003611663922155546,0.23147898187903368,0.5122072395979589
USA,EST,pgdp,0.0012657426756012354,0.08112405588783336,0.5933312954857922
GBR,EST,pgdp,9.866808146138612e-4,0.06323840626623943,0.6565697017520317
DEU,EST,pgdp,9.287582674304305e-4,0.05952603087947902,0.7160957326315107
UKR,EST,pgdp,7.751928907355944e-4,0.04968370949649292,0.7657794421280035
SWE,EST,pgdp,7.336264211721832e-4,0.04701962882281227,0.8127990709508158
NOR,EST,pgdp,3.6711842429476256e-4,0.0235293761868264,0.8363284471376422
USA,ETH,dollar,144.97991093131628,0.3322062323055192,0.3322062323055192
SAU,ETH,dollar,76.45174305150455,0.17518113612555658,0.5073873684310758
ISR,ETH,dollar,39.385272947548,0.09024721459808267,0.5976345830291584
CAN,ETH,dollar,17.02216112449854,0.03900449363323249,0.636639076662391
SDN,ETH,dollar,16.201751743057244,0.03712461173921042,0.6737636884016014
ZAF,ETH,dollar,13.398295612018734,0.030700786584790758,0.7044644749863921
ITA,ETH,dollar,12.3874037634154,0.028384434131988035,0.7328489091183802
DEU,ETH,dollar,11.875920888526233,0.0272124248676409,0.7600613339860212
SWE,ETH,dollar,11.789549152198296,0.027014513109254023,0.7870758470952751
NLD,ETH,dollar,10.429332509495923,0.023897719595665157,0.8109735666909402
USA,ETH,pgdp,0.001303051027686538,0.3322062323055192,0.3322062323055192
SAU,ETH,pgdp,6.8713328427195e-4,0.17518113612555658,0.5073873684310758
ISR,ETH,pgdp,3.5398711490677057e-4,0.09024721459808267,0.5976345830291584
CAN,ETH,pgdp,1.529918483480908e-4,0.03900449363323249,0.636639076662391
SDN,ETH,pgdp,1.4561816960361146e-4,0.03712461173921042,0.6737636884016013
ZAF,ETH,pgdp,1.2042125529212127e-4,0.030700786584790758,0.704464474986392
ITA,ETH,pgdp,1.113355574617056e-4,0.028384434131988035,0.7328489091183801
DEU,ETH,pgdp,1.0673844961768063e-4,0.027212424867640896,0.7600613339860209
SWE,ETH,pgdp,1.0596215737786469e-4,0.027014513109254023,0.787075847095275
NLD,ETH,pgdp,9.37367967553896e-5,0.023897719595665154,0.8109735666909401
SWE,FIN,dollar,386.73125962917,0.45904078616647676,0.45904078616647676
USA,FIN,dollar,91.15089119045379,0.1081939349613539,0.5672347211278307
GBR,FIN,dollar,58.80857657601586,0.06980437849961063,0.6370390996274413
DEU,FIN,dollar,51.04408346616008,0.060588110270478966,0.6976272098979203
ESP,FIN,dollar,44.89828561677634,0.05329319472859459,0.7509204046265149
CAN,FIN,dollar,28.719555825850883,0.03408942814007844,0.7850098327665933
AUS,FIN,dollar,23.97263752991551,0.028454949281235632,0.8134647820478288
NOR,FIN,dollar,20.955891852936627,0.02487414407673115,0.83833892612456
EST,FIN,dollar,16.90687065047896,0.0200680524311705,0.8584069785557304
SWE,FIN,pgdp,0.0013044514303696727,0.4590407861664769,0.4590407861664769
USA,FIN,pgdp,3.0745358031536126e-4,0.10819393496135393,0.5672347211278308
GBR,FIN,pgdp,1.9836237677333616e-4,0.06980437849961064,0.6370390996274414
DEU,FIN,pgdp,1.721726031487298e-4,0.06058811027047898,0.6976272098979204
ESP,FIN,pgdp,1.514427174832195e-4,0.0532931947285946,0.750920404626515
CAN,FIN,pgdp,9.687157358972154e-5,0.03408942814007844,0.7850098327665934
AUS,FIN,pgdp,8.086013358634971e-5,0.028454949281235636,0.813464782047829
NOR,FIN,pgdp,7.068459665879434e-5,0.024874144076731157,0.8383389261245603
EST,FIN,pgdp,5.7027175988410424e-5,0.020068052431170505,0.8584069785557307
AUS,FJI,dollar,170.00689111132044,0.35143510833916825,0.35143510833916825
NZL,FJI,dollar,133.05771906562893,0.2750544616722197,0.6264895700113879
USA,FJI,dollar,104.57179832036552,0.21616889192965297,0.8426584619410409
CAN,FJI,dollar,55.82373701067939,0.11539779908920994,0.9580562610302509
GBR,FJI,dollar,13.33179301893133,0.02755923653056859,0.9856154975608195
AUS,FJI,pgdp,0.039490276887701806,0.3514351083391683,0.3514351083391683
NZL,FJI,pgdp,0.030907489299990144,0.27505446167221975,0.6264895700113879
USA,FJI,pgdp,0.024290599300543086,0.216168891929653,0.842658461941041
CAN,FJI,pgdp,0.012967091022295525,0.11539779908920995,0.958056261030251
GBR,FJI,pgdp,0.0030967932787053427,0.027559236530568597,0.9856154975608196
ESP,FRA,dollar,3089.630915505429,0.09631826054425831,0.09631826054425831
BEL,FRA,dollar,2812.0578144131305,0.08766500745279247,0.1839832679970508
USA,FRA,dollar,2723.6343839067263,0.08490843514669885,0.26889170314374966
CHE,FRA,dollar,2699.913243249554,0.08416893613574636,0.353060639279496
GBR,FRA,dollar,2464.5025916330155,0.07683008398887557,0.4298907232683716
DEU,FRA,dollar,2081.1919929316564,0.06488049805943341,0.494771221327805
ITA,FRA,dollar,1790.7816864026393,0.05582704917380045,0.5505982705016054
CAN,FRA,dollar,1689.106120128881,0.05265734575252989,0.6032556162541353
PRT,FRA,dollar,1518.6311564869172,0.04734284301308098,0.6505984592672163
ISR,FRA,dollar,952.6070404828461,0.029697221328623243,0.6802956805958394
NCL,FRA,dollar,853.0163044323667,0.02659251182608536,0.7068881924219249
LUX,FRA,dollar,749.5034433407995,0.023365531323571786,0.7302537237454967
ESP,FRA,pgdp,0.0010440214371962358,0.09631826054425832,0.09631826054425832
BEL,FRA,pgdp,9.502263283775531e-4,0.08766500745279247,0.1839832679970508
USA,FRA,pgdp,9.203470452127497e-4,0.08490843514669885,0.26889170314374966
CHE,FRA,pgdp,9.123314019083833e-4,0.08416893613574637,0.35306063927949605
GBR,FRA,pgdp,8.32783464451331e-4,0.07683008398887559,0.4298907232683716
DEU,FRA,pgdp,7.032584522110657e-4,0.06488049805943341,0.494771221327805
ITA,FRA,pgdp,6.051255056259476e-4,0.05582704917380044,0.5505982705016055
CAN,FRA,pgdp,5.707681750153089e-4,0.05265734575252989,0.6032556162541354
PRT,FRA,pgdp,5.131627453006262e-4,0.04734284301308099,0.6505984592672163
ISR,FRA,pgdp,3.218967568252267e-4,0.029697221328623243,0.6802956805958396
NCL,FRA,pgdp,2.8824391406622574e-4,0.026592511826085363,0.706888192421925
LUX,FRA,pgdp,2.5326574063367735e-4,0.02336553132357179,0.7302537237454968
FRA,GAB,dollar,8.120666467445616,0.5800476048175439,0.5800476048175439
MLI,GAB,dollar,3.0155986209339636,0.21539990149528307,0.795447506312827
COG,GAB,dollar,0.6830601621369856,0.048790011581213245,0.8442375178940402
CAN,GAB,dollar,0.29757339488904994,0.02125524249207499,0.8654927603861152
FRA,GAB,pgdp,4.0165633526455187e-4,0.5800476048175441,0.5800476048175441
MLI,GAB,pgdp,1.491545423726989e-4,0.21539990149528312,0.7954475063128272
COG,GAB,pgdp,3.378484297920583e-5,0.048790011581213266,0.8442375178940404
CAN,GAB,pgdp,1.4718279557781574e-5,0.021255242492075,0.8654927603861154
AUS,GBR,dollar,879.5978356462676,0.24967694297198131,0.24967694297198131
USA,GBR,dollar,539.470125655979,0.15313049480110666,0.402807437773088
CAN,GBR,dollar,401.21855899264665,0.11388730077911786,0.5166947385522058
ESP,GBR,dollar,275.37084065147013,0.07816498278098669,0.5948597213331925
IRL,GBR,dollar,236.3590079500444,0.06709133669650102,0.6619510580296936
NZL,GBR,dollar,212.30835277312565,0.06026447353507186,0.7222155315647655
FRA,GBR,dollar,122.43339181005875,0.03475314938942119,0.7569686809541867
AUS,GBR,pgdp,2.7999239593819733e-4,0.24967694297198123,0.24967694297198123
USA,GBR,pgdp,1.7172340233024638e-4,0.15313049480110663,0.40280743777308786
CAN,GBR,pgdp,1.277153502142076e-4,0.11388730077911781,0.5166947385522057
ESP,GBR,pgdp,8.76556743558511e-5,0.07816498278098664,0.5948597213331923
IRL,GBR,pgdp,7.523748042067976e-5,0.067091336696501,0.6619510580296932
NZL,GBR,pgdp,6.75817083235131e-5,0.06026447353507184,0.722215531564765
FRA,GBR,pgdp,3.897283204494419e-5,0.03475314938942117,0.7569686809541862
RUS,GEO,dollar,1339.8058630039156,0.5067485912765487,0.5067485912765487
GRC,GEO,dollar,252.70980634085427,0.0955812643466713,0.6023298556232201
UKR,GEO,dollar,179.13040721144398,0.06775166762270578,0.6700815232459258
AZE,GEO,dollar,133.5509863005214,0.050512373501372776,0.7205938967472986
USA,GEO,dollar,131.78102523493672,0.04984292929205396,0.7704368260393526
DEU,GEO,dollar,104.91117624166061,0.039680070253187025,0.8101168962925397
ARM,GEO,dollar,103.74653183451954,0.03923957217137267,0.8493564684639122
TUR,GEO,dollar,86.52669013956333,0.032726590879172776,0.8820830593430851
FRA,GEO,dollar,61.88496058992944,0.02340646317955382,0.9054895225226389
RUS,GEO,pgdp,0.0719190277812779,0.5067485912765486,0.5067485912765486
GRC,GEO,pgdp,0.013565132146892346,0.09558126434667129,0.6023298556232198
UKR,GEO,pgdp,0.009615486159933169,0.06775166762270578,0.6700815232459256
AZE,GEO,pgdp,0.0071688424115637665,0.05051237350137277,0.7205938967472983
USA,GEO,pgdp,0.007073833214662534,0.04984292929205395,0.7704368260393524
DEU,GEO,pgdp,0.005631494835956306,0.03968007025318702,0.8101168962925394
ARM,GEO,pgdp,0.00556897824621345,0.039239572171372666,0.8493564684639121
TUR,GEO,pgdp,0.004644639648028689,0.03272659087917277,0.8820830593430847
FRA,GEO,pgdp,0.003321903809206884,0.023406463179553815,0.9054895225226386
USA,GHA,dollar,1141.8744642445072,0.2533808098011194,0.2533808098011194
NGA,GHA,dollar,809.2716861654363,0.17957658360053128,0.4329573934016506
GBR,GHA,dollar,667.6166665376729,0.14814347540030223,0.5811008688019529
CIV,GHA,dollar,379.38813146568197,0.08418584966195022,0.6652867184639032
ITA,GHA,dollar,254.76422916060145,0.05653192948471846,0.7218186479486216
DEU,GHA,dollar,226.55859878286375,0.050273128110444175,0.7720917760590658
TGO,GHA,dollar,160.41161085497092,0.03559517716934538,0.8076869532284112
CAN,GHA,dollar,127.26603664360364,0.028240207163464766,0.8359271603918759
BFA,GHA,dollar,113.73017472688878,0.025236612844467068,0.861163773236343
USA,GHA,pgdp,0.014358789885155532,0.25338080980111943,0.25338080980111943
NGA,GHA,pgdp,0.010176391946327676,0.17957658360053136,0.4329573934016508
GBR,GHA,pgdp,0.008395114996274869,0.1481434754003023,0.581100868801953
CIV,GHA,pgdp,0.004770712223818518,0.08418584966195025,0.6652867184639032
ITA,GHA,pgdp,0.0032035973754706787,0.056531929484718475,0.7218186479486217
DEU,GHA,pgdp,0.002848918526915945,0.0502731281104442,0.772091776059066
TGO,GHA,pgdp,0.0020171364607315164,0.03559517716934538,0.8076869532284113
CAN,GHA,pgdp,0.0016003390362977021,0.028240207163464776,0.8359271603918761
BFA,GHA,pgdp,0.001430128909648465,0.025236612844467075,0.8611637732363432
CIV,GIN,dollar,76.56162017329702,0.22262109323165089,0.22262109323165089
FRA,GIN,dollar,62.26165347856469,0.18104054397535613,0.40366163720700704
USA,GIN,dollar,30.71037484051631,0.08929770823912166,0.4929593454461287
SEN,GIN,dollar,22.527168669368194,0.06550309287129832,0.558462438317427
DEU,GIN,dollar,18.031864688704527,0.052431928960206264,0.6108943672776332
GMB,GIN,dollar,17.68832521870259,0.051433006364172605,0.6623273736418059
BEL,GIN,dollar,17.436271444706218,0.050700100156163615,0.7130274737979695
MLI,GIN,dollar,16.414953581261987,0.04773037591597219,0.7607578497139417
SLE,GIN,dollar,14.106062827291339,0.04101672771158544,0.8017745774255272
LBR,GIN,dollar,10.553923205798041,0.03068803816637506,0.8324626155919022
ITA,GIN,dollar,10.52095686578765,0.03059218070363658,0.8630547962955387
ESP,GIN,dollar,8.502514249389291,0.024723079437612445,0.887777875733151
AGO,GIN,dollar,8.374154421628747,0.024349842754292552,0.9121277184874437
CIV,GIN,pgdp,0.004757798088718256,0.22262109323165086,0.22262109323165086
FRA,GIN,pgdp,0.003869149780924716,0.1810405439753561,0.40366163720700693
USA,GIN,pgdp,0.0019084465870667527,0.08929770823912164,0.4929593454461285
SEN,GIN,pgdp,0.0013999144714643287,0.06550309287129831,0.5584624383174268
DEU,GIN,pgdp,0.0011205610743053077,0.052431928960206264,0.610894367277633
GMB,GIN,pgdp,0.001099212369431053,0.0514330063641726,0.6623273736418056
BEL,GIN,pgdp,0.0010835488952065037,0.0507001001561636,0.7130274737979692
MLI,GIN,pgdp,0.001020080748011213,0.047730375915972185,0.7607578497139413
SLE,GIN,pgdp,0.00087659846548589855,0.041016727711585425,0.8017745774255267
LBR,GIN,pgdp,6.558564923700308e-4,0.030688038166375053,0.8324626155919017
ITA,GIN,pgdp,6.538078524752839e-4,0.030592180703636573,0.8630547962955384
ESP,GIN,pgdp,5.283749998168573e-4,0.02472307943761244,0.8877778757331507
AGO,GIN,pgdp,5.20398285873174e-4,0.02434984275429255,0.9121277184874432
USA,GMB,dollar,160.46956619119703,0.29333543284824204,0.29333543284824204
ITA,GMB,dollar,86.48546516313199,0.15809384895128217,0.4514292817995242
DEU,GMB,dollar,75.63915663104738,0.13826699527689892,0.5896962770764231
ESP,GMB,dollar,69.21910861807692,0.12653126489829647,0.7162275419747196
GBR,GMB,dollar,40.348657552249186,0.07375660823954905,0.7899841502142686
SWE,GMB,dollar,25.512202502514945,0.046635839689817514,0.8366199899040861
CIV,GMB,dollar,15.153268231301269,0.027699897252779597,0.8643198871568658
USA,GMB,pgdp,0.07872271773046838,0.29333543284824204,0.29333543284824204
ITA,GMB,pgdp,0.04242780125493346,0.15809384895128217,0.4514292817995242
DEU,GMB,pgdp,0.03710684909400147,0.13826699527689892,0.5896962770764231
ESP,GMB,pgdp,0.03395731962534854,0.1265312648982965,0.7162275419747196
GBR,GMB,pgdp,0.019794133272002894,0.07375660823954905,0.7899841502142686
SWE,GMB,pgdp,0.012515706024250527,0.04663583968981752,0.8366199899040861
CIV,GMB,pgdp,0.007433848585628217,0.027699897252779597,0.8643198871568657
PRT,GNB,dollar,62.902338328414004,0.3533839231933372,0.3533839231933372
SEN,GNB,dollar,30.12953532024855,0.16926705236094697,0.5226509755542842
FRA,GNB,dollar,15.574295064761591,0.08749603968967189,0.610147015243956
ESP,GNB,dollar,14.903024554651775,0.08372485704860551,0.6938718722925615
GMB,GNB,dollar,12.544217793300994,0.07047313367023032,0.764345005962792
CPV,GNB,dollar,5.989236291511582,0.03364739489613249,0.7979924008589244
ITA,GNB,dollar,5.744007400604135,0.032269704497776046,0.8302621053567005
LUX,GNB,dollar,5.71712389348611,0.03211867355891074,0.8623807789156113
GBR,GNB,dollar,4.077005377249923,0.02290452459129171,0.8852853035069029
GIN,GNB,dollar,4.015087630514073,0.022556672081539744,0.9078419755884427
DEU,GNB,dollar,3.875062240072469,0.0217700125846768,0.9296119881731196
PRT,GNB,pgdp,0.03838978480531303,0.353383923193337,0.353383923193337
SEN,GNB,pgdp,0.018388289020186317,0.16926705236094688,0.5226509755542839
FRA,GNB,pgdp,0.00950511303584668,0.08749603968967185,0.6101470152439558
ESP,GNB,pgdp,0.009095431438721891,0.08372485704860547,0.6938718722925612
GMB,GNB,pgdp,0.007655833382878725,0.0704731336702303,0.7643450059627915
CPV,GNB,pgdp,0.0036552773472244616,0.03364739489613248,0.797992400858924
ITA,GNB,pgdp,0.0035056122536816685,0.03226970449777603,0.8302621053567
LUX,GNB,pgdp,0.0034892050408419054,0.032118673558910724,0.8623807789156107
GBR,GNB,pgdp,0.002488227993458044,0.022904524591291695,0.8852853035069025
GIN,GNB,pgdp,0.002450439112535864,0.022556672081539733,0.9078419755884423
DEU,GNB,pgdp,0.002364980531039778,0.021770012584676788,0.9296119881731191
DEU,GRC,dollar,251.89787511903452,0.3656702166330036,0.3656702166330036
USA,GRC,dollar,87.98936780848082,0.12773069710383167,0.4934009137368352
AUS,GRC,dollar,71.49819033812099,0.10379110477789343,0.5971920185147287
GBR,GRC,dollar,47.046124144607816,0.06829500407485556,0.6654870225895843
CAN,GRC,dollar,46.2501435871467,0.06713951047355018,0.7326265330631344
ALB,GRC,dollar,19.25822497233019,0.027956406120025118,0.7605829391831594
TUR,GRC,dollar,19.239384486407797,0.0279290561292185,0.7885119953123779
CYP,GRC,dollar,15.732491559872601,0.022838237893658197,0.8113502332060362
NLD,GRC,dollar,15.313799572812064,0.022230439238990783,0.833580672445027
SWE,GRC,dollar,13.880798493597128,0.02015020805472917,0.8537308804997561
DEU,GRC,pgdp,0.0011734310706463518,0.3656702166330036,0.3656702166330036
USA,GRC,pgdp,4.0988618115262256e-4,0.12773069710383164,0.4934009137368352
AUS,GRC,pgdp,3.330643341000467e-4,0.10379110477789343,0.5971920185147287
GBR,GRC,pgdp,2.1915779876539645e-4,0.06829500407485556,0.6654870225895843
CAN,GRC,pgdp,2.1544983450680986e-4,0.06713951047355017,0.7326265330631344
ALB,GRC,pgdp,8.971175138873611e-5,0.027956406120025114,0.7605829391831596
TUR,GRC,pgdp,8.962398561636919e-5,0.0279290561292185,0.788511995312378
CYP,GRC,pgdp,7.328761469826708e-5,0.022838237893658197,0.8113502332060363
NLD,GRC,pgdp,7.133719655196342e-5,0.02223043923899078,0.8335806724450271
SWE,GRC,pgdp,6.46617611604344e-5,0.02015020805472916,0.8537308804997562
USA,GRD,dollar,37.77409138603238,0.5106968753744333,0.5106968753744333
GBR,GRD,dollar,12.645952569748856,0.17097031924617181,0.6816671946206051
CAN,GRD,dollar,11.20780908586229,0.15152695590871382,0.833194150529319
TTO,GRD,dollar,8.246502605101494,0.11149078531508286,0.9446849358444019
USA,GRD,pgdp,0.033642760407937636,0.5106968753744332,0.5106968753744332
GBR,GRD,pgdp,0.011262871900381952,0.17097031924617184,0.6816671946206051
CAN,GRD,pgdp,0.009982017354704569,0.15152695590871382,0.8331941505293189
TTO,GRD,pgdp,0.007344587286339058,0.11149078531508287,0.9446849358444017
USA,GTM,dollar,14078.189039483696,0.9144418433617623,0.9144418433617623
MEX,GTM,dollar,417.7621855557481,0.02713553724666046,0.9415773806084227
USA,GTM,pgdp,0.16359889118215337,0.9144418433617612,0.9144418433617612
MEX,GTM,pgdp,0.004854703267804671,0.027135537246660426,0.9415773806084217
USA,GUY,dollar,234.26311134320966,0.5966533538528396,0.5966533538528396
CAN,GUY,dollar,77.83395519789059,0.1982381696639204,0.79489152351676
GBR,GUY,dollar,25.70081207233406,0.06545834566857489,0.860349869185335
SUR,GUY,dollar,10.227301988524395,0.02604829244062617,0.8863981616259612
TTO,GUY,dollar,8.352581931847087,0.021273498821015504,0.9076716604469767
FRA,GUY,dollar,7.855388645262214,0.020007178911521227,0.9276788393584979
USA,GUY,pgdp,0.029132267410617536,0.59665335385284,0.59665335385284
CAN,GUY,pgdp,0.009679200380502838,0.1982381696639206,0.7948915235167606
GBR,GUY,pgdp,0.0031960769481300826,0.06545834566857493,0.8603498691853355
SUR,GUY,pgdp,0.001271837015697817,0.026048292440626196,0.8863981616259616
TTO,GUY,pgdp,0.001038702376197715,0.021273498821015518,0.9076716604469771
FRA,GUY,pgdp,9.768728901275252e-4,0.020007178911521248,0.9276788393584984
USA,HKG,dollar,105.68586607722624,0.2293404905840288,0.2293404905840288
CAN,HKG,dollar,102.41063376961597,0.22223316950047797,0.45157366008450683
CHN,HKG,dollar,95.37816929144945,0.206972577774249,0.6585462378587559
GBR,HKG,dollar,56.49366099016147,0.1225923996015143,0.7811386374602701
AUS,HKG,dollar,47.68111958661088,0.10346900454596798,0.884607642006238
SGP,HKG,dollar,30.987689795786824,0.06724392053179995,0.9518515625380379
MAC,HKG,dollar,10.282226072153405,0.02231264084036017,0.974164203378398
USA,HKG,pgdp,2.8648035696179414e-4,0.2293404905840289,0.2293404905840289
CAN,HKG,pgdp,2.776022566495786e-4,0.22223316950047806,0.4515736600845069
CHN,HKG,pgdp,2.585395095784221e-4,0.20697257777424904,0.658546237858756
GBR,HKG,pgdp,1.5313612659155308e-4,0.12259239960151434,0.7811386374602703
AUS,HKG,pgdp,1.2924816407833503e-4,0.10346900454596801,0.8846076420062384
SGP,HKG,pgdp,8.399765042973232e-5,0.06724392053179998,0.9518515625380384
MAC,HKG,pgdp,2.7871804479133843e-5,0.022312640840360175,0.9741642033783985
USA,HND,dollar,5933.108989924236,0.8236509177365118,0.8236509177365118
ESP,HND,dollar,647.2686430717126,0.0898556579347265,0.9135065756712383
MEX,HND,dollar,212.94099495126773,0.029561069283100636,0.9430676449543389
USA,HND,pgdp,0.20826167830171213,0.8236509177365127,0.8236509177365127
ESP,HND,pgdp,0.02272017152341375,0.0898556579347266,0.9135065756712393
MEX,HND,pgdp,0.007474571773938326,0.02956106928310067,0.9430676449543399
DEU,HRV,dollar,2057.9695432171275,0.4079483596331374,0.4079483596331374
SRB,HRV,dollar,1289.6916383163932,0.2556537291904114,0.6636020888235489
AUS,HRV,dollar,262.36426064349297,0.05200809220361794,0.7156101810271668
AUT,HRV,dollar,252.71267471673642,0.05009487212722967,0.7657050531543964
CAN,HRV,dollar,201.38859949971794,0.03992097409094497,0.8056260272453414
SVN,HRV,dollar,198.7317314267969,0.03939430693220003,0.8450203341775414
USA,HRV,dollar,181.28553360816528,0.03593597208686501,0.8809563062644065
CHE,HRV,dollar,135.54688197926933,0.026869264581237458,0.907825570845644
DEU,HRV,pgdp,0.029790571843763995,0.4079483596331374,0.4079483596331374
SRB,HRV,pgdp,0.018669203115370205,0.25565372919041135,0.6636020888235488
AUS,HRV,pgdp,0.003797909148702775,0.05200809220361794,0.7156101810271667
AUT,HRV,pgdp,0.0036581955825302523,0.05009487212722967,0.7657050531543963
CAN,HRV,pgdp,0.0029152431150816023,0.03992097409094498,0.8056260272453413
SVN,HRV,pgdp,0.0028767830613521256,0.03939430693220003,0.8450203341775413
USA,HRV,pgdp,0.002624236948009753,0.03593597208686501,0.8809563062644064
CHE,HRV,pgdp,0.0019621374568494225,0.02686926458123746,0.9078255708456437
USA,HTI,dollar,2065.0310260337797,0.49209656758255144,0.49209656758255144
DOM,HTI,dollar,912.3846218323048,0.21742111138209938,0.7095176789646508
CHL,HTI,dollar,481.48566386069723,0.11473795770571604,0.8242556366703668
FRA,HTI,dollar,268.86522754965563,0.0640705412904159,0.8883261779607826
CAN,HTI,dollar,258.06246740876054,0.061496245253826895,0.9498224232146096
USA,HTI,pgdp,0.09891219917401213,0.49209656758255127,0.49209656758255127
DOM,HTI,pgdp,0.04370199202833015,0.21742111138209932,0.7095176789646506
CHL,HTI,pgdp,0.023062513484212267,0.11473795770571601,0.8242556366703666
FRA,HTI,pgdp,0.01287828153818867,0.06407054129041588,0.8883261779607825
CAN,HTI,pgdp,0.012360843906882198,0.06149624525382688,0.9498224232146093
DEU,HUN,dollar,1020.2709254416282,0.2926121293979907,0.2926121293979907
GBR,HUN,dollar,452.34008335788127,0.12973043894798986,0.42234256834598055
AUT,HUN,dollar,408.3077603515358,0.11710203655413567,0.5394446049001163
USA,HUN,dollar,317.63374224838907,0.09109686787136731,0.6305414727714834
CAN,HUN,dollar,187.60585866286365,0.05380507120411883,0.6843465439756024
CHE,HUN,dollar,134.0649673563745,0.038449626072447785,0.7227961700480501
AUS,HUN,dollar,89.60920194212008,0.02569978104843924,0.7484959510964893
NLD,HUN,dollar,86.54300948890247,0.02482040177720136,0.7733163528736906
ESP,HUN,dollar,82.39624444200962,0.023631115951028032,0.7969474688247186
SWE,HUN,dollar,78.73912107104265,0.02258225860307744,0.819529727427796
RUS,HUN,dollar,76.57299052637586,0.02196101570040958,0.8414907431282055
SVK,HUN,dollar,71.31374407349188,0.020452671921093235,0.8619434150492987
DEU,HUN,pgdp,0.005603112150425431,0.29261212939799086,0.29261212939799086
GBR,HUN,pgdp,0.002484156074613146,0.12973043894798994,0.4223425683459808
AUT,HUN,pgdp,0.002242339868842587,0.11710203655413576,0.5394446049001166
USA,HUN,pgdp,0.0017443773376240063,0.09109686787136737,0.630541472771484
CAN,HUN,pgdp,0.0010302916999324289,0.053805071204118864,0.6843465439756028
CHE,HUN,pgdp,7.362564479780105e-4,0.038449626072447805,0.7227961700480505
AUS,HUN,pgdp,4.92114786054976e-4,0.025699781048439257,0.7484959510964898
NLD,HUN,pgdp,4.752759055559263e-4,0.02482040177720138,0.7733163528736913
ESP,HUN,pgdp,4.5250274889741665e-4,0.023631115951028046,0.7969474688247192
SWE,HUN,pgdp,4.324186007711725e-4,0.02258225860307745,0.8195297274277966
RUS,HUN,pgdp,4.2052266992420015e-4,0.021961015700409595,0.8414907431282062
SVK,HUN,pgdp,3.9164000065723e-4,0.020452671921093245,0.8619434150492994
SAU,IDN,dollar,3530.192030555195,0.3754554007379331,0.3754554007379331
MYS,IDN,dollar,2372.297049572062,0.2523068806759544,0.6277622814138875
ARE,IDN,dollar,701.1568016854495,0.07457189458204516,0.7023341759959327
SGP,IDN,dollar,387.01853111217565,0.04116155620828237,0.743495732204215
HKG,IDN,dollar,312.677121767195,0.03325493713615991,0.776750669340375
BGD,IDN,dollar,257.057024919654,0.02733943294538876,0.8040901022857638
NLD,IDN,dollar,236.8201486066945,0.025187129489938703,0.8292772317757026
USA,IDN,dollar,234.95501803144583,0.02498876256216327,0.8542659943378658
KWT,IDN,dollar,231.77999542453725,0.02465108138932311,0.8789170757271888
AUS,IDN,dollar,195.945288764778,0.02083986261345663,0.8997569383406454
SAU,IDN,pgdp,0.0029752851227841833,0.37545540073793315,0.37545540073793315
MYS,IDN,pgdp,0.0019993983492468856,0.25230688067595447,0.6277622814138877
ARE,IDN,pgdp,5.909427540307402e-4,0.07457189458204516,0.7023341759959328
SGP,IDN,pgdp,3.2618352426532117e-4,0.04116155620828238,0.7434957322042152
HKG,IDN,pgdp,2.635277572938729e-4,0.03325493713615991,0.7767506693403752
BGD,IDN,pgdp,2.166505208019311e-4,0.027339432945388768,0.8040901022857638
NLD,IDN,pgdp,1.9959465627546148e-4,0.025187129489938707,0.8292772317757026
USA,IDN,pgdp,1.9802270347386999e-4,0.024988762562163275,0.8542659943378659
KWT,IDN,pgdp,1.9534675909320328e-4,0.024651081389323117,0.878917075727189
AUS,IDN,pgdp,1.651448695978749e-4,0.020839862613456633,0.8997569383406456
ARE,IND,dollar,19821.051397340067,0.2217736239384491,0.2217736239384491
USA,IND,dollar,15808.031164243877,0.17687277472560184,0.39864639866405094
SAU,IND,dollar,13052.346700822845,0.14603999408078822,0.5446863927448392
OMN,IND,dollar,6413.218653436419,0.071756170415517,0.6164425631603562
KWT,IND,dollar,6356.267055921723,0.071118950829294,0.6875615139896502
GBR,IND,dollar,4457.918851044189,0.04987872736923891,0.737440241358889
QAT,IND,dollar,4431.656382225644,0.04958488206473397,0.787025123423623
AUS,IND,dollar,3907.611281306092,0.04372145036233117,0.8307465737859541
CAN,IND,dollar,3833.726681221248,0.04289477093016654,0.8736413447161206
BHR,IND,dollar,1833.0860318306893,0.0205100185716989,0.8941513632878196
ARE,IND,pgdp,0.0062917843909889104,0.2217736239384491,0.2217736239384491
USA,IND,pgdp,0.005017933798648202,0.17687277472560187,0.39864639866405094
SAU,IND,pgdp,0.004143198541376742,0.14603999408078824,0.5446863927448392
OMN,IND,pgdp,0.0020357441293505315,0.07175617041551703,0.6164425631603563
KWT,IND,pgdp,0.0020176660180989286,0.07111895082929401,0.6875615139896504
GBR,IND,pgdp,0.0014150744923177513,0.049878727369238915,0.7374402413588893
QAT,IND,pgdp,0.0014067380126795658,0.049584882064733986,0.7870251234236233
AUS,IND,pgdp,0.0012403906923460783,0.04372145036233117,0.8307465737859544
CAN,IND,pgdp,0.0012169375483009211,0.04289477093016655,0.873641344716121
BHR,IND,pgdp,5.818753935505097e-4,0.0205100185716989,0.8941513632878199
GBR,IRL,dollar,87.24147499580961,0.48506663425046964,0.48506663425046964
USA,IRL,dollar,29.242671330326182,0.1625906045189555,0.6476572387694252
AUS,IRL,dollar,21.01704654500699,0.11685575043248264,0.7645129892019078
CAN,IRL,dollar,7.310547995390618,0.0406469848294171,0.8051599740313248
ESP,IRL,dollar,5.298241885322438,0.02945846982621121,0.834618443857536
DEU,IRL,dollar,4.441166295803165,0.024693089924893413,0.8593115337824293
GBR,IRL,pgdp,1.6993157776240005e-4,0.4850666342504701,0.4850666342504701
USA,IRL,pgdp,5.69597576999737e-5,0.16259060451895563,0.6476572387694257
AUS,IRL,pgdp,4.093763751094742e-5,0.11685575043248275,0.7645129892019085
CAN,IRL,pgdp,1.42397060024965e-5,0.04064698482941714,0.8051599740313257
ESP,IRL,pgdp,1.0320075434108834e-5,0.029458469826211243,0.834618443857537
DEU,IRL,pgdp,8.650637736091409e-6,0.024693089924893434,0.8593115337824303
DEU,IRQ,dollar,82.9237394644916,0.13820623244081934,0.13820623244081934
TUR,IRQ,dollar,82.6023409400939,0.13767056823348983,0.2758768006743092
USA,IRQ,dollar,79.64577931087732,0.13274296551812886,0.40861976619243806
JOR,IRQ,dollar,47.245760610631564,0.0787429343510526,0.4873627005434906
SYR,IRQ,dollar,46.02074185208831,0.07670123642014717,0.5640639369636378
SWE,IRQ,dollar,44.177140556184675,0.07362856759364113,0.6376925045572789
AUS,IRQ,dollar,29.359382575540497,0.048932304292567494,0.6866248088498464
LBN,IRQ,dollar,23.23144775006159,0.038719079583435984,0.7253438884332823
CAN,IRQ,dollar,21.418567531759027,0.03569761255293171,0.7610415009862141
GBR,IRQ,dollar,18.993513991431175,0.031655856652385295,0.7926973576385995
LBY,IRQ,dollar,18.55086217142147,0.030918103619035787,0.8236154612576352
NLD,IRQ,dollar,13.93741889168139,0.02322903148613565,0.8468444927437708
IRN,IRQ,dollar,13.10025148266499,0.021833752471108317,0.8686782452148791
ISR,IRQ,dollar,12.774939356076683,0.021291565593461136,0.8899698108083401
DEU,IRQ,pgdp,3.992638110537253e-4,0.13820623244081942,0.13820623244081942
TUR,IRQ,pgdp,3.977163313989634e-4,0.1376705682334899,0.2758768006743093
USA,IRQ,pgdp,3.834809861128081e-4,0.13274296551812895,0.4086197661924382
JOR,IRQ,pgdp,2.2748036399890286e-4,0.07874293435105266,0.48736270054349085
SYR,IRQ,pgdp,2.2158210541448723e-4,0.07670123642014723,0.5640639369636381
SWE,IRQ,pgdp,2.1270547630659144e-4,0.07362856759364116,0.6376925045572792
AUS,IRQ,pgdp,1.413604723206449e-4,0.04893230429256752,0.6866248088498467
LBN,IRQ,pgdp,1.1185550030527616e-4,0.038719079583436004,0.7253438884332827
CAN,IRQ,pgdp,1.0312678800144509e-4,0.03569761255293173,0.7610415009862144
GBR,IRQ,pgdp,9.145056446433325e-5,0.031655856652385315,0.7926973576385997
LBY,IRQ,pgdp,8.931927065428238e-5,0.030918103619035808,0.8236154612576355
NLD,IRQ,pgdp,6.710631984134937e-5,0.02322903148613566,0.8468444927437713
IRN,IRQ,pgdp,6.307550004990729e-5,0.02183375247110833,0.8686782452148797
ISR,IRQ,pgdp,6.150917706106936e-5,0.02129156559346115,0.8899698108083408
DNK,ISL,dollar,40.18639794446909,0.2112235952332073,0.2112235952332073
USA,ISL,dollar,39.31031046606421,0.20661879469390085,0.41784238992710815
NOR,ISL,dollar,35.23092972396036,0.1851771748736085,0.6030195648007166
SWE,ISL,dollar,27.82931995676827,0.14627359790460803,0.7492931627053246
ESP,ISL,dollar,8.629657376180003,0.045358314003317614,0.7946514767086422
DEU,ISL,dollar,7.401953356667864,0.03890538290852403,0.8335568596171663
DNK,ISL,pgdp,0.001570030156275213,0.2112235952332072,0.2112235952332072
USA,ISL,pgdp,0.0015358025610940906,0.20661879469390076,0.417842389927108
NOR,ISL,pgdp,0.0013764264758604327,0.1851771748736084,0.6030195648007164
SWE,ISL,pgdp,0.0010872552354937127,0.14627359790460798,0.7492931627053244
ESP,ISL,pgdp,3.371494588205604e-4,0.04535831400331759,0.794651476708642
DEU,ISL,pgdp,2.8918466395942656e-4,0.038905382908524015,0.8335568596171661
USA,ISR,dollar,3005.4194455284087,0.39026353012964665,0.39026353012964665
PSE,ISR,dollar,1298.6962621227515,0.1686399509314052,0.5589034810610519
CAN,ISR,dollar,605.1603784178394,0.07858205147615108,0.637485532537203
DEU,ISR,dollar,425.8521209217788,0.055298288653652626,0.6927838211908556
GBR,ISR,dollar,414.38223468956943,0.05380888646793527,0.7465927076587909
AUS,ISR,dollar,258.8653345235127,0.03361450909278181,0.7802072167515727
FRA,ISR,dollar,176.18138173453747,0.02287772779308369,0.8030849445446563
USA,ISR,pgdp,0.006152008464804024,0.3902635301296467,0.3902635301296467
PSE,ISR,pgdp,0.0026583944579435547,0.16863995093140527,0.5589034810610519
CAN,ISR,pgdp,0.00123874615110038,0.07858205147615109,0.637485532537203
DEU,ISR,pgdp,8.717072276095932e-4,0.055298288653652626,0.6927838211908557
GBR,ISR,pgdp,8.482286954213898e-4,0.053808886467935274,0.7465927076587909
AUS,ISR,pgdp,5.298900064024097e-4,0.03361450909278181,0.7802072167515728
FRA,ISR,pgdp,3.6063829738786394e-4,0.02287772779308369,0.8030849445446565
DEU,ITA,dollar,2069.888143832536,0.20177448921277583,0.20177448921277583
USA,ITA,dollar,1059.7464927014285,0.10330500606856041,0.3050794952813362
FRA,ITA,dollar,998.4745263853989,0.09733216171785646,0.4024116569991927
CHE,ITA,dollar,882.2471742104447,0.08600221875087448,0.4884138757500671
CAN,ITA,dollar,804.88513380517,0.07846090004061314,0.5668747757906802
GBR,ITA,dollar,754.5955830723316,0.07355863107400593,0.6404334068646862
ESP,ITA,dollar,607.3309780412212,0.05920314981391447,0.6996365566786006
AUS,ITA,dollar,565.2411800903199,0.05510019985117525,0.7547367565297759
ARG,ITA,dollar,479.53761923350027,0.04674574250181237,0.8014824990315882
BEL,ITA,dollar,376.9216078346053,0.036742644823921825,0.8382251438555101
ROU,ITA,dollar,235.34515737982784,0.022941649799051653,0.8611667936545617
DEU,ITA,pgdp,9.603443771302517e-4,0.20177448921277583,0.20177448921277583
USA,ITA,pgdp,4.91679508615834e-4,0.1033050060685604,0.3050794952813362
FRA,ITA,pgdp,4.6325179453735103e-4,0.09733216171785644,0.4024116569991926
CHE,ITA,pgdp,4.0932700422318167e-4,0.08600221875087448,0.4884138757500671
CAN,ITA,pgdp,3.7343414656906306e-4,0.07846090004061312,0.5668747757906802
GBR,ITA,pgdp,3.501018291109487e-4,0.07355863107400593,0.6404334068646861
ESP,ITA,pgdp,2.81777008847919e-4,0.05920314981391447,0.6996365566786006
AUS,ITA,pgdp,2.622490450218859e-4,0.05510019985117524,0.7547367565297758
ARG,ITA,pgdp,2.224860592711226e-4,0.04674574250181236,0.8014824990315882
BEL,ITA,pgdp,1.7487638053360555e-4,0.036742644823921825,0.8382251438555101
ROU,ITA,pgdp,1.0919063392289148e-4,0.022941649799051646,0.8611667936545616
USA,JAM,dollar,2709.9063789350903,0.7310836342649449,0.7310836342649449
CAN,JAM,dollar,474.3604237406275,0.12797384634226286,0.8590574806072079
GBR,JAM,dollar,383.7787928817877,0.1035365637849408,0.9625940443921486
USA,JAM,pgdp,0.18488080884868136,0.7310836342649444,0.7310836342649444
CAN,JAM,pgdp,0.03236279286572029,0.12797384634226278,0.8590574806072072
GBR,JAM,pgdp,0.02618294646578822,0.10353656378494074,0.9625940443921479
SAU,JOR,dollar,1481.674725873803,0.2870209143758597,0.2870209143758597
ARE,JOR,dollar,1115.172598943542,0.21602437663699536,0.503045291012855
USA,JOR,dollar,609.5836161288411,0.11808478867496384,0.6211300796878189
KWT,JOR,dollar,351.50503296947096,0.06809139294126502,0.689221472629084
PSE,JOR,dollar,294.8092792821757,0.057108640262562724,0.7463301128916466
QAT,JOR,dollar,234.11111520459312,0.045350565261175715,0.7916806781528224
OMN,JOR,dollar,123.67711126395021,0.02395796927791245,0.8156386474307349
LBY,JOR,dollar,119.65435956060072,0.023178706561177174,0.838817353991912
BHR,JOR,dollar,106.29834690640678,0.020591461940289442,0.8594088159322014
SAU,JOR,pgdp,0.03200430967978195,0.28702091437585964,0.28702091437585964
ARE,JOR,pgdp,0.02408783019629924,0.21602437663699528,0.5030452910128549
USA,JOR,pgdp,0.013167061896667859,0.11808478867496379,0.6211300796878187
KWT,JOR,pgdp,0.007592540881415471,0.068091392941265,0.6892214726290838
PSE,JOR,pgdp,0.006367907413049633,0.057108640262562696,0.7463301128916464
QAT,JOR,pgdp,0.005056821513958294,0.045350565261175695,0.7916806781528222
OMN,JOR,pgdp,0.002671436922066684,0.023957969277912442,0.8156386474307347
LBY,JOR,pgdp,0.002584545117117429,0.023178706561177164,0.8388173539919118
BHR,JOR,pgdp,0.0022960540214622574,0.020591461940289435,0.8594088159322012
USA,JPN,dollar,2327.740527885805,0.439945543029273,0.439945543029273
BRA,JPN,dollar,400.56645880521324,0.07570750525121152,0.5156530482804845
AUS,JPN,dollar,309.48761616223885,0.058493502915034114,0.5741465511955186
DEU,JPN,dollar,238.42750044991752,0.04506306218495207,0.6192096133804708
GBR,JPN,dollar,195.41688615275623,0.03693400835085758,0.6561436217313283
CAN,JPN,dollar,191.88625381513958,0.03626671492085477,0.6924103366521831
KOR,JPN,dollar,145.74498915001521,0.027545964692910374,0.7199563013450935
FRA,JPN,dollar,137.44500077346825,0.025977257678656874,0.7459335590237504
IDN,JPN,dollar,127.82298437441945,0.02415868590100221,0.7700922449247525
MYS,JPN,dollar,122.67251350144244,0.023185241190166517,0.7932774861149191
USA,JPN,pgdp,4.623467441704625e-4,0.439945543029273,0.439945543029273
BRA,JPN,pgdp,7.956238929288757e-5,0.07570750525121152,0.5156530482804846
AUS,JPN,pgdp,6.147188227360223e-5,0.058493502915034114,0.5741465511955187
DEU,JPN,pgdp,4.735758871451365e-5,0.045063062184952075,0.6192096133804708
GBR,JPN,pgdp,3.881461871986155e-5,0.03693400835085758,0.6561436217313283
CAN,JPN,pgdp,3.81133479611131e-5,0.03626671492085478,0.6924103366521832
KOR,JPN,pgdp,2.894855350302802e-5,0.027545964692910378,0.7199563013450936
FRA,JPN,pgdp,2.729997087254274e-5,0.025977257678656877,0.7459335590237505
IDN,JPN,pgdp,2.5388800833975084e-5,0.024158685901002213,0.7700922449247527
MYS,JPN,pgdp,2.43657901459116e-5,0.023185241190166517,0.7932774861149192
RUS,KAZ,dollar,184.19788532006982,0.5938829914160432,0.5938829914160432
DEU,KAZ,dollar,86.81276490461859,0.27989802610961395,0.8737810175256571
UKR,KAZ,dollar,15.78024026338574,0.05087797982370377,0.9246589973493607
RUS,KAZ,pgdp,9.344821557801383e-4,0.5938829914160428,0.5938829914160428
DEU,KAZ,pgdp,4.404229698746878e-4,0.2798980261096138,0.8737810175256565
UKR,KAZ,pgdp,8.005712396987282e-5,0.05087797982370374,0.9246589973493603
USA,KEN,dollar,1294.051364351692,0.343241537580572,0.343241537580572
GBR,KEN,dollar,1017.632225286957,0.26992255432923035,0.6131640919098024
CAN,KEN,dollar,216.6403779384599,0.05746292494570869,0.6706270168555112
AUS,KEN,dollar,198.45426139645704,0.05263913604794432,0.7232661529034555
UGA,KEN,dollar,154.47958112624835,0.040975041958354295,0.7642411948618099
DEU,KEN,dollar,129.63511828114449,0.0343851554498005,0.7986263503116103
MOZ,KEN,dollar,111.79140623017166,0.02965218786501741,0.8282785381766277
TZA,KEN,dollar,109.51307941527855,0.029047871513597508,0.8573264096902252
ZAF,KEN,dollar,106.808881856344,0.028330594785934273,0.8856570044761596
USA,KEN,pgdp,0.011795881534565511,0.3432415375805724,0.3432415375805724
GBR,KEN,pgdp,0.009276192202196746,0.26992255432923057,0.613164091909803
CAN,KEN,pgdp,0.0019747780529916115,0.05746292494570876,0.6706270168555117
AUS,KEN,pgdp,0.0018090031214758589,0.052639136047944374,0.7232661529034561
UGA,KEN,pgdp,0.001408153407718437,0.04097504195835434,0.7642411948618104
DEU,KEN,pgdp,0.0011816845452111274,0.03438515544980054,0.798626350311611
MOZ,KEN,pgdp,0.0010190307902764274,0.02965218786501744,0.8282785381766286
TZA,KEN,pgdp,9.98262779093991e-4,0.02904787151359754,0.857326409690226
ZAF,KEN,pgdp,9.736127575183527e-4,0.028330594785934304,0.8856570044761604
RUS,KGZ,dollar,2017.5236911022544,0.7224798410310658,0.7224798410310658
DEU,KGZ,dollar,383.77821475732844,0.13743185510628428,0.8599116961373501
TUR,KGZ,dollar,109.7140145276158,0.039288839146907666,0.8992005352842577
UKR,KGZ,dollar,76.89269926441153,0.027535451199906615,0.9267359864841642
RUS,KGZ,pgdp,0.21813109236210232,0.7224798410310651,0.7224798410310651
DEU,KGZ,pgdp,0.04149342165298552,0.13743185510628417,0.8599116961373493
TUR,KGZ,pgdp,0.011862085160083233,0.03928883914690763,0.8992005352842569
UKR,KGZ,pgdp,0.008313502616692009,0.027535451199906594,0.9267359864841636
THA,KHM,dollar,636.8150346669563,0.5521015315130506,0.5521015315130506
USA,KHM,dollar,212.98477762246486,0.18465208186522572,0.7367536133782764
FRA,KHM,dollar,89.07796032455256,0.07722819915042457,0.813981812528701
KOR,KHM,dollar,65.1160169096151,0.05645383777823304,0.87043565030693415
AUS,KHM,dollar,50.146725655605536,0.04347586430540851,0.9139115146123425
CAN,KHM,dollar,30.834966974167838,0.026733088202755276,0.9406446028150978
THA,KHM,pgdp,0.023619806026292354,0.5521015315130505,0.5521015315130505
USA,KHM,pgdp,0.00789971790886907,0.1846520818652257,0.7367536133782763
FRA,KHM,pgdp,0.003303948602884442,0.07722819915042456,0.8139818125287009
KOR,KHM,pgdp,0.00241518746399297,0.056453837778233026,0.8704356503069339
AUS,KHM,pgdp,0.0018599685440193036,0.0434758643054085,0.9139115146123424
CAN,KHM,pgdp,0.0011436852133019635,0.02673308820275527,0.9406446028150978
NZL,KIR,dollar,7.535869664760961,0.502391310984064,0.502391310984064
AUS,KIR,dollar,3.0478577224136436,0.20319051482757622,0.7055818258116402
FJI,KIR,dollar,1.806381951163243,0.12042546341088285,0.8260072892225231
GBR,KIR,dollar,0.746746121531451,0.0497830747687634,0.8757903639912865
MHL,KIR,dollar,0.5475031553015856,0.03650021035343903,0.9122905743447255
SLB,KIR,dollar,0.4909774380607766,0.03273182920405177,0.9450224035487773
NZL,KIR,pgdp,0.03310868171155688,0.5023913109840642,0.5023913109840642
AUS,KIR,pgdp,0.013390697520337873,0.2031905148275763,0.7055818258116405
FJI,KIR,pgdp,0.00793630035166777,0.12042546341088291,0.8260072892225234
GBR,KIR,pgdp,0.0032808130656421883,0.04978307476876341,0.8757903639912868
MHL,KIR,pgdp,0.0024054433677003204,0.03650021035343905,0.9122905743447259
SLB,KIR,pgdp,0.002157098841600721,0.032731829204051786,0.9450224035487776
USA,KNA,dollar,21.082587796229603,0.5671053566354316,0.5671053566354316
GBR,KNA,dollar,7.7481205697632785,0.20841846937574465,0.7755238260111763
VIR,KNA,dollar,4.822245752664826,0.12971469270189676,0.905238518713073
CAN,KNA,dollar,1.6585417092875205,0.04461349321208321,0.9498520119251562
SXM,KNA,dollar,0.746114047892249,0.020069892619933062,0.9699219045450893
USA,KNA,pgdp,0.024554821434656187,0.5671053566354316,0.5671053566354316
GBR,KNA,pgdp,0.009024210826658989,0.20841846937574465,0.7755238260111762
VIR,KNA,pgdp,0.005616453943661047,0.12971469270189673,0.9052385187130728
CAN,KNA,pgdp,0.0019316981343612753,0.0446134932120832,0.949852011925156
SXM,KNA,pgdp,8.689966048266213e-4,0.02006989261993306,0.9699219045450892
USA,KOR,dollar,3722.5007229086623,0.48317810063454464,0.48317810063454464
JPN,KOR,dollar,1558.26416811896,0.2022616453517508,0.6854397459862954
CHN,KOR,dollar,494.7029233320191,0.06421210811401816,0.7496518541003135
CAN,KOR,dollar,458.54327180484484,0.05951860956424345,0.809170463664557
AUS,KOR,dollar,387.61384676365196,0.050312017699910644,0.8594824813644677
USA,KOR,pgdp,0.002047093597184397,0.48317810063454514,0.48317810063454514
JPN,KOR,pgdp,8.569273288913375e-4,0.20226164535175098,0.6854397459862962
CHN,KOR,pgdp,2.7204915787634303e-4,0.06421210811401822,0.7496518541003144
CAN,KOR,pgdp,2.5216408689108925e-4,0.05951860956424352,0.8091704636645579
AUS,KOR,pgdp,2.1315827261139667e-4,0.0503120176999107,0.8594824813644687
ARE,KWT,dollar,6.825889838268002,0.29677781905513045,0.29677781905513045
USA,KWT,dollar,3.413119232639786,0.14839648837564284,0.4451743074307733
PSE,KWT,dollar,1.954751674760696,0.08498920325046502,0.5301635106812383
CAN,KWT,dollar,1.6356899374878457,0.07111695380381937,0.6012804644850577
GBR,KWT,dollar,1.239953676476614,0.05391102941202668,0.6551914938970843
IND,KWT,dollar,1.1746457271285773,0.0510715533534164,0.7062630472505007
LBY,KWT,dollar,1.1493202017325448,0.04997044355358889,0.7562334908040895
TUR,KWT,dollar,0.9562878506824705,0.041577732638368274,0.7978112234424578
AUS,KWT,dollar,0.7438126750173318,0.03233968152249268,0.8301509049649505
BHR,KWT,dollar,0.7077188159883406,0.030770383303840892,0.8609212882687913
QAT,KWT,dollar,0.6866260512487726,0.02985330657603359,0.8907745948448249
ARE,KWT,pgdp,4.968465742826374e-5,0.2967778190551304,0.2967778190551304
USA,KWT,pgdp,2.4843597516738605e-5,0.14839648837564284,0.44517430743077324
PSE,KWT,pgdp,1.4228352583910654e-5,0.08498920325046501,0.5301635106812382
CAN,KWT,pgdp,1.1905948693652348e-5,0.07111695380381937,0.6012804644850576
GBR,KWT,pgdp,9.025442118516343e-6,0.053911029412026676,0.6551914938970843
IND,KWT,pgdp,8.550075072229094e-6,0.051071553353416385,0.7062630472505006
LBY,KWT,pgdp,8.365734263439842e-6,0.049970443553588886,0.7562334908040896
TUR,KWT,pgdp,6.960679909833567e-6,0.04157773263836827,0.7978112234424579
AUS,KWT,pgdp,5.4141040691646766e-6,0.03233968152249268,0.8301509049649506
BHR,KWT,pgdp,5.151382129079205e-6,0.030770383303840892,0.8609212882687914
QAT,KWT,pgdp,4.997850968288261e-6,0.02985330657603358,0.890774594844825
THA,LAO,dollar,154.53452770528324,0.6885260727489886,0.6885260727489886
USA,LAO,dollar,38.72475151492022,0.1725375000310491,0.8610635727800376
BGD,LAO,dollar,12.601883117405846,0.05614748510194973,0.9172110578819873
FRA,LAO,dollar,9.934918386194,0.04426486715365948,0.9614759250356468
THA,LAO,pgdp,0.00820806865507559,0.6885260727489886,0.6885260727489886
USA,LAO,pgdp,0.002056856961386635,0.17253750003104912,0.8610635727800376
BGD,LAO,pgdp,6.693463483330585e-4,0.05614748510194974,0.9172110578819874
FRA,LAO,pgdp,5.276910824225156e-4,0.044264867153659494,0.9614759250356468
SAU,LBN,dollar,1113.6815065841897,0.17418882942352498,0.17418882942352498
USA,LBN,dollar,1001.5719193438057,0.15665397978015363,0.33084280920367864
AUS,LBN,dollar,719.0076248090711,0.11245863002270594,0.44330143922638454
CAN,LBN,dollar,702.4318316587598,0.10986604139790693,0.5531674806242914
DEU,LBN,dollar,668.6914159702371,0.10458876645143406,0.6577562470757256
FRA,LBN,dollar,398.50906491131053,0.06233005318052946,0.7200863002562551
ARE,LBN,dollar,325.658261533644,0.05093559606878267,0.7710218963250377
SWE,LBN,dollar,223.27830368702604,0.034922539455828946,0.8059444357808666
SAU,LBN,pgdp,0.048144748414235945,0.17418882942352482,0.17418882942352482
USA,LBN,pgdp,0.04329822107172225,0.1566539797801535,0.3308428092036783
AUS,LBN,pgdp,0.031082891293151973,0.11245863002270584,0.4433014392263842
CAN,LBN,pgdp,0.030366315336498226,0.10986604139790682,0.553167480624291
DEU,LBN,pgdp,0.028907708171781996,0.10458876645143395,0.657756247075725
FRA,LBN,pgdp,0.017227653110442557,0.06233005318052941,0.7200863002562544
ARE,LBN,pgdp,0.014078293459899072,0.05093559606878262,0.771021896325037
SWE,LBN,pgdp,0.009652380589797114,0.03492253945582891,0.8059444357808659
USA,LBR,dollar,221.5144502024167,0.6552405628894982,0.6552405628894982
GHA,LBR,dollar,25.915869058648454,0.07665923651591232,0.7318997994054105
CIV,LBR,dollar,20.620134257489568,0.06099443338973235,0.7928942327951428
NGA,LBR,dollar,15.742295530792536,0.046565768397247416,0.8394600011923903
AUS,LBR,dollar,6.875563505325247,0.020337942275526797,0.8597979434679172
USA,LBR,pgdp,0.0631275150192125,0.6552405628894981,0.6552405628894981
GHA,LBR,pgdp,0.007385542621444415,0.0766592365159123,0.7318997994054104
CIV,LBR,pgdp,0.0058763563002250125,0.06099443338973235,0.7928942327951427
NGA,LBR,pgdp,0.004486262619205625,0.04656576839724742,0.8394600011923902
AUS,LBR,pgdp,0.0019594082374822593,0.020337942275526797,0.859797943467917
USA,LCA,dollar,31.2950520827532,0.49994807461622004,0.49994807461622004
GBR,LCA,dollar,10.409686472810312,0.1662979405076029,0.666246015123823
FRA,LCA,dollar,7.795187983519922,0.12453052365361081,0.7907765387774338
CAN,LCA,dollar,5.712744190804326,0.09126284408843054,0.8820393828658644
VIR,LCA,dollar,2.4921911007109285,0.03981351873393311,0.9218529015997974
BRB,LCA,dollar,1.6169354691145383,0.02583104103565275,0.9476839426354501
USA,LCA,pgdp,0.0159578169260498,0.4999480746162198,0.4999480746162198
GBR,LCA,pgdp,0.005308055425229058,0.16629794050760285,0.6662460151238228
FRA,LCA,pgdp,0.003974883391029991,0.12453052365361075,0.7907765387774335
CAN,LCA,pgdp,0.0029130140349710463,0.09126284408843051,0.8820393828658639
VIR,LCA,pgdp,0.001270805660419171,0.03981351873393309,0.921852901599797
BRB,LCA,pgdp,8.24499672636309e-4,0.02583104103565274,0.9476839426354499
SAU,LKA,dollar,1475.5966110618197,0.26722140729116595,0.26722140729116595
QAT,LKA,dollar,487.0359684364957,0.08819919747129577,0.35542060476246173
IND,LKA,dollar,436.07797798601126,0.07897102100434823,0.43439162576681
AUS,LKA,dollar,419.92218133577995,0.07604530629043456,0.5104369320572445
CAN,LKA,dollar,401.5350569971741,0.07271551195167941,0.583152444008924
GBR,LKA,dollar,359.46738276904443,0.06509731669124305,0.648249760700167
ARE,LKA,dollar,356.2736131031657,0.0645189447850716,0.7127687054852386
ITA,LKA,dollar,263.5029112788411,0.047718745251510486,0.7604874507367491
USA,LKA,dollar,158.03806774015007,0.028619715273478803,0.7891071660102279
FRA,LKA,dollar,154.7578749560683,0.02802569267585443,0.8171328586860823
DEU,LKA,dollar,150.12888506155736,0.027187411275182403,0.8443202699612646
KWT,LKA,dollar,114.6749619045771,0.02076692537207117,0.8650871953333358
SAU,LKA,pgdp,0.016664360487910316,0.267221407291166,0.267221407291166
QAT,LKA,pgdp,0.005500245045130598,0.0881991974712958,0.3554206047624618
IND,LKA,pgdp,0.004924760989230453,0.07897102100434825,0.43439162576681006
AUS,LKA,pgdp,0.0047423086731092495,0.07604530629043457,0.5104369320572446
CAN,LKA,pgdp,0.004534657296020446,0.07271551195167944,0.5831524440089241
GBR,LKA,pgdp,0.004059574280126913,0.06509731669124308,0.6482497607001672
ARE,LKA,pgdp,0.0040235060697308075,0.06451894478507161,0.7127687054852387
ITA,LKA,pgdp,0.0029758183708518244,0.04771874525151049,0.7604874507367493
USA,LKA,pgdp,0.0017847718759258636,0.028619715273478806,0.7891071660102281
FRA,LKA,pgdp,0.0017477276630197044,0.028025692675854433,0.8171328586860825
DEU,LKA,pgdp,0.0016954510748798633,0.027187411275182406,0.8443202699612651
KWT,LKA,pgdp,0.0012950591576244787,0.020766925372071178,0.8650871953333362
ZAF,LSO,dollar,476.77787077200225,0.9551319545491033,0.9551319545491033
MOZ,LSO,dollar,14.348212146341297,0.028743859041590634,0.9838758135906939
ZAF,LSO,pgdp,0.20299035882596064,0.9551319545491028,0.9551319545491028
MOZ,LSO,pgdp,0.0061088169368700065,0.028743859041590616,0.9838758135906935
GBR,LTU,dollar,175.0016976049843,0.2249155388102458,0.2249155388102458
RUS,LTU,dollar,86.36929252231526,0.11100347156725524,0.33591901037750105
POL,LTU,dollar,80.91877958026257,0.10399836777722729,0.43991737815472826
DEU,LTU,dollar,73.79592735731754,0.09484394146300043,0.5347613196177287
IRL,LTU,dollar,57.336467067116466,0.0736899273570768,0.6084512469748055
NOR,LTU,dollar,54.77765383290681,0.07040129150289146,0.678852538477697
USA,LTU,dollar,43.98949003238041,0.05653613643767868,0.7353886749153757
ESP,LTU,dollar,31.38634655344419,0.040338334673114304,0.7757270095884901
UKR,LTU,dollar,30.182686546165097,0.03879136774201288,0.8145183773305029
BLR,LTU,dollar,20.826965580495795,0.02676721568663366,0.8412855930171366
SWE,LTU,dollar,20.790493554571515,0.02672034113927483,0.8680059341564114
DNK,LTU,dollar,17.57284587063344,0.02258495861191208,0.8905908927683234
LVA,LTU,dollar,15.563688639575403,0.020002751196999267,0.9105936439653226
GBR,LTU,pgdp,0.00261982770812225,0.22491553881024565,0.22491553881024565
RUS,LTU,pgdp,0.001292974118408968,0.11100347156725515,0.3359190103775008
POL,LTU,pgdp,0.001211378310914002,0.10399836777722721,0.43991737815472803
DEU,LTU,pgdp,0.0011047470846463998,0.09484394146300036,0.5347613196177283
IRL,LTU,pgdp,8.583440455950889e-4,0.07368992735707676,0.6084512469748051
NOR,LTU,pgdp,8.200378468402407e-4,0.07040129150289141,0.6788525384776966
USA,LTU,pgdp,6.585358109675583e-4,0.05653613643767864,0.7353886749153753
ESP,LTU,pgdp,4.6986298694681034e-4,0.040338334673114276,0.7757270095884895
UKR,LTU,pgdp,4.5184383695349853e-4,0.038791367742012854,0.8145183773305024
BLR,LTU,pgdp,3.1178589836912103e-4,0.02676721568663364,0.841285593017136
SWE,LTU,pgdp,3.11239901242262e-4,0.026720341139274812,0.8680059341564108
DNK,LTU,pgdp,2.6307075389842347e-4,0.02258495861191206,0.8905908927683229
LVA,LTU,pgdp,2.329930697620034e-4,0.020002751196999253,0.9105936439653223
DEU,LUX,dollar,656.0707289341664,0.2885859770921274,0.2885859770921274
FRA,LUX,dollar,441.6516365524133,0.19426940335514464,0.48285538044727205
BEL,LUX,dollar,407.30828615682344,0.1791627861972206,0.6620181666444926
ITA,LUX,dollar,124.94490328067278,0.054959542326346485,0.7169777089708392
PRT,LUX,dollar,123.79004281901162,0.05445155359885824,0.7714292625696975
USA,LUX,dollar,106.5496259270702,0.04686800759564098,0.8182972701653384
GBR,LUX,dollar,91.1239897605963,0.04008272959276238,0.8583799997581008
CHE,LUX,dollar,67.72431707312874,0.02978991037627451,0.8881699101343753
NLD,LUX,dollar,52.40866761728924,0.023053012252204314,0.9112229223865796
DEU,LUX,pgdp,0.00766580104232347,0.2885859770921273,0.2885859770921273
FRA,LUX,pgdp,0.005160439913738458,0.1942694033551446,0.4828553804472719
BEL,LUX,pgdp,0.004759158040232087,0.17916278619722056,0.6620181666444924
ITA,LUX,pgdp,0.0014599077928046042,0.054959542326346464,0.7169777089708389
PRT,LUX,pgdp,0.001446413926761956,0.05445155359885823,0.7714292625696971
USA,LUX,pgdp,0.001244969783696708,0.04686800759564097,0.818297270165338
GBR,LUX,pgdp,0.0010647302872699074,0.04008272959276237,0.8583799997581004
CHE,LUX,pgdp,7.913188586438688e-4,0.029789910376274504,0.888169910134375
NLD,LUX,pgdp,6.123644923163679e-4,0.023053012252204307,0.9112229223865793
RUS,LVA,dollar,296.643538793254,0.2251726895366258,0.2251726895366258
GBR,LVA,dollar,273.16851595562997,0.20735354521686516,0.43252623475349095
DEU,LVA,dollar,143.4819801399367,0.10891261444486584,0.5414388491983568
IRL,LVA,dollar,92.03100575918772,0.06985781376482238,0.6112966629631792
USA,LVA,dollar,83.29697313528602,0.06322808697412613,0.6745247499373054
UKR,LVA,dollar,65.8149005173732,0.049958000842927536,0.7244827507802328
NOR,LVA,dollar,43.247470009154114,0.0328277810372361,0.757310531817469
BLR,LVA,dollar,34.307025485369046,0.026041373528536766,0.7833519053460057
SWE,LVA,dollar,32.77891222248279,0.02488143128027327,0.808233336626279
ESP,LVA,dollar,30.381085804236417,0.02306131739599679,0.8312946540222758
RUS,LVA,pgdp,0.0075207917719649275,0.22517268953662575,0.22517268953662575
GBR,LVA,pgdp,0.006925630457067931,0.2073535452168651,0.4325262347534909
DEU,LVA,pgdp,0.003637692902570683,0.10891261444486583,0.5414388491983567
IRL,LVA,pgdp,0.002333258407363283,0.06985781376482238,0.6112966629631791
USA,LVA,pgdp,0.00211182482764964,0.06322808697412613,0.6745247499373053
UKR,LVA,pgdp,0.0016686025399283266,0.04995800084292753,0.7244827507802328
NOR,LVA,pgdp,0.001096451377051004,0.032827781037236096,0.7573105318174689
BLR,LVA,pgdp,8.697846446970118e-4,0.026041373528536766,0.7833519053460057
SWE,LVA,pgdp,8.31042450274381e-4,0.024881431280273265,0.8082333366262789
ESP,LVA,pgdp,7.702504530162983e-4,0.02306131739599679,0.8312946540222758
HKG,MAC,dollar,9.700087084022153,0.5105308991590605,0.5105308991590605
SGP,MAC,dollar,2.932974765389584,0.1543670929152412,0.6648979920743017
CHN,MAC,dollar,2.466017785034148,0.1297904097386393,0.7946884018129411
USA,MAC,dollar,2.3808972853181474,0.12531038343779718,0.9199987852507383
CAN,MAC,dollar,0.8068849819939411,0.042467630631260044,0.9624664158819984
AUS,MAC,dollar,0.400183666352407,0.021062298229074045,0.9835287141110726
HKG,MAC,pgdp,3.132158690654709e-4,0.5105308991590608,0.5105308991590608
SGP,MAC,pgdp,9.470577244628952e-5,0.15436709291524128,0.664897992074302
CHN,MAC,pgdp,7.962772880077106e-5,0.1297904097386394,0.7946884018129414
USA,MAC,pgdp,7.687918736367921e-5,0.12531038343779724,0.9199987852507386
CAN,MAC,pgdp,2.6054320820212124e-5,0.042467630631260064,0.9624664158819988
AUS,MAC,pgdp,1.292193294314236e-5,0.021062298229074055,0.9835287141110728
FRA,MAR,dollar,3416.4771303706348,0.31915286074379806,0.31915286074379806
ESP,MAR,dollar,2494.527042926672,0.2330281783172499,0.5521810390610479
ITA,MAR,dollar,1492.277449045237,0.1394022552214706,0.6915832942825185
BEL,MAR,dollar,795.9908234835592,0.07435810009740348,0.7659413943799219
NLD,MAR,dollar,609.0035374021071,0.056890537752228264,0.8228319321321501
DEU,MAR,dollar,441.2114682867536,0.04121611148657471,0.8640480436187249
ISR,MAR,dollar,420.38938311984845,0.03927100025237545,0.9033190438711004
USA,MAR,dollar,304.3906688235444,0.02843489039489436,0.9317539342659947
CAN,MAR,dollar,251.16507072842631,0.02346277987032786,0.9552167141363225
FRA,MAR,pgdp,0.024090609222760948,0.31915286074379756,0.31915286074379756
ESP,MAR,pgdp,0.017589661482743935,0.23302817831724956,0.5521810390610471
ITA,MAR,pgdp,0.010522497738185465,0.1394022552214704,0.6915832942825175
BEL,MAR,pgdp,0.005612771033349733,0.0743581000974034,0.7659413943799209
NLD,MAR,pgdp,0.00429426736225266,0.05689053775222819,0.8228319321321491
DEU,MAR,pgdp,0.0031111149472098703,0.041216111486574655,0.8640480436187238
ISR,MAR,pgdp,0.0029642921534906155,0.0392710002523754,0.9033190438710993
USA,MAR,pgdp,0.002146350282428889,0.02843489039489432,0.9317539342659936
CAN,MAR,pgdp,0.0017710405597444242,0.02346277987032783,0.9552167141363214
RUS,MDA,dollar,553.9349466286828,0.26572338814498625,0.26572338814498625
ROU,MDA,dollar,527.0831566212069,0.2528425459775628,0.518565934122549
UKR,MDA,dollar,263.462196130128,0.12638319324298697,0.644949127365536
USA,MDA,dollar,101.93316839198127,0.04889748703222214,0.6938466143977582
ITA,MDA,dollar,96.88747140185427,0.046477058951398684,0.7403236733491568
DEU,MDA,dollar,74.44785054439889,0.03571274065152995,0.7760364140006869
FRA,MDA,dollar,67.64098018342521,0.032447475179492376,0.8084838891801792
GBR,MDA,dollar,65.87516272030344,0.03160041001055507,0.8400842991907344
ESP,MDA,dollar,47.32629254072845,0.022702490389531208,0.8627867895802656
PRT,MDA,dollar,43.166266570647956,0.0207069199669236,0.8834937095471891
RUS,MDA,pgdp,0.04045615218844919,0.2657233881449863,0.2657233881449863
ROU,MDA,pgdp,0.03849505529487675,0.2528425459775629,0.5185659341225491
UKR,MDA,pgdp,0.01924173003962556,0.126383193242987,0.6449491273655362
USA,MDA,pgdp,0.007444599403982216,0.04889748703222216,0.6938466143977583
ITA,MDA,pgdp,0.007076091357014363,0.0464770589513987,0.740323673349157
DEU,MDA,pgdp,0.005437233361169501,0.035712740651529955,0.776036414000687
FRA,MDA,pgdp,0.004940099564274052,0.03244747517949239,0.8084838891801793
GBR,MDA,pgdp,0.0048111346371470355,0.03160041001055508,0.8400842991907345
ESP,MDA,pgdp,0.003456434198989455,0.02270249038953121,0.8627867895802657
PRT,MDA,pgdp,0.003152610356897953,0.020706919966923604,0.8834937095471892
FRA,MDG,dollar,522.608260868062,0.8502679671621777,0.8502679671621777
DEU,MDG,dollar,14.471139237837459,0.023544109543617117,0.8738120767057947
CAN,MDG,dollar,13.305229903180955,0.021647210022306133,0.8954592867281008
COM,MDG,dollar,12.572516078336038,0.02045510660371935,0.9159143933318202
FRA,MDG,pgdp,0.03590636136367799,0.8502679671621778,0.8502679671621778
DEU,MDG,pgdp,9.9425515003306e-4,0.02354410954361712,0.8738120767057949
CAN,MDG,pgdp,9.141500980809044e-4,0.021647210022306136,0.895459286728101
COM,MDG,pgdp,8.638082084840113e-4,0.02045510660371935,0.9159143933318203
LKA,MDV,dollar,1.6435156548467755,0.3366014798404289,0.3366014798404289
IND,MDV,dollar,1.008520970019612,0.2065509080838995,0.5431523879243284
AUS,MDV,dollar,0.9264956122220348,0.1897516419876607,0.7329040299119891
GBR,MDV,dollar,0.4984340612293273,0.10208216886641582,0.8349861987784049
DEU,MDV,dollar,0.12409636298862584,0.02541565046953008,0.860401849247935
CHE,MDV,dollar,0.12061646832222989,0.024702947982673088,0.885104797230608
LKA,MDV,pgdp,3.127904599225862e-4,0.33660147984042865,0.33660147984042865
IND,MDV,pgdp,1.919396004070415e-4,0.20655090808389936,0.5431523879243281
AUS,MDV,pgdp,1.763287059715937e-4,0.18975164198766056,0.7329040299119887
GBR,MDV,pgdp,9.486092742301186e-5,0.10208216886641576,0.8349861987784044
DEU,MDV,pgdp,2.3617760098276215e-5,0.025415650469530062,0.8604018492479344
CHE,MDV,pgdp,2.295547382800298e-5,0.02470294798267307,0.8851047972306074
USA,MEX,dollar,52595.342546182175,0.9716466702571406,0.9716466702571406
USA,MEX,pgdp,0.04007088605963278,0.971646670257141,0.971646670257141
USA,MHL,dollar,30.203956031448897,0.9743211623048031,0.9743211623048031
USA,MHL,pgdp,0.11716729020314286,0.9743211623048031,0.9743211623048031
DEU,MKD,dollar,127.76253431826679,0.26104368178202664,0.26104368178202664
CHE,MKD,dollar,75.04058406479297,0.1533224935766363,0.41436617535866294
AUS,MKD,dollar,45.32134546218967,0.09260031468453445,0.5069664900431974
SRB,MKD,dollar,40.20471572704949,0.08214604597811428,0.5891125360213116
TUR,MKD,dollar,34.1492350007606,0.06977352227869557,0.6588860583000072
USA,MKD,dollar,32.57333884318459,0.06655366023326201,0.7254397185332692
AUT,MKD,dollar,28.122260394697054,0.05745924212161618,0.7828989606548854
SVN,MKD,dollar,18.247214366286308,0.03728260437113319,0.8201815650260186
ITA,MKD,dollar,14.068197226641846,0.028744060374773124,0.8489256254007918
CAN,MKD,dollar,10.470242076583409,0.021392738923069785,0.8703183643238616
DEU,MKD,pgdp,0.00912696709386235,0.26104368178202664,0.26104368178202664
CHE,MKD,pgdp,0.005360671225865426,0.1533224935766363,0.414366175358663
AUS,MKD,pgdp,0.0032376191572135392,0.09260031468453445,0.5069664900431974
SRB,MKD,pgdp,0.0028721026818768008,0.08214604597811431,0.5891125360213116
TUR,MKD,pgdp,0.0024395175455434923,0.06977352227869558,0.6588860583000072
USA,MKD,pgdp,0.0023269403142738717,0.06655366023326202,0.7254397185332692
AUT,MKD,pgdp,0.0020089687997894624,0.05745924212161619,0.7828989606548854
SVN,MKD,pgdp,0.001303525528547192,0.0372826043711332,0.8201815650260186
ITA,MKD,pgdp,0.0010049892469859044,0.028744060374773128,0.8489256254007918
CAN,MKD,pgdp,7.4796226771534e-4,0.02139273892306979,0.8703183643238616
CIV,MLI,dollar,377.53228577904144,0.3585301859250157,0.3585301859250157
FRA,MLI,dollar,153.69699910946477,0.14596106278201787,0.5044912487070335
NGA,MLI,dollar,122.4446134621013,0.11628168419952643,0.62077293290656
MRT,MLI,dollar,82.03043162276938,0.07790164446606782,0.6986745773726277
NER,MLI,dollar,66.24928048617957,0.0629147962831715,0.7615893736557993
GAB,MLI,dollar,50.27610020478621,0.04774558424006289,0.8093349578958621
ESP,MLI,dollar,33.82088769402315,0.032118601798692456,0.8414535596945545
GIN,MLI,dollar,28.063932842407834,0.026651408207414854,0.8681049679019693
ITA,MLI,dollar,27.141507191404884,0.02577541043818128,0.8938803783401507
SEN,MLI,dollar,23.520096106884587,0.02233627360577834,0.9162166519459289
BFA,MLI,dollar,22.560875173010842,0.021425332547968516,0.9376419844938975
COG,MLI,dollar,21.405194427366574,0.020327819969009096,0.9579698044629066
CIV,MLI,pgdp,0.01955167141862284,0.35853018592501557,0.35853018592501557
FRA,MLI,pgdp,0.00795967216000006,0.14596106278201781,0.5044912487070334
NGA,MLI,pgdp,0.006341171178118587,0.11628168419952638,0.6207729329065598
MRT,MLI,pgdp,0.004248198381515035,0.07790164446606779,0.6986745773726276
NER,MLI,pgdp,0.0034309228973970637,0.06291479628317148,0.761589373655799
GAB,MLI,pgdp,0.0026037025929725303,0.04774558424006287,0.809334957895862
ESP,MLI,pgdp,0.0017515187659121116,0.03211860179869244,0.8414535596945544
GIN,MLI,pgdp,0.0014533771396976422,0.026651408207414844,0.8681049679019692
ITA,MLI,pgdp,0.0014056064882438106,0.025775410438181275,0.8938803783401505
SEN,MLI,pgdp,0.001218060568958541,0.022336273605778334,0.9162166519459288
BFA,MLI,pgdp,0.0011683843605297328,0.021425332547968506,0.9376419844938974
COG,MLI,pgdp,0.0011085338760684113,0.02032781996900909,0.9579698044629065
AUS,MLT,dollar,114.31558599294117,0.4020286632444724,0.4020286632444724
GBR,MLT,dollar,86.01041900805654,0.302484158031094,0.7045128212755665
USA,MLT,dollar,35.97323191412166,0.1265117981367016,0.831024619412268
CAN,MLT,dollar,23.141116417177926,0.0813834090808687,0.9124080284931367
AUS,MLT,pgdp,0.00632024596416533,0.4020286632444724,0.4020286632444724
GBR,MLT,pgdp,0.004755318348675617,0.3024841580310941,0.7045128212755665
USA,MLT,pgdp,0.0019888772982999017,0.1265117981367016,0.8310246194122681
CAN,MLT,pgdp,0.0012794191305722743,0.0813834090808687,0.9124080284931367
THA,MMR,dollar,974.7413961889071,0.487370698094454,0.487370698094454
BGD,MMR,dollar,398.18910746980043,0.1990945537349004,0.6864652518293544
MYS,MMR,dollar,206.6255397131911,0.10331276985659564,0.78977802168595
SAU,MMR,dollar,184.64506934184874,0.09232253467092445,0.8821005563568745
USA,MMR,dollar,124.51935097467705,0.06225967548733859,0.944360231844213
THA,MMR,pgdp,0.014710232643062697,0.4873706980944536,0.4873706980944536
BGD,MMR,pgdp,0.0060092394041291654,0.19909455373490026,0.6864652518293539
MYS,MMR,pgdp,0.0031182729809808626,0.10331276985659556,0.7897780216859496
SAU,MMR,pgdp,0.002786556451826981,0.09232253467092438,0.8821005563568739
USA,MMR,pgdp,0.001879173931221534,0.06225967548733854,0.9443602318442125
SRB,MNE,dollar,389.5985836039692,0.4909302955238326,0.4909302955238326
DEU,MNE,dollar,152.61015724628515,0.19230293114467586,0.6832332266685085
MKD,MNE,dollar,49.74363975184845,0.06268159277660482,0.7459148194451133
HRV,MNE,dollar,32.60954778249677,0.041091050130800784,0.7870058695759141
BIH,MNE,dollar,22.046269511338163,0.02778034125863552,0.8147862108345497
LUX,MNE,dollar,20.462095905791664,0.02578413580753317,0.8405703466420829
SVN,MNE,dollar,19.714986752996293,0.024842709086271713,0.8654130557283546
CHE,MNE,dollar,18.883729882345783,0.023795248447709694,0.8892083041760642
SRB,MNE,pgdp,0.06646820817340558,0.49093029552383244,0.49093029552383244
DEU,MNE,pgdp,0.026036346455338852,0.19230293114467578,0.6832332266685082
MKD,MNE,pgdp,0.008486608374556398,0.0626815927766048,0.745914819445113
HRV,MNE,pgdp,0.005563413989848831,0.04109105013080077,0.7870058695759137
BIH,MNE,pgdp,0.0037612457873209284,0.02778034125863551,0.8147862108345493
LUX,MNE,pgdp,0.0034909748329908816,0.025784135807533158,0.8405703466420824
SVN,MNE,pgdp,0.0033635128534403136,0.024842709086271703,0.8654130557283541
CHE,MNE,pgdp,0.0032216946922630748,0.02379524844770969,0.8892083041760638
KOR,MNG,dollar,171.0913983906268,0.3197970063376203,0.3197970063376203
RUS,MNG,dollar,108.63700007285924,0.20305981322029773,0.5228568195579181
CZE,MNG,dollar,59.38610104456056,0.11100205802721605,0.6338588775851342
AUS,MNG,dollar,38.356305993198895,0.07169402989382974,0.7055529074789638
DEU,MNG,dollar,38.159220778599156,0.07132564631513864,0.7768785537941024
SWE,MNG,dollar,30.718711508209445,0.05741815235179338,0.8342967061458958
AUT,MNG,dollar,12.403133331725614,0.023183426788272187,0.8574801329341679
HUN,MNG,dollar,11.02484621848675,0.020607189193433188,0.8780873221276011
KOR,MNG,pgdp,0.011192362573758823,0.3197970063376204,0.3197970063376204
RUS,MNG,pgdp,0.00710675524999109,0.20305981322029776,0.5228568195579182
CZE,MNG,pgdp,0.00388488714795035,0.11100205802721606,0.6338588775851343
AUS,MNG,pgdp,0.0025091716340161696,0.07169402989382975,0.705552907478964
DEU,MNG,pgdp,0.0024962788223349473,0.07132564631513866,0.7768785537941028
SWE,MNG,pgdp,0.002009539697686015,0.057418152351793386,0.8342967061458961
AUT,MNG,pgdp,8.113813236969344e-4,0.02318342678827219,0.8574801329341682
HUN,MNG,pgdp,7.212172988118945e-4,0.02060718919343319,0.8780873221276014
ZAF,MOZ,dollar,254.16098442106815,0.5598604045390533,0.5598604045390533
PRT,MOZ,dollar,88.79390637192975,0.19559332623465642,0.7554537307737097
ZWE,MOZ,dollar,53.05429220222616,0.11686686515843267,0.8723205959321424
MWI,MOZ,dollar,16.03162363594719,0.03531411917798364,0.9076347151101261
ZAF,MOZ,pgdp,0.015719946684216217,0.5598604045390532,0.5598604045390532
PRT,MOZ,pgdp,0.0054919344809333265,0.1955933262346564,0.7554537307737095
ZWE,MOZ,pgdp,0.0032814267173521764,0.11686686515843264,0.8723205959321421
MWI,MOZ,pgdp,9.915615860261046e-4,0.03531411917798363,0.9076347151101257
SEN,MRT,dollar,50.991776247641575,0.30226304829663053,0.30226304829663053
FRA,MRT,dollar,38.57947711098262,0.22868688269699242,0.530949930993623
MLI,MRT,dollar,26.605313305679303,0.15770784413562122,0.6886577751292442
CIV,MRT,dollar,14.156498817874603,0.08391522713618614,0.7725730022654304
ESP,MRT,dollar,12.931498487043624,0.07665381438674347,0.8492268166521738
BEL,MRT,dollar,4.6251462490067015,0.02741639744520866,0.8766432140973824
GMB,MRT,dollar,4.008884254763266,0.023763392144417694,0.9004066062418001
COG,MRT,dollar,3.438228487285993,0.02038072606571424,0.9207873323075143
SEN,MRT,pgdp,0.005529040410902222,0.3022630482966306,0.3022630482966306
FRA,MRT,pgdp,0.004183174301326009,0.22868688269699247,0.5309499309936231
MLI,MRT,pgdp,0.002884815223878754,0.15770784413562128,0.6886577751292444
CIV,MRT,pgdp,0.001534989753265133,0.08391522713618617,0.7725730022654306
ESP,MRT,pgdp,0.0014021629166466238,0.0766538143867435,0.849226816652174
BEL,MRT,pgdp,5.015047993797558e-4,0.02741639744520867,0.8766432140973828
GMB,MRT,pgdp,4.346834858148504e-4,0.0237633921444177,0.9004066062418006
COG,MRT,pgdp,3.728072573074704e-4,0.02038072606571425,0.9207873323075147
FRA,MUS,dollar,85.99141303179805,0.3155942401775153,0.3155942401775153
GBR,MUS,dollar,62.67129134914674,0.23000783307240052,0.5456020732499157
AUS,MUS,dollar,46.66421186777916,0.1712607802182364,0.7168628534681522
CAN,MUS,dollar,26.298136479174286,0.09651592069036694,0.8133787741585191
ZAF,MUS,dollar,14.561133164745822,0.05344033311270601,0.8668191072712251
ITA,MUS,dollar,11.703593622160527,0.04295297177133658,0.9097720790425616
IRL,MUS,dollar,5.996905344559757,0.0220090439138728,0.9317811229564344
FRA,MUS,pgdp,0.007487698783148589,0.3155942401775151,0.3155942401775151
GBR,MUS,pgdp,0.005457100138589787,0.23000783307240036,0.5456020732499154
AUS,MUS,pgdp,0.004063284345493351,0.1712607802182363,0.7168628534681517
CAN,MUS,pgdp,0.0022899091615272583,0.09651592069036687,0.8133787741585187
ZAF,MUS,pgdp,0.0012679100765400238,0.053440333112705976,0.8668191072712247
ITA,MUS,pgdp,0.001019089937395399,0.04295297177133655,0.9097720790425612
IRL,MUS,pgdp,5.221802883331275e-4,0.022009043913872785,0.931781122956434
ZAF,MWI,dollar,95.05190183995282,0.36720047011016094,0.36720047011016094
ZWE,MWI,dollar,69.07347167049663,0.26684170204457885,0.6340421721547397
MOZ,MWI,dollar,36.65991802674384,0.14162303828793105,0.7756652104426708
GBR,MWI,dollar,33.229213323821924,0.12836968558970488,0.9040348960323756
ZMB,MWI,dollar,9.113703502155529,0.03520767228909337,0.939242568321469
ZAF,MWI,pgdp,0.007542404519875503,0.3672004701101606,0.3672004701101606
ZWE,MWI,pgdp,0.005481006217090383,0.2668417020445786,0.6340421721547392
MOZ,MWI,pgdp,0.0029089784220072937,0.1416230382879309,0.7756652104426701
GBR,MWI,pgdp,0.0026367507005541696,0.12836968558970477,0.904034896032375
ZMB,MWI,pgdp,7.231758350633038e-4,0.03520767228909335,0.9392425683214682
SGP,MYS,dollar,992.474932999218,0.6340686457153741,0.6340686457153741
BGD,MYS,dollar,151.30895487242785,0.0966676949821206,0.7307363406974948
AUS,MYS,dollar,144.2542954376455,0.09216064074320095,0.8228969814406958
USA,MYS,dollar,65.28347072438156,0.04170805779921951,0.8646050392399153
GBR,MYS,dollar,51.42444987874949,0.03285385877982927,0.8974588980197445
BRN,MYS,dollar,43.73391519363298,0.027940558956847467,0.9253994569765921
SGP,MYS,pgdp,0.0026548658129037657,0.6340686457153746,0.6340686457153746
BGD,MYS,pgdp,4.047507479741293e-4,0.09666769498212067,0.7307363406974953
AUS,MYS,pgdp,3.858795669172095e-4,0.09216064074320103,0.8228969814406963
USA,MYS,pgdp,1.7463297944473222e-4,0.04170805779921953,0.8646050392399158
GBR,MYS,pgdp,1.3756016337652206e-4,0.03285385877982929,0.8974588980197451
BRN,MYS,pgdp,1.1698801899322152e-4,0.027940558956847484,0.9253994569765925
ZAF,NAM,dollar,33.33331946762816,0.7171027982049577,0.7171027982049577
GBR,NAM,dollar,2.6966442925000926,0.058013159169258185,0.7751159573742159
AUS,NAM,dollar,1.9580559175000698,0.042123838846734186,0.8172397962209501
CAN,NAM,dollar,1.2474107566136687,0.0268356634852207,0.8440754597061708
DEU,NAM,dollar,1.1177110863328692,0.024045422430022254,0.868120882136193
ZAF,NAM,pgdp,0.0026781729477671928,0.7171027982049577,0.7171027982049577
GBR,NAM,pgdp,2.1666248394308022e-4,0.058013159169258185,0.7751159573742159
AUS,NAM,pgdp,1.573204370946887e-4,0.042123838846734186,0.8172397962209501
CAN,NAM,pgdp,1.0022349398357858e-4,0.0268356634852207,0.8440754597061708
DEU,NAM,pgdp,8.980274520043682e-5,0.024045422430022254,0.8681208821361931
NGA,NER,dollar,160.84376101879366,0.29692405578510944,0.29692405578510944
BEN,NER,dollar,95.45435055419705,0.17621257255712963,0.4731366283422391
CIV,NER,dollar,93.15556780909365,0.17196892709819775,0.6451055554404368
TGO,NER,dollar,73.34061917960807,0.13538973450176875,0.7804952899422056
FRA,NER,dollar,28.54637063698073,0.05269774900679482,0.8331930389490004
CMR,NER,dollar,15.176657929543884,0.028016721302462425,0.8612097602514628
MLI,NER,dollar,14.723859120462416,0.027180836478608875,0.8883905967300717
BFA,NER,dollar,14.583113715345656,0.02692101479665067,0.9153116115267224
NGA,NER,pgdp,0.010784025125645474,0.2969240557851092,0.2969240557851092
BEN,NER,pgdp,0.006399888365010035,0.17621257255712952,0.4731366283422387
CIV,NER,pgdp,0.006245762828995624,0.17196892709819764,0.6451055554404364
TGO,NER,pgdp,0.004917238163007621,0.13538973450176864,0.780495289942205
FRA,NER,pgdp,0.0019139367063122736,0.052697749006794775,0.8331930389489998
CMR,NER,pgdp,0.0010175431076646145,0.028016721302462407,0.8612097602514621
MLI,NER,pgdp,9.871844931739577e-4,0.027180836478608857,0.8883905967300709
BFA,NER,pgdp,9.777479942044954e-4,0.026921014796650652,0.9153116115267216
USA,NGA,dollar,5710.916521322885,0.2931170082132051,0.2931170082132051
GBR,NGA,dollar,2764.877190890161,0.14190936380259414,0.43502637201579925
CMR,NGA,dollar,1354.9110786783006,0.06954181177299264,0.5045681837887919
ITA,NGA,dollar,1243.91043130335,0.06384462156774381,0.5684128053565357
NER,NGA,dollar,1236.1740156578433,0.06344754432106406,0.6318603496775997
DEU,NGA,dollar,1043.195223101417,0.05354276527000669,0.6854031149476064
BEN,NGA,dollar,696.1812121992695,0.0357320148757529,0.7211351298233594
GHA,NGA,dollar,662.2493659445946,0.0339904378066108,0.7551255676299702
CAN,NGA,dollar,584.9501739290873,0.030022999687652773,0.785148567317623
USA,NGA,pgdp,0.012954653790881588,0.2931170082132052,0.2931170082132052
GBR,NGA,pgdp,0.006271852626203388,0.1419093638025942,0.4350263720157994
CMR,NGA,pgdp,0.0030734828422323782,0.06954181177299266,0.504568183788792
ITA,NGA,pgdp,0.002821688764707827,0.06384462156774383,0.5684128053565358
NER,NGA,pgdp,0.002804139464889541,0.06344754432106409,0.6318603496776
DEU,NGA,pgdp,0.002366386008466795,0.053542765270006704,0.6854031149476066
BEN,NGA,pgdp,0.0015792187726933677,0.03573201487575291,0.7211351298233596
GHA,NGA,pgdp,0.0015022477087540704,0.03399043780661081,0.7551255676299703
CAN,NGA,pgdp,0.0013269020760282371,0.03002299968765278,0.7851485673176231
CRI,NIC,dollar,921.6189444394998,0.42848061018155154,0.42848061018155154
USA,NIC,dollar,909.4032165356507,0.42280125367783256,0.8512818638593842
ESP,NIC,dollar,129.8862755219891,0.06038694291784323,0.9116688067772274
PAN,NIC,dollar,43.59445068092979,0.02026800440788961,0.9319368111851171
CRI,NIC,pgdp,0.06515104881644865,0.42848061018155176,0.42848061018155176
USA,NIC,pgdp,0.06428749507789551,0.42280125367783283,0.8512818638593846
ESP,NIC,pgdp,0.009181915289584543,0.060386942917843266,0.9116688067772278
PAN,NIC,pgdp,0.003081777128796822,0.02026800440788962,0.9319368111851175
DEU,NLD,dollar,374.74381584007523,0.15808800233288656,0.15808800233288656
BEL,NLD,dollar,327.75230893006636,0.13826434376933702,0.29635234610222355
CAN,NLD,dollar,248.32211441498254,0.10475622370162392,0.4011085698038475
USA,NLD,dollar,209.98141628559355,0.08858196246202014,0.4896905322658676
AUS,NLD,dollar,183.09349861565144,0.07723912767286309,0.5669296599387307
GBR,NLD,dollar,159.42835253607745,0.06725583906208488,0.6341854990008156
ESP,NLD,dollar,140.1449950832372,0.059121035153028634,0.6933065341538442
FRA,NLD,dollar,98.49682905119535,0.041551498070544306,0.7348580322243886
TUR,NLD,dollar,88.81902983865378,0.03746885846497869,0.7723268906893672
CHE,NLD,dollar,60.099253587562124,0.02535324277481839,0.7976801334641856
NZL,NLD,dollar,54.24549695040035,0.022883799240874376,0.82056393270506
DEU,NLD,pgdp,3.6394260410300874e-4,0.15808800233288664,0.15808800233288664
BEL,NLD,pgdp,3.183055297267056e-4,0.1382643437693371,0.2963523461022238
CAN,NLD,pgdp,2.41164745504759e-4,0.10475622370162399,0.40110856980384774
USA,NLD,pgdp,2.0392913832320626e-4,0.0885819624620202,0.489690532265868
AUS,NLD,pgdp,1.7781620900436158e-4,0.07723912767286313,0.5669296599387311
GBR,NLD,pgdp,1.5483316158202917e-4,0.06725583906208492,0.634185499000816
ESP,NLD,pgdp,1.3610560683505277e-4,0.059121035153028675,0.6933065341538447
FRA,NLD,pgdp,9.565786263989739e-5,0.04155149807054434,0.7348580322243891
TUR,NLD,pgdp,8.625900587823827e-5,0.037468858464978716,0.7723268906893677
CHE,NLD,pgdp,5.836701749506329e-5,0.025353242774818405,0.7976801334641861
NZL,NLD,pgdp,5.2681983228285417e-5,0.02288379924087439,0.8205639327050605
SWE,NOR,dollar,141.73645982450714,0.21098496549365728,0.21098496549365728
USA,NOR,dollar,79.28868396238153,0.11802693725067953,0.32901190274433684
DNK,NOR,dollar,71.80499888364754,0.10688693107261442,0.4358988338169512
GBR,NOR,dollar,70.55946248592818,0.10503286011430707,0.5409316939312583
ESP,NOR,dollar,55.94098207572055,0.08327219536554586,0.6242038892968041
BGD,NOR,dollar,48.95620933556884,0.07287485626601845,0.6970787455628226
DEU,NOR,dollar,34.205150821402285,0.05091683942645701,0.7479955849892796
FRA,NOR,dollar,16.233839940022932,0.024165244170879684,0.7721608291601593
AUS,NOR,dollar,14.61848041020763,0.02176066474876121,0.7939214939089205
CAN,NOR,dollar,14.573124743063786,0.021693149559803237,0.8156146434687237
SWE,NOR,pgdp,2.81576230030617e-4,0.21098496549365728,0.21098496549365728
USA,NOR,pgdp,1.5751634224432743e-4,0.1180269372506795,0.3290119027443368
DNK,NOR,pgdp,1.4264911729871085e-4,0.10688693107261439,0.4358988338169512
GBR,NOR,pgdp,1.401747120280418e-4,0.10503286011430706,0.5409316939312583
ESP,NOR,pgdp,1.11133372856884e-4,0.08327219536554585,0.6242038892968041
BGD,NOR,pgdp,9.725729624097521e-5,0.07287485626601843,0.6970787455628226
DEU,NOR,pgdp,6.795257499618875e-5,0.050916839426456986,0.7479955849892796
FRA,NOR,pgdp,3.2250441805106725e-5,0.02416524417087968,0.7721608291601593
AUS,NOR,pgdp,2.904133917115779e-5,0.021760664748761205,0.7939214939089205
CAN,NOR,pgdp,2.8951234777547993e-5,0.021693149559803233,0.8156146434687238
SAU,NPL,dollar,1691.9764579618393,0.20625662461656036,0.20625662461656036
MYS,NPL,dollar,1684.7150001195466,0.2053714327586601,0.41162805737522046
IND,NPL,dollar,1583.3970520556948,0.19302049378289016,0.6046485511581107
QAT,NPL,dollar,1098.5887227764347,0.13392101334237128,0.7385695645004818
USA,NPL,dollar,684.1798576299673,0.08340342290305,0.8219729874035319
AUS,NPL,dollar,466.5764053747652,0.05687695833206298,0.8788499457355948
GBR,NPL,dollar,224.53751736222878,0.027371746346106757,0.9062216920817016
SAU,NPL,pgdp,0.04582217262132665,0.20625662461656044,0.20625662461656044
MYS,NPL,pgdp,0.04562551753598768,0.2053714327586602,0.4116280573752206
IND,NPL,pgdp,0.04288162090316282,0.19302049378289027,0.6046485511581109
QAT,NPL,pgdp,0.02975202276486989,0.13392101334237136,0.7385695645004822
USA,NPL,pgdp,0.018528985668110363,0.08340342290305004,0.8219729874035322
AUS,NPL,pgdp,0.012635840461914256,0.056876958332063014,0.8788499457355953
GBR,NPL,pgdp,0.006080933828671646,0.02737174634610677,0.906221692081702
AUS,NZL,dollar,12.796908977684073,0.7538710126979891,0.7538710126979891
GBR,NZL,dollar,1.653837848249511,0.09742824737382472,0.8512992600718138
USA,NZL,dollar,1.1296423851535717,0.06654768353571697,0.9178469436075307
AUS,NZL,pgdp,5.007561579924038e-5,0.7538710126979894,0.7538710126979894
GBR,NZL,pgdp,6.471636926355068e-6,0.09742824737382474,0.8512992600718141
USA,NZL,pgdp,4.420406378456958e-6,0.066547683535717,0.917846943607531
PSE,OMN,dollar,17.807311871956383,0.45659774030657385,0.45659774030657385
GBR,OMN,dollar,5.385987858416109,0.1381022527799002,0.594699993086474
AUS,OMN,dollar,2.99430962068892,0.07677716976125434,0.6714771628477284
LBY,OMN,dollar,2.6835785414513715,0.06880970619106079,0.7402868690387892
CAN,OMN,dollar,2.61915488499897,0.06715781756407614,0.8074446866028653
NLD,OMN,dollar,1.330242436692802,0.03410878042802056,0.8415534670308858
JOR,OMN,dollar,0.949505364334123,0.02434629139318264,0.8658997584240685
EGY,OMN,dollar,0.8083425949886743,0.0207267332048378,0.8866264916289063
PSE,OMN,pgdp,2.0191532611406543e-4,0.4565977403065739,0.4565977403065739
GBR,OMN,pgdp,6.107117698045949e-5,0.13810225277990024,0.5946999930864741
AUS,OMN,pgdp,3.395217694255295e-5,0.07677716976125437,0.6714771628477285
LBY,OMN,pgdp,3.042882835130193e-5,0.06880970619106082,0.7402868690387894
CAN,OMN,pgdp,2.9698334962092923e-5,0.06715781756407616,0.8074446866028655
NLD,OMN,pgdp,1.5083485780837683e-5,0.03410878042802056,0.8415534670308861
JOR,OMN,pgdp,1.0766346243899185e-5,0.024346291393182642,0.8658997584240686
EGY,OMN,pgdp,9.165715738155175e-6,0.020726733204837804,0.8866264916289065
SAU,PAK,dollar,8045.0817791665595,0.25693286213485433,0.25693286213485433
ARE,PAK,dollar,5988.229265419186,0.19124390857879361,0.448176770713648
GBR,PAK,dollar,2941.8910522988517,0.09395410872185908,0.5421308794355071
USA,PAK,dollar,2500.458026226835,0.079856222094623,0.62198710153013
KWT,PAK,dollar,1959.6728096532706,0.06258536055356638,0.6845724620836965
QAT,PAK,dollar,1584.9908661935676,0.05061927906852222,0.7351917411522186
CAN,PAK,dollar,1208.9631813121907,0.038610219127241656,0.7738019602794604
OMN,PAK,dollar,1191.6901687280415,0.03805857718216791,0.8118605374616282
SGP,PAK,dollar,888.9559109503579,0.028390262868879593,0.8402508003305078
ITA,PAK,dollar,726.5203182173996,0.023202616192431004,0.8634534165229388
SAU,PAK,pgdp,0.023083780468285235,0.25693286213485445,0.25693286213485445
ARE,PAK,pgdp,0.01718204656597259,0.1912439085787937,0.4481767707136481
GBR,PAK,pgdp,0.008441177986374,0.09395410872185912,0.5421308794355072
USA,PAK,pgdp,0.007174572705656405,0.07985622209462302,0.6219871015301303
KWT,PAK,pgdp,0.0056228958473546024,0.06258536055356642,0.6845724620836967
QAT,PAK,pgdp,0.004547819674648467,0.05061927906852224,0.735191741152219
CAN,PAK,pgdp,0.003468882161511283,0.03861021912724168,0.7738019602794607
OMN,PAK,pgdp,0.003419320647848244,0.03805857718216792,0.8118605374616285
SGP,PAK,pgdp,0.0025506842139879932,0.02839026286887961,0.8402508003305081
ITA,PAK,pgdp,0.0020846072161638833,0.023202616192431014,0.863453416522939
USA,PAN,dollar,415.2929445088989,0.7315555838001851,0.7315555838001851
CRI,PAN,dollar,51.19303671132666,0.09017863740051185,0.8217342212006971
ESP,PAN,dollar,22.166950337584495,0.03904799373477883,0.8607822149354759
COL,PAN,dollar,11.660407968016422,0.020540287696141676,0.8813225026316176
USA,PAN,pgdp,0.006161000461004341,0.731555583800186,0.731555583800186
CRI,PAN,pgdp,7.594646789669632e-4,0.09017863740051199,0.8217342212006981
ESP,PAN,pgdp,3.2885362743260375e-4,0.03904799373477888,0.8607822149354769
COL,PAN,pgdp,1.7298579187614513e-4,0.020540287696141704,0.8813225026316186
USA,PER,dollar,1159.6847962919646,0.32287990178230813,0.32287990178230813
CHL,PER,dollar,528.0011439486809,0.1470062882985109,0.46988619008081906
ESP,PER,dollar,504.80153753292376,0.14054704466191328,0.6104332347427324
ARG,PER,dollar,424.16031608900295,0.11809488374485037,0.7285281184875828
ITA,PER,dollar,278.7567321130619,0.07761156011841237,0.8061396786059952
JPN,PER,dollar,115.80289433554022,0.03224188785497602,0.8383815664609712
VEN,PER,dollar,88.33790699220887,0.024595075165681643,0.8629766416266529
CAN,PER,dollar,77.1835861204758,0.02148948471642408,0.884466126343077
USA,PER,pgdp,0.005183694820808384,0.32287990178230824,0.32287990178230824
CHL,PER,pgdp,0.002360121305391855,0.14700628829851095,0.4698861900808192
ESP,PER,pgdp,0.0022564209895761457,0.1405470446619133,0.6104332347427325
ARG,PER,pgdp,0.001895961420494003,0.11809488374485042,0.7285281184875828
ITA,PER,pgdp,0.001246019464202888,0.07761156011841239,0.8061396786059953
JPN,PER,pgdp,5.176293295567453e-4,0.03224188785497603,0.8383815664609713
VEN,PER,pgdp,3.948631148918501e-4,0.024595075165681646,0.862976641626653
CAN,PER,pgdp,3.4500422606506195e-4,0.02148948471642409,0.8844661263430771
USA,PHL,dollar,12836.643350439075,0.34991232844700004,0.34991232844700004
SAU,PHL,dollar,3670.151890800917,0.100044175007821,0.4499565034548211
CAN,PHL,dollar,3668.475995227698,0.09999849199659683,0.5499549954514179
ARE,PHL,dollar,3469.0622993649426,0.09456270097719673,0.6445176964286146
AUS,PHL,dollar,1822.301342848422,0.04967386633721313,0.6941915627658277
JPN,PHL,dollar,1544.834608916338,0.042110438088391454,0.7363020008542193
KWT,PHL,dollar,1174.8315993897465,0.032024575993343164,0.7683265768475623
QAT,PHL,dollar,1137.7479628377505,0.03101371814998434,0.7993402949975467
GBR,PHL,dollar,957.6656164231387,0.02610487777591718,0.8254451727734639
ITA,PHL,dollar,843.4176912326848,0.022990609003912775,0.8484357817773767
HKG,PHL,dollar,766.9736229180833,0.02090683046386252,0.8693426122412391
USA,PHL,pgdp,0.03257309078758294,0.3499123284470001,0.3499123284470001
SAU,PHL,pgdp,0.009313041383142293,0.10004417500782102,0.4499565034548211
CAN,PHL,pgdp,0.009308788783987929,0.09999849199659683,0.5499549954514179
ARE,PHL,pgdp,0.008802774848545622,0.09456270097719673,0.6445176964286147
AUS,PHL,pgdp,0.004624105029832867,0.04967386633721313,0.6941915627658277
JPN,PHL,pgdp,0.003920030851859016,0.04211043808839146,0.7363020008542193
KWT,PHL,pgdp,0.0029811450939574895,0.032024575993343164,0.7683265768475623
QAT,PHL,pgdp,0.002887045053381027,0.031013718149984344,0.7993402949975467
GBR,PHL,pgdp,0.002430084580236506,0.026104877775917183,0.825445172773464
ITA,PHL,pgdp,0.0021401795063065404,0.02299060900391278,0.8484357817773768
HKG,PHL,pgdp,0.001946202038100373,0.020906830463862523,0.8693426122412393
GUM,PLW,dollar,1.1277810725012534,0.5638905362506267,0.5638905362506267
MNP,PLW,dollar,0.41840604126761066,0.20920302063380533,0.773093556884432
FSM,PLW,dollar,0.21067628134249408,0.10533814067124704,0.8784316975556791
GRC,PLW,dollar,0.1504577088211828,0.0752288544105914,0.9536605519662704
GUM,PLW,pgdp,0.004842277672853783,0.5638905362506265,0.5638905362506265
MNP,PLW,pgdp,0.0017964818538085887,0.20920302063380528,0.7730935568844318
FSM,PLW,pgdp,9.045665672346061e-4,0.105338140671247,0.8784316975556788
GRC,PLW,pgdp,6.460101360964626e-4,0.07522885441059138,0.9536605519662702
AUS,PNG,dollar,1.777748203452158,0.8888741017260791,0.8888741017260791
NZL,PNG,dollar,0.07707810432583569,0.03853905216291785,0.9274131538889969
GBR,PNG,dollar,0.06920748876695428,0.034603744383477145,0.962016898272474
AUS,PNG,pgdp,6.807818009314475e-5,0.8888741017260792,0.8888741017260792
NZL,PNG,pgdp,2.9516762032681505e-6,0.03853905216291785,0.927413153888997
GBR,PNG,pgdp,2.650274023577603e-6,0.03460374438347715,0.9620168982724742
DEU,POL,dollar,3173.709542392118,0.4450581324347379,0.4450581324347379
GBR,POL,dollar,1217.1137535341381,0.1706792530548503,0.6157373854895882
USA,POL,dollar,620.1806464948982,0.08696966014512661,0.7027070456347148
NLD,POL,dollar,244.68948275735764,0.034313487976070325,0.7370205336107851
CAN,POL,dollar,230.60407767787197,0.032338252373842635,0.7693587859846277
IRL,POL,dollar,222.97118279609526,0.03126787025607841,0.8006266562407062
NOR,POL,dollar,162.16487011998396,0.022740831597249177,0.8233674878379553
DEU,POL,pgdp,0.0046579988830734555,0.44505813243473824,0.44505813243473824
GBR,POL,pgdp,0.0017863369123131,0.17067925305485046,0.6157373854895888
USA,POL,pgdp,9.102284629675455e-4,0.08696966014512668,0.7027070456347154
NLD,POL,pgdp,3.5912654329561626e-4,0.03431348797607035,0.7370205336107858
CAN,POL,pgdp,3.3845363663811875e-4,0.03233825237384266,0.7693587859846284
IRL,POL,pgdp,3.272509681648296e-4,0.03126787025607843,0.8006266562407067
NOR,POL,pgdp,2.380065893879178e-4,0.022740831597249194,0.8233674878379559
FRA,PRT,dollar,1452.192779734389,0.2832087733293788,0.2832087733293788
CHE,PRT,dollar,631.9885809653366,0.12325134325905732,0.40646011658843617
USA,PRT,dollar,465.6495688503476,0.09081166428852624,0.4972717808769624
GBR,PRT,dollar,411.6544530181871,0.08028145732564572,0.5775532382026082
BRA,PRT,dollar,397.8474187658805,0.07758878918372886,0.655142027386337
CAN,PRT,dollar,354.71403884107656,0.06917685394446395,0.7243188813308009
DEU,PRT,dollar,332.1720045004003,0.06478067322860931,0.7890995545594103
ESP,PRT,dollar,315.41285238704944,0.06151227871632515,0.8506118332757353
LUX,PRT,dollar,232.0338874091538,0.045251590244108617,0.8958634235198439
VEN,PRT,dollar,116.84729040803552,0.022787730558317544,0.9186511540781614
FRA,PRT,pgdp,0.005682954164334843,0.28320877332937905,0.28320877332937905
CHE,PRT,pgdp,0.0024731992805155914,0.1232513432590574,0.4064601165884364
USA,PRT,pgdp,0.0018222547263337984,0.0908116642885263,0.49727178087696267
GBR,PRT,pgdp,0.0016109523616241743,0.08028145732564577,0.5775532382026084
BRA,PRT,pgdp,0.0015569204562902205,0.07758878918372891,0.6551420273863373
CAN,PRT,pgdp,0.0013881239820987322,0.06917685394446399,0.7243188813308012
DEU,PRT,pgdp,0.0012999088706364952,0.06478067322860936,0.7890995545594106
ESP,PRT,pgdp,0.0012343242632603944,0.06151227871632519,0.8506118332757358
LUX,PRT,pgdp,9.080322978605059e-4,0.04525159024410865,0.8958634235198445
VEN,PRT,pgdp,4.572655950934028e-4,0.022787730558317558,0.9186511540781621
ARG,PRY,dollar,441.92730766350957,0.7549356879914867,0.7549356879914867
ESP,PRY,dollar,51.90797402938855,0.08867336642604219,0.8436090544175289
USA,PRY,dollar,35.297139881794315,0.06029740665196376,0.9039064610694927
BRA,PRY,dollar,30.639125093396903,0.05234021202295287,0.9562466730924457
ARG,PRY,pgdp,0.011061761020178827,0.7549356879914864,0.7549356879914864
ESP,PRY,pgdp,0.0012992942363994969,0.08867336642604215,0.8436090544175284
USA,PRY,pgdp,8.83513010618311e-4,0.06029740665196373,0.9039064610694922
BRA,PRY,pgdp,7.669195222228311e-4,0.052340212022952845,0.956246673092445
JOR,PSE,dollar,1868.2663921330884,0.5505645419708652,0.5505645419708652
SYR,PSE,dollar,461.6118257601785,0.13603365370599838,0.6865981956768636
LBN,PSE,dollar,388.6906153093401,0.11454430240102297,0.8011424980778866
LBY,PSE,dollar,282.48171512310194,0.08324531060280191,0.8843878086806884
EGY,PSE,dollar,114.38618127711472,0.03370877716786803,0.9180965858485565
USA,PSE,dollar,69.61404159897121,0.020514752654688908,0.9386113385032454
ARE,PSE,dollar,68.40780356097703,0.020159283062294298,0.9587706215655397
JOR,PSE,pgdp,0.10316783876155991,0.550564541970865,0.550564541970865
SYR,PSE,pgdp,0.02549074083384938,0.13603365370599832,0.6865981956768634
LBN,PSE,pgdp,0.02146394694954664,0.11454430240102292,0.8011424980778864
LBY,PSE,pgdp,0.015598968199409242,0.0832453106028019,0.8843878086806882
EGY,PSE,pgdp,0.006316537703744808,0.03370877716786802,0.9180965858485561
USA,PSE,pgdp,0.003844168181510366,0.020514752654688904,0.9386113385032451
ARE,PSE,pgdp,0.0037775583169129727,0.020159283062294288,0.9587706215655394
PSE,QAT,dollar,260.1173242720939,0.30288773523685925,0.30288773523685925
TUR,QAT,dollar,82.98118818235625,0.09662556781310838,0.3995133030499677
CAN,QAT,dollar,74.67749641662685,0.08695652173913045,0.4864698247890981
ARE,QAT,dollar,74.42671377940682,0.08666450356911097,0.5731343283582091
GBR,QAT,dollar,65.39853883948628,0.07615184944841014,0.6492861778066192
AUS,QAT,dollar,56.008122312470135,0.06521739130434784,0.7145035691109671
LBY,QAT,dollar,42.020024103087046,0.04892926670992862,0.7634328358208957
DEU,QAT,dollar,33.85565602470209,0.03942245295262816,0.8028552887735239
GRC,QAT,dollar,31.292100177564162,0.0364373783257625,0.8392926670992864
KWT,QAT,dollar,18.78083305403227,0.021868916288124592,0.861161583387411
PSE,QAT,pgdp,0.0014472509650136527,0.30288773523685936,0.30288773523685936
TUR,QAT,pgdp,4.6169398755336444e-4,0.09662556781310841,0.39951330304996774
CAN,QAT,pgdp,4.1549358181431056e-4,0.08695652173913047,0.4864698247890982
ARE,QAT,pgdp,4.1409826754702366e-4,0.086664503569111,0.5731343283582092
GBR,QAT,pgdp,3.638669539246966e-4,0.07615184944841015,0.6492861778066193
AUS,QAT,pgdp,3.116201863607329e-4,0.06521739130434785,0.7145035691109671
LBY,QAT,pgdp,2.3379265722984336e-4,0.04892926670992863,0.7634328358208958
DEU,QAT,pgdp,1.883674260837266e-4,0.039422452952628174,0.802855288773524
GRC,QAT,pgdp,1.741042135736831e-4,0.03643737832576251,0.8392926670992865
KWT,QAT,pgdp,1.0449353512792731e-4,0.021868916288124596,0.8611615833874111
ESP,ROU,dollar,2005.1955647527357,0.21891388467421397,0.21891388467421397
ITA,ROU,dollar,1899.758142024245,0.20740292973033675,0.4263168144045507
DEU,ROU,dollar,1798.8847319774306,0.19639024326630797,0.6227070576708587
GBR,ROU,dollar,774.1558941041282,0.08451717982064866,0.7072242374915073
HUN,ROU,dollar,420.9945656210414,0.04596138022986305,0.7531856177213704
USA,ROU,dollar,369.173951568664,0.04030395103551512,0.7934895687568855
FRA,ROU,dollar,296.80950977882645,0.03240368367857639,0.8258932524354619
AUT,ROU,dollar,294.01418992473117,0.03209850929113832,0.8579917617266002
BEL,ROU,dollar,219.63829260784266,0.023978644628571973,0.8819704063551721
CAN,ROU,dollar,204.33965464268678,0.02230844131970436,0.9042788476748764
ESP,ROU,pgdp,0.007015828170355083,0.21891388467421394,0.21891388467421394
ITA,ROU,pgdp,0.006646921090371891,0.20740292973033675,0.42631681440455066
DEU,ROU,pgdp,0.006293982691601051,0.19639024326630794,0.6227070576708585
GBR,ROU,pgdp,0.002708635918398273,0.08451717982064866,0.7072242374915072
HUN,ROU,pgdp,0.0014729862687556468,0.04596138022986304,0.7531856177213702
USA,ROU,pgdp,0.0012916750140010017,0.04030395103551512,0.7934895687568853
FRA,ROU,pgdp,0.001038484503227172,0.03240368367857639,0.8258932524354616
AUT,ROU,pgdp,0.0010287041685195532,0.03209850929113832,0.8579917617266
BEL,ROU,pgdp,7.684759270634093e-4,0.02397864462857197,0.881970406355172
CAN,ROU,pgdp,7.149486716222476e-4,0.022308441319704355,0.9042788476748763
UKR,RUS,dollar,2939.6099747783423,0.30472005311315326,0.30472005311315326
KAZ,RUS,dollar,2185.359336324215,0.2265344106019552,0.5312544637151084
DEU,RUS,dollar,1129.0587963324135,0.11703826675585709,0.6482927304709656
UZB,RUS,dollar,768.7951758941972,0.07969332967353276,0.7279860601444983
BLR,RUS,dollar,593.538751273474,0.061526243741367566,0.7895123038858659
USA,RUS,dollar,380.68546108090305,0.03946186566084334,0.8289741695467092
TJK,RUS,dollar,207.4116881692774,0.021500301460909522,0.8504744710076189
UKR,RUS,pgdp,0.0016003171955010676,0.30472005311315337,0.30472005311315337
KAZ,RUS,pgdp,0.00118970480923482,0.22653441060195523,0.5312544637151085
DEU,RUS,pgdp,6.146571218648632e-4,0.1170382667558571,0.6482927304709657
UZB,RUS,pgdp,4.185304004129058e-4,0.07969332967353279,0.7279860601444985
BLR,RUS,pgdp,3.231211888681912e-4,0.06152624374136759,0.7895123038858661
USA,RUS,pgdp,2.0724432651680563e-4,0.039461865660843344,0.8289741695467094
TJK,RUS,pgdp,1.1291446619554634e-4,0.02150030146090953,0.8504744710076189
COD,RWA,dollar,174.34081527119665,0.44564167159883944,0.44564167159883944
BDI,RWA,dollar,53.1118205841243,0.13576190102098942,0.5814035726198289
UGA,RWA,dollar,45.5571189766211,0.11645093331924329,0.6978545059390721
BEL,RWA,dollar,25.730609356161366,0.06577135564554701,0.7636258615846191
COG,RWA,dollar,17.956806851955687,0.045900332688217665,0.8095261942728367
FRA,RWA,dollar,12.433840592860784,0.031782789919713283,0.8413089841925501
CAN,RWA,dollar,10.735541585812076,0.027441679049039994,0.8687506632415901
COD,RWA,pgdp,0.015771002009313417,0.44564167159883916,0.44564167159883916
BDI,RWA,pgdp,0.004804535460314009,0.1357619010209894,0.5814035726198286
UGA,RWA,pgdp,0.004121131439021809,0.11645093331924326,0.6978545059390718
BEL,RWA,pgdp,0.002327610383292286,0.065771355645547,0.7636258615846188
COG,RWA,pgdp,0.0016243863291709286,0.045900332688217645,0.8095261942728363
FRA,RWA,pgdp,0.0011247746241662062,0.03178278991971327,0.8413089841925496
CAN,RWA,pgdp,9.711452115073495e-4,0.02744167904903998,0.8687506632415897
USA,SAU,dollar,64.8674972748399,0.21995370497266528,0.21995370497266528
TUR,SAU,dollar,43.26375547630084,0.1466994058322453,0.36665311080491064
LBY,SAU,dollar,30.77115206644767,0.10433929452551327,0.4709924053304239
GBR,SAU,dollar,30.235766316495617,0.10252390031055567,0.5735163056409796
PSE,SAU,dollar,20.27599997913526,0.06875217180864315,0.6422684774496228
CAN,SAU,dollar,17.755673015974956,0.060206208474481465,0.7024746859241042
AUS,SAU,dollar,13.108070945346615,0.044447048068737914,0.7469217339928421
IND,SAU,dollar,11.740918107432417,0.039811285250742505,0.7867330192435846
EGY,SAU,dollar,6.694468671721224,0.0226997070802614,0.809432726323846
SWE,SAU,dollar,5.93526520072404,0.020125388302917296,0.8295581146267633
USA,SAU,pgdp,7.420584961308075e-5,0.2199537049726654,0.2199537049726654
TUR,SAU,pgdp,4.949202400963761e-5,0.1466994058322454,0.3666531108049108
LBY,SAU,pgdp,3.5200980130147774e-5,0.10433929452551331,0.47099240533042414
GBR,SAU,pgdp,3.458852002123376e-5,0.10252390031055572,0.5735163056409798
PSE,SAU,pgdp,2.3194941510255035e-5,0.06875217180864318,0.642268477449623
CAN,SAU,pgdp,2.0311787211706102e-5,0.0602062084744815,0.7024746859241046
AUS,SAU,pgdp,1.4995114381656012e-5,0.044447048068737935,0.7469217339928425
IND,SAU,pgdp,1.3431145643067003e-5,0.039811285250742526,0.7867330192435851
EGY,SAU,pgdp,7.658207212595927e-6,0.022699707080261415,0.8094327263238464
SWE,SAU,pgdp,6.789708488869191e-6,0.020125388302917303,0.8295581146267638
SAU,SDN,dollar,327.0719085952007,0.2905781932988039,0.2905781932988039
SSD,SDN,dollar,227.51321477067032,0.2021279637973599,0.49270615709616383
TCD,SDN,dollar,144.24821284171188,0.12815342428567408,0.6208595813818379
ARE,SDN,dollar,102.65782356416412,0.09120356751940238,0.7120631489012403
USA,SDN,dollar,41.30977383893425,0.036700551567563904,0.7487637004688041
KWT,SDN,dollar,36.30534505818757,0.03225450213504702,0.7810182026038511
EGY,SDN,dollar,28.585827965529027,0.025396305906705843,0.806414508510557
UGA,SDN,dollar,24.262429075052424,0.021555299065425623,0.8279698075759826
GBR,SDN,dollar,23.401281893546457,0.020790236137089402,0.8487600437130719
SAU,SDN,pgdp,0.009555260140560818,0.29057819329880374,0.29057819329880374
SSD,SDN,pgdp,0.006646697241246779,0.20212796379735978,0.49270615709616344
TCD,SDN,pgdp,0.0042141472938889,0.128153424285674,0.6208595813818375
ARE,SDN,pgdp,0.0029991025943882487,0.09120356751940233,0.7120631489012399
USA,SDN,pgdp,0.0012068466444401411,0.03670055156756388,0.7487637004688037
KWT,SDN,pgdp,0.0010606444864488637,0.03225450213504699,0.7810182026038507
EGY,SDN,pgdp,8.351222326525302e-4,0.025396305906705826,0.8064145085105565
UGA,SDN,pgdp,7.088160595930621e-4,0.02155529906542561,0.8279698075759822
GBR,SDN,pgdp,6.836580282172027e-4,0.02079023613708939,0.8487600437130715
FRA,SEN,dollar,704.6433683910874,0.26515272564104875,0.26515272564104875
ITA,SEN,dollar,494.40391078965575,0.18604098242320055,0.4511937080642493
GMB,SEN,dollar,312.73458367941765,0.11767999385867074,0.5688737019229201
USA,SEN,dollar,308.16099928721997,0.11595898373931131,0.6848326856622313
ESP,SEN,dollar,258.8894567809092,0.09741842211887453,0.782251107781106
GAB,SEN,dollar,93.09368635656611,0.03503054989899005,0.817281657680096
CIV,SEN,dollar,77.53336487349198,0.02917530192793676,0.8464569596080327
MLI,SEN,dollar,57.17604121490854,0.021514973175882787,0.8679719327839156
FRA,SEN,pgdp,0.025559137933644848,0.26515272564104864,0.26515272564104864
ITA,SEN,pgdp,0.017933238738426314,0.1860409824232005,0.45119370806424913
GMB,SEN,pgdp,0.011343648034514497,0.1176799938586707,0.5688737019229199
USA,SEN,pgdp,0.01117775294548775,0.11595898373931127,0.6848326856622312
ESP,SEN,pgdp,0.009390553622236203,0.0974184221188745,0.7822511077811057
GAB,SEN,pgdp,0.0033767356326247946,0.03503054989899004,0.8172816576800958
CIV,SEN,pgdp,0.0028123247250392497,0.029175301927936746,0.8464569596080326
MLI,SEN,pgdp,0.002073914819135186,0.021514973175882784,0.8679719327839154
AUS,SLB,dollar,36.78365639920962,0.7208006521315876,0.7208006521315876
FJI,SLB,dollar,5.4969392918438444,0.10771624721825988,0.8285168993498474
GBR,SLB,dollar,5.3156321525328085,0.10416341106643252,0.93268031041628
PNG,SLB,dollar,1.3808135818368157,0.027057977038995942,0.9597382874552759
AUS,SLB,pgdp,0.023276323845726008,0.7208006521315876,0.7208006521315876
FJI,SLB,pgdp,0.00347840730482689,0.10771624721825988,0.8285168993498475
GBR,SLB,pgdp,0.0033636779901458046,0.10416341106643254,0.93268031041628
PNG,SLB,pgdp,8.73764797947091e-4,0.027057977038995942,0.9597382874552759
USA,SLE,dollar,72.16432619336219,0.4017208285182546,0.4017208285182546
GBR,SLE,dollar,37.022939935219505,0.206097484581322,0.6078183130995766
SEN,SLE,dollar,8.80850440271573,0.04903474990099942,0.656853063000576
LBR,SLE,dollar,8.231555022346232,0.04582301641270909,0.702676079413285
DEU,SLE,dollar,6.948997960970381,0.03868334072395809,0.7413594201372431
AUS,SLE,dollar,6.32445420197216,0.035206661185117644,0.7765660813223608
NLD,SLE,dollar,5.93878990889219,0.033059764130597045,0.8096258454529579
CAN,SLE,dollar,4.648969649185059,0.025879656025924697,0.8355055014788826
GIN,SLE,dollar,4.421447147949141,0.024613094935086913,0.8601185964139696
BEL,SLE,dollar,3.900081423038167,0.021710781811410552,0.8818293782253801
USA,SLE,pgdp,0.016982899561917276,0.40172082851825447,0.40172082851825447
GBR,SLE,pgdp,0.008712848904346359,0.20609748458132196,0.6078183130995765
SEN,SLE,pgdp,0.002072962548852667,0.04903474990099941,0.6568530630005759
LBR,SLE,pgdp,0.0019371853041116659,0.04582301641270908,0.702676079413285
DEU,SLE,pgdp,0.0016353528211558788,0.038683340723958085,0.741359420137243
AUS,SLE,pgdp,0.0014883748821854646,0.03520666118511764,0.7765660813223606
NLD,SLE,pgdp,0.0013976139993574972,0.03305976413059704,0.8096258454529577
CAN,SLE,pgdp,0.0010940722207668017,0.02587965602592469,0.8355055014788824
GIN,SLE,pgdp,0.001040527872882054,0.024613094935086906,0.8601185964139693
BEL,SLE,pgdp,9.178314907740243e-4,0.021710781811410545,0.8818293782253798
USA,SLV,dollar,6710.635007617498,0.8961290583033158,0.8961290583033158
CAN,SLV,dollar,228.61384526108947,0.030528781499271997,0.9266578398025879
USA,SLV,pgdp,0.2278557713569105,0.8961290583033156,0.8961290583033156
CAN,SLV,pgdp,0.007762452285916975,0.030528781499271993,0.9266578398025876
KEN,SOM,dollar,235.33548693236963,0.13564005010511224,0.13564005010511224
GBR,SOM,dollar,214.00993542372876,0.12334866595027599,0.25898871605538826
USA,SOM,dollar,210.017006327197,0.12104726589463809,0.38003598195002636
ETH,SOM,dollar,194.81486053076947,0.11228522220793634,0.49232120415796266
YEM,SOM,dollar,114.2069246554545,0.06582531680429657,0.5581465209622593
SWE,SOM,dollar,112.29163879158907,0.06472140564356721,0.6228679266058263
LBY,SOM,dollar,108.93218559448432,0.06278512138010627,0.6856530479859326
DEU,SOM,dollar,81.53034174946266,0.046991551440612504,0.7326445994265451
DJI,SOM,dollar,54.76361458277483,0.031564042987190115,0.7642086424137352
NOR,SOM,dollar,53.85416896722026,0.031039866839896416,0.7952485092536317
ZAF,SOM,dollar,45.83976868332371,0.026420615955806186,0.8216691252094378
CAN,SOM,dollar,42.76526904219332,0.024648570053137368,0.846317695262575
NLD,SOM,dollar,40.58415085979526,0.023391441417749438,0.8697091366803246
KEN,SOM,pgdp,0.023919340070876014,0.13564005010511218,0.13564005010511218
GBR,SOM,pgdp,0.021751825407519042,0.12334866595027595,0.25898871605538815
USA,SOM,pgdp,0.021345986788856804,0.12104726589463806,0.3800359819500262
ETH,SOM,pgdp,0.01980085094958456,0.1122852222079363,0.4923212041579625
YEM,SOM,pgdp,0.011607914747119197,0.06582531680429654,0.558146520962259
SWE,SOM,pgdp,0.011413246384485456,0.0647214056435672,0.6228679266058262
LBY,SOM,pgdp,0.011071793828726908,0.06278512138010625,0.6856530479859324
DEU,SOM,pgdp,0.008286688913009408,0.04699155144061249,0.732644599426545
DJI,SOM,pgdp,0.005566136827856377,0.0315640429871901,0.7642086424137351
NOR,SOM,pgdp,0.005473701389249245,0.03103986683989641,0.7952485092536314
ZAF,SOM,pgdp,0.004659123153074702,0.026420615955806175,0.8216691252094376
CAN,SOM,pgdp,0.0043466330844386955,0.02464857005313736,0.8463176952625749
NLD,SOM,pgdp,0.004124945704351633,0.02339144141774943,0.8697091366803243
DEU,SRB,dollar,1240.8278832558653,0.26987782620476775,0.26987782620476775
AUT,SRB,dollar,742.8048884023029,0.16155872323748494,0.4314365494422527
FRA,SRB,dollar,460.01960041029383,0.10005343323246048,0.5314899826747131
CHE,SRB,dollar,360.27050276383613,0.07835818443769911,0.6098481671124122
HRV,SRB,dollar,232.99327709638445,0.05067561745800259,0.6605237845704148
HUN,SRB,dollar,223.39965427405232,0.048589021800653436,0.7091128063710683
USA,SRB,dollar,211.2031559696906,0.04593630542144507,0.7550491117925134
CAN,SRB,dollar,182.3349116010842,0.03965751434842,0.7947066261409333
AUS,SRB,dollar,163.3492825129574,0.03552817427106044,0.8302348004119938
SVN,SRB,dollar,150.29945119910116,0.0326898595016653,0.8629246599136591
DEU,SRB,pgdp,0.019664133934402504,0.26987782620476797,0.26987782620476797
AUT,SRB,pgdp,0.011771668746147792,0.16155872323748507,0.43143654944225307
FRA,SRB,pgdp,0.0072902029016163146,0.10005343323246056,0.5314899826747136
CHE,SRB,pgdp,0.00570941990791946,0.07835818443769918,0.6098481671124127
HRV,SRB,pgdp,0.003692382375077484,0.05067561745800264,0.6605237845704154
HUN,SRB,pgdp,0.0035403465555732742,0.04858902180065348,0.7091128063710689
USA,SRB,pgdp,0.003347061427616308,0.04593630542144511,0.755049111792514
CAN,SRB,pgdp,0.002889569271471489,0.039657514348420034,0.794706626140934
AUS,SRB,pgdp,0.0025886927693750013,0.03552817427106047,0.8302348004119945
SVN,SRB,pgdp,0.0023818843681133466,0.03268985950166533,0.8629246599136597
SDN,SSD,dollar,449.4838681857214,0.3636600875289007,0.3636600875289007
UGA,SSD,dollar,356.5922805267343,0.2885050813323093,0.65216516886121
ETH,SSD,dollar,153.28343457871995,0.12401572376919087,0.7761808926304009
KEN,SSD,dollar,73.88778678257381,0.05977976276907265,0.8359606553994736
ARE,SSD,dollar,68.05301797353505,0.05505907603036815,0.8910197314298418
AUS,SSD,dollar,33.64853937323647,0.027223737356987427,0.9182434687868293
SDN,SSD,pgdp,0.0869912653736639,0.3636600875289007,0.3636600875289007
UGA,SSD,pgdp,0.06901340826915703,0.2885050813323093,0.6521651688612101
ETH,SSD,pgdp,0.02966584760571317,0.12401572376919087,0.7761808926304009
KEN,SSD,pgdp,0.014299939381183244,0.05977976276907266,0.8359606553994735
ARE,SSD,pgdp,0.013170702143126581,0.055059076030368144,0.8910197314298417
AUS,SSD,pgdp,0.006512200381892098,0.02722373735698743,0.918243468786829
PRT,STP,dollar,6.088933326055897,0.5748891217562662,0.5748891217562662
GAB,STP,dollar,1.5598205252588366,0.1472710906565802,0.7221602124128463
AGO,STP,dollar,1.4096730848634569,0.13309485887334213,0.8552550712861885
GNQ,STP,dollar,0.42179727548253254,0.03982416168422879,0.8950792329704172
CPV,STP,dollar,0.379508872796093,0.03583148490833936,0.9309107178787566
GBR,STP,dollar,0.22395763992104392,0.021145051855611843,0.9520557697343685
PRT,STP,pgdp,0.011611183962398243,0.5748891217562659,0.5748891217562659
GAB,STP,pgdp,0.0029744722264575417,0.14727109065658014,0.7221602124128461
AGO,STP,pgdp,0.002688151214458013,0.13309485887334208,0.8552550712861882
GNQ,STP,pgdp,8.043388715570731e-4,0.039824161684228775,0.895079232970417
CPV,STP,pgdp,7.236977482642544e-4,0.035831484908339345,0.9309107178787563
GBR,STP,pgdp,4.270720695495285e-4,0.021145051855611836,0.9520557697343683
NLD,SUR,dollar,98.57183651272778,0.6677579804708255,0.6677579804708255
FRA,SUR,dollar,28.82336396228851,0.19525892983994603,0.8630169103107714
USA,SUR,dollar,12.115644495346848,0.08207535323003388,0.9450922635408053
BEL,SUR,dollar,2.9766281275753323,0.020164656126962867,0.9652569196677682
NLD,SUR,pgdp,0.03198928451443985,0.6677579804708259,0.6677579804708259
FRA,SUR,pgdp,0.009353978002974958,0.19525892983994617,0.8630169103107721
USA,SUR,pgdp,0.003931861397219818,0.08207535323003394,0.9450922635408061
BEL,SUR,pgdp,9.659980724250446e-4,0.020164656126962884,0.965256919667769
CZE,SVK,dollar,595.0326324626541,0.2661770536671881,0.2661770536671881
GBR,SVK,dollar,373.825601315817,0.16722410119222192,0.43340115485940994
DEU,SVK,dollar,333.78776640876833,0.1493139020714361,0.582715056930846
AUT,SVK,dollar,245.0462257281624,0.10961698370497472,0.6923320406358208
CHE,SVK,dollar,118.39931927405328,0.05296378759957538,0.7452958282353962
HUN,SVK,dollar,108.46357976699679,0.048519214774976616,0.7938150430103728
CAN,SVK,dollar,82.02100016644572,0.03669060648452874,0.8305056494949015
IRL,SVK,dollar,75.05476548280927,0.03357438777300975,0.8640800372679113
ESP,SVK,dollar,61.879957224124055,0.027680876302196313,0.8917609135701076
CZE,SVK,pgdp,0.005018133610507184,0.266177053667188,0.266177053667188
GBR,SVK,pgdp,0.0031526116587373837,0.16722410119222192,0.43340115485940994
DEU,SVK,pgdp,0.0028149575636880527,0.14931390207143608,0.582715056930846
AUT,SVK,pgdp,0.0020665668307386486,0.10961698370497472,0.6923320406358208
CHE,SVK,pgdp,9.985059156357916e-4,0.052963787599575374,0.7452958282353961
HUN,SVK,pgdp,9.147140937330935e-4,0.04851921477497661,0.7938150430103726
CAN,SVK,pgdp,6.917138913864347e-4,0.03669060648452874,0.8305056494949014
IRL,SVK,pgdp,6.32965018639811e-4,0.033574387773009744,0.864080037267911
ESP,SVK,pgdp,5.218569137594533e-4,0.02768087630219631,0.8917609135701074
DEU,SVN,dollar,207.7105073738538,0.27794904991797054,0.27794904991797054
AUT,SVN,dollar,116.45231705057824,0.15583136016656277,0.43378041008453333
HRV,SVN,dollar,83.98133242867058,0.1123801191115503,0.5461605291960837
USA,SVN,dollar,67.16443097395238,0.08987648248285539,0.6360370116789391
SRB,SVN,dollar,50.75239051231346,0.06791461299823996,0.703951624677179
CAN,SVN,dollar,41.13828325304742,0.05504943823020203,0.759001062907381
CHE,SVN,dollar,39.41363545115477,0.05274159052408488,0.8117426534314659
AUS,SVN,dollar,33.45725116643792,0.044771019493205104,0.856513672924671
GBR,SVN,dollar,16.988843936892202,0.022733722483113353,0.8792473954077843
DEU,SVN,pgdp,0.0033592610676594207,0.2779490499179705,0.2779490499179705
AUT,SVN,pgdp,0.001883360355009087,0.15583136016656277,0.4337804100845332
HRV,SVN,pgdp,0.001358213525183025,0.11238011911155028,0.5461605291960835
USA,SVN,pgdp,0.00108623709486301,0.08987648248285539,0.6360370116789389
SRB,SVN,pgdp,8.208084015306921e-4,0.06791461299823995,0.7039516246771789
CAN,SVN,pgdp,6.653213410796539e-4,0.05504943823020202,0.7590010629073809
CHE,SVN,pgdp,6.37428952343177e-4,0.05274159052408487,0.8117426534314658
AUS,SVN,pgdp,5.410975241229674e-4,0.044771019493205104,0.856513672924671
GBR,SVN,pgdp,2.747572221708782e-4,0.022733722483113353,0.8792473954077843
NOR,SWE,dollar,477.6688031376813,0.14316854786421296,0.14316854786421296
USA,SWE,dollar,469.09853841442896,0.14059983844216126,0.28376838630637424
GBR,SWE,dollar,327.5585068494445,0.0981769700222346,0.3819453563286088
FIN,SWE,dollar,324.5912121403378,0.09728760217615086,0.4792329585047597
ESP,SWE,dollar,282.55774845256934,0.08468918687594468,0.5639221453807044
DNK,SWE,dollar,246.32556252443908,0.07382955063593381,0.6377516960166382
DEU,SWE,dollar,221.72820691588134,0.06645714603122735,0.7042088420478656
AUS,SWE,dollar,111.36989232881113,0.03338016980755977,0.7375890118554254
CHE,SWE,dollar,96.10057765882033,0.028803597936371023,0.7663926097917964
FRA,SWE,dollar,85.781792499631,0.025710815914058147,0.7921034257058546
CAN,SWE,dollar,68.75838421719075,0.02060850103084378,0.8127119267366983
NOR,SWE,pgdp,7.466900665767931e-4,0.14316854786421288,0.14316854786421288
USA,SWE,pgdp,7.332930611731525e-4,0.14059983844216115,0.283768386306374
GBR,SWE,pgdp,5.120382191187574e-4,0.09817697002223455,0.38194535632860854
FIN,SWE,pgdp,5.073997552514463e-4,0.09728760217615079,0.47923295850475933
ESP,SWE,pgdp,4.416932037804128e-4,0.08468918687594462,0.563922145380704
DNK,SWE,pgdp,3.850551877634858e-4,0.07382955063593376,0.6377516960166376
DEU,SWE,pgdp,3.4660469450053535e-4,0.06645714603122731,0.704208842047865
AUS,SWE,pgdp,1.7409299450037752e-4,0.03338016980755975,0.7375890118554248
CHE,SWE,pgdp,1.5022405955502556e-4,0.028803597936371002,0.7663926097917959
FRA,SWE,pgdp,1.3409377361862988e-4,0.025710815914058133,0.792103425705854
CAN,SWE,pgdp,1.0748284617207564e-4,0.020608501030843766,0.8127119267366979
ZAF,SWZ,dollar,117.9617215185916,0.8925119622656658,0.8925119622656658
GBR,SWZ,dollar,4.922483864030713,0.0372440794873844,0.9297560417530502
ZAF,SWZ,pgdp,0.024317779803744406,0.8925119622656659,0.8925119622656659
GBR,SWZ,pgdp,0.0010147688347708424,0.0372440794873844,0.9297560417530503
MOZ,SYC,dollar,5.422975825465539,0.5693527022573427,0.5693527022573427
GBR,SYC,dollar,1.4558044666281982,0.1528434265077919,0.7221961287651346
AUS,SYC,dollar,0.9882196504015475,0.10375217343544528,0.8259483022005799
CAN,SYC,dollar,0.38017817196816456,0.039914518617782974,0.8658628208183629
ITA,SYC,dollar,0.28847454110674203,0.03028664792129529,0.8961494687396582
ZAF,SYC,dollar,0.257383268221623,0.02702240688399667,0.9231718756236549
FRA,SYC,dollar,0.23290009378407792,0.024451943364613836,0.9476238189882688
MOZ,SYC,pgdp,0.004214680436078301,0.5693527022573424,0.5693527022573424
GBR,SYC,pgdp,0.0011314360973988938,0.1528434265077918,0.7221961287651342
AUS,SYC,pgdp,7.680340390855405e-4,0.10375217343544521,0.8259483022005794
CAN,SYC,pgdp,2.9547052304639075e-4,0.03991451861778295,0.8658628208183624
ITA,SYC,pgdp,2.241994144616859e-4,0.030286647921295276,0.8961494687396576
ZAF,SYC,pgdp,2.0003560039002095e-4,0.027022406883996656,0.9231718756236543
FRA,SYC,pgdp,1.8100753173619187e-4,0.02445194336461382,0.9476238189882681
NGA,TGO,dollar,171.35182624074994,0.2542311962028931,0.2542311962028931
BEN,TGO,dollar,115.50436818885574,0.1713714661555723,0.42560266235846544
GHA,TGO,dollar,115.47847370201858,0.17133304703563587,0.5969357093941012
FRA,TGO,dollar,64.18979093399831,0.09523707853708949,0.6921727879311907
CIV,TGO,dollar,45.76877291159743,0.06790619126349767,0.7600789791946884
DEU,TGO,dollar,37.500427093862235,0.055638615866264444,0.8157175950609528
GAB,TGO,dollar,31.953798401748095,0.04740919644176275,0.8631267915027157
BEL,TGO,dollar,15.895978020715944,0.02358453712272395,0.8867113286254396
BFA,TGO,dollar,14.886345385822892,0.022086565854336635,0.9087978944797761
ITA,TGO,dollar,13.564800587897262,0.020125816895990002,0.9289237113757661
NGA,TGO,pgdp,0.020294865605684855,0.254231196202893,0.254231196202893
BEN,TGO,pgdp,0.013680307240897653,0.17137146615557222,0.4256026623584652
GHA,TGO,pgdp,0.013677240304630807,0.1713330470356358,0.596935709394101
FRA,TGO,pgdp,0.007602622095385041,0.09523707853708943,0.6921727879311904
CIV,TGO,pgdp,0.005420841525627582,0.06790619126349763,0.760078979194688
DEU,TGO,pgdp,0.004441540803635302,0.055638615866264424,0.8157175950609525
GAB,TGO,pgdp,0.003784599548087004,0.04740919644176273,0.8631267915027153
BEL,TGO,pgdp,0.0018827154905725182,0.02358453712272394,0.8867113286254392
BFA,TGO,pgdp,0.00176313486464164,0.022086565854336625,0.9087978944797758
ITA,TGO,pgdp,0.001606611443478275,0.020125816895989992,0.9289237113757658
USA,THA,dollar,2184.675330754217,0.24099072857211232,0.24099072857211232
KOR,THA,dollar,1280.3948901111498,0.1412398872657065,0.3822306158378188
DEU,THA,dollar,699.7824736587112,0.0771927461234195,0.45942336196123834
AUS,THA,dollar,684.9507296425479,0.07555666192082254,0.5349800238820609
JPN,THA,dollar,423.29184014258266,0.046693166494160165,0.581673190376221
GBR,THA,dollar,387.94041537211524,0.04279356388888151,0.6244667542651026
SWE,THA,dollar,375.63978329549434,0.04143668570917552,0.665903439974278
KHM,THA,dollar,237.2625793392629,0.026172347466443875,0.6920757874407218
NOR,THA,dollar,206.73400503142787,0.022804751713818638,0.7148805391545405
FRA,THA,dollar,187.2397781274471,0.020654350746495714,0.7355348899010362
CHE,THA,dollar,185.14940435159082,0.02042376238760317,0.7559586522886393
USA,THA,pgdp,0.0043212289034194,0.24099072857211226,0.24099072857211226
KOR,THA,pgdp,0.0025325865720416617,0.14123988726570644,0.3822306158378187
DEU,THA,pgdp,0.0013841508661318555,0.07719274612341948,0.45942336196123823
AUS,THA,pgdp,0.0013548140763450472,0.07555666192082253,0.5349800238820608
JPN,THA,pgdp,8.372598474731879e-4,0.04669316649416015,0.5816731903762209
GBR,THA,pgdp,7.673356823834205e-4,0.042793563888881496,0.6244667542651023
SWE,THA,pgdp,7.430053637719718e-4,0.041436685709175504,0.6659034399742779
KHM,THA,pgdp,4.692989851204609e-4,0.026172347466443865,0.6920757874407217
NOR,THA,pgdp,4.089142882173927e-4,0.02280475171381863,0.7148805391545403
FRA,THA,pgdp,3.703552329832148e-4,0.020654350746495707,0.7355348899010361
CHE,THA,pgdp,3.6622053001292873e-4,0.020423762387603163,0.7559586522886392
RUS,TJK,dollar,2306.7581169894574,0.7895224590946177,0.7895224590946177
DEU,TJK,dollar,191.26458815238163,0.06546316532435888,0.8549856244189766
UKR,TJK,dollar,123.42405465220429,0.042243728296755,0.8972293527157316
KAZ,TJK,dollar,77.50994064097486,0.026528936210705442,0.9237582889264371
RUS,TJK,pgdp,0.2580899927215008,0.789522459094618,0.789522459094618
DEU,TJK,pgdp,0.02139950253152382,0.06546316532435889,0.8549856244189771
UKR,TJK,pgdp,0.013809212648796806,0.04224372829675502,0.8972293527157321
KAZ,TJK,pgdp,0.008672144629529263,0.026528936210705456,0.9237582889264375
RUS,TKM,dollar,1.15,1,1
RUS,TKM,pgdp,2.2996583364757225e-5,1,1
IDN,TLS,dollar,87.19508930523108,0.5171257096056563,0.5171257096056563
AUS,TLS,dollar,56.01980526265993,0.3322352414482331,0.8493609510538893
GBR,TLS,dollar,14.037270342165872,0.08325048399466999,0.9326114350485593
PRT,TLS,dollar,9.02559167115014,0.05352784812474994,0.9861392831733093
IDN,TLS,pgdp,0.024074019992841186,0.5171257096056566,0.5171257096056566
AUS,TLS,pgdp,0.01546671862640592,0.3322352414482333,0.8493609510538899
GBR,TLS,pgdp,0.0038756027381228256,0.08325048399467004,0.9326114350485598
PRT,TLS,pgdp,0.002491909533779834,0.05352784812474998,0.9861392831733098
USA,TON,dollar,85.45007653331007,0.4002447116074791,0.4002447116074791
NZL,TON,dollar,75.42937539528197,0.35330815169075,0.7535528632982291
AUS,TON,dollar,43.17520580289032,0.20223092238466361,0.9557837856828927
USA,TON,pgdp,0.18210770996290912,0.400244711607479,0.400244711607479
NZL,TON,pgdp,0.16075200133744458,0.35330815169074986,0.7535528632982288
AUS,TON,pgdp,0.0920132336321161,0.20223092238466353,0.9557837856828924
USA,TTO,dollar,155.4305497130843,0.6658093622182443,0.6658093622182443
CAN,TTO,dollar,45.03893550353021,0.19293082973681155,0.8587401919550558
GBR,TTO,dollar,19.293750271248673,0.0826475849606853,0.9413877769157412
USA,TTO,pgdp,0.006345008961259651,0.6658093622182444,0.6658093622182444
CAN,TTO,pgdp,0.001838586107448078,0.19293082973681158,0.858740191955056
GBR,TTO,pgdp,7.876123361421354e-4,0.08264758496068532,0.9413877769157413
FRA,TUN,dollar,1058.220411522189,0.48221481500213653,0.48221481500213653
USA,TUN,dollar,445.90638501969164,0.20319270221904376,0.6854075172211803
ITA,TUN,dollar,253.7679665042314,0.11563817111152032,0.8010456883327007
DEU,TUN,dollar,112.27896698730481,0.05116380359412385,0.8522094919268246
ISR,TUN,dollar,59.16043030859925,0.02695850093807211,0.8791679928648967
CAN,TUN,dollar,44.661237797795316,0.020351441238457647,0.8995194341033543
FRA,TUN,pgdp,0.022666133338278487,0.4822148150021365,0.4822148150021365
USA,TUN,pgdp,0.00955091535676181,0.20319270221904373,0.6854075172211802
ITA,TUN,pgdp,0.005435482535717551,0.1156381711115203,0.8010456883327005
DEU,TUN,pgdp,0.0024049149015729953,0.05116380359412385,0.8522094919268244
ISR,TUN,pgdp,0.0012671634256192247,0.026958500938072106,0.8791679928648964
CAN,TUN,pgdp,9.566037093550863e-4,0.020351441238457647,0.8995194341033542
DEU,TUR,dollar,379.07473750776694,0.5376946631315843,0.5376946631315843
FRA,TUR,dollar,69.19643375599647,0.09815096986666165,0.6358456329982459
NLD,TUR,dollar,41.53916503240317,0.05892080146440166,0.6947664344626476
AUT,TUR,dollar,32.741298361311486,0.04644155795930707,0.7412079924219547
USA,TUR,dollar,26.54784763666121,0.037656521470441434,0.7788645138923962
BEL,TUR,dollar,21.104043465983967,0.029934813426927612,0.8087993273193238
GBR,TUR,dollar,19.672785681902127,0.027904660541705144,0.836703987861029
CHE,TUR,dollar,17.55075624194649,0.024894689704888638,0.8615986775659177
DEU,TUR,pgdp,4.623622428332635e-4,0.5376946631315844,0.5376946631315844
FRA,TUR,pgdp,8.439976379810944e-5,0.09815096986666166,0.635845632998246
NLD,TUR,pgdp,5.0665843986529126e-5,0.058920801464401665,0.6947664344626477
AUT,TUR,pgdp,3.9934974942240404e-5,0.04644155795930707,0.7412079924219547
USA,TUR,pgdp,3.238074490635486e-5,0.037656521470441434,0.7788645138923962
BEL,TUR,pgdp,2.574086823599818e-5,0.029934813426927616,0.8087993273193238
GBR,TUR,pgdp,2.399514504834554e-5,0.027904660541705144,0.836703987861029
CHE,TUR,pgdp,2.1406878951621018e-5,0.02489468970488864,0.8615986775659176
USA,TZA,dollar,186.82872262057808,0.3281150730955006,0.3281150730955006
GBR,TZA,dollar,98.82258195998173,0.17355564095535952,0.5016707140508601
CAN,TZA,dollar,49.501079298011476,0.08693550983142162,0.5886062238822817
RWA,TZA,dollar,44.87844887161883,0.07881708618127647,0.6674233100635582
KEN,TZA,dollar,40.31302184675129,0.0707991251260121,0.7382224351895702
BDI,TZA,dollar,35.0071444174981,0.06148075942658604,0.7997031946161564
UGA,TZA,dollar,21.474158641119697,0.03771366111893167,0.837416855735088
ZAF,TZA,dollar,16.657665076224976,0.029254768310897388,0.8666716240459854
AUS,TZA,dollar,11.688567360322443,0.02052786680773172,0.8871994908537171
USA,TZA,pgdp,0.0026442157195107267,0.32811507309550053,0.32811507309550053
GBR,TZA,pgdp,0.0013986512405370338,0.17355564095535952,0.5016707140508602
CAN,TZA,pgdp,7.005964081784715e-4,0.0869355098314216,0.5886062238822817
RWA,TZA,pgdp,6.351716069621211e-4,0.07881708618127647,0.6674233100635583
KEN,TZA,pgdp,5.705564143080971e-4,0.07079912512601207,0.7382224351895703
BDI,TZA,pgdp,4.954615129062334e-4,0.061480759426586026,0.7997031946161564
UGA,TZA,pgdp,3.039270784794285e-4,0.037713661118931666,0.837416855735088
ZAF,TZA,pgdp,2.3575850237091692e-4,0.029254768310897388,0.8666716240459853
AUS,TZA,pgdp,1.6543009618222575e-4,0.020527866807731717,0.8871994908537171
KEN,UGA,dollar,321.2384340692983,0.29669028027901295,0.29669028027901295
USA,UGA,dollar,177.33005914602023,0.16377898585627237,0.4604692661352853
GBR,UGA,dollar,172.14183710627674,0.15898723341363286,0.6194564995489182
SSD,UGA,dollar,144.66957941225962,0.1336143297673123,0.7530708293162305
RWA,UGA,dollar,89.19945256801935,0.08238307679407744,0.8354539061103079
IND,UGA,dollar,54.11498119743683,0.049979663813507276,0.8854335699238152
CAN,UGA,dollar,32.740669951179754,0.03023871839146958,0.9156722883152847
KEN,UGA,pgdp,0.007929807950731515,0.29669028027901273,0.29669028027901273
USA,UGA,pgdp,0.004377413048329247,0.16377898585627224,0.46046926613528494
GBR,UGA,pgdp,0.004249341186379991,0.15898723341363272,0.6194564995489177
SSD,UGA,pgdp,0.0035711853233752326,0.13361432976731216,0.7530708293162299
RWA,UGA,pgdp,0.002201898817693124,0.08238307679407737,0.8354539061103073
IND,UGA,pgdp,0.0013358345784382384,0.04997966381350723,0.8854335699238146
CAN,UGA,pgdp,8.082072297586104e-4,0.030238718391469552,0.9156722883152841
RUS,UKR,dollar,9588.176820988963,0.5309068007192117,0.5309068007192117
USA,UKR,dollar,1234.6502373457158,0.06836380051748149,0.5992706012366932
KAZ,UKR,dollar,1011.1307940316669,0.055987308639627184,0.6552579098763204
DEU,UKR,dollar,936.4834269305253,0.051854010350527426,0.7071119202268478
POL,UKR,dollar,812.2372219226628,0.044974375521742126,0.75208629574859
BLR,UKR,dollar,618.8452040612161,0.03426606888489569,0.7863523646334856
CZE,UKR,dollar,601.6167842583129,0.03331211430001733,0.8196644789335029
ISR,UKR,dollar,403.08370075285364,0.022319141791409394,0.8419836207249123
RUS,UKR,pgdp,0.047997074382894196,0.5309068007192118,0.5309068007192118
USA,UKR,pgdp,0.0061804866957624605,0.0683638005174815,0.5992706012366933
KAZ,UKR,pgdp,0.005061579572222269,0.0559873086396272,0.6552579098763205
DEU,UKR,pgdp,0.004687905275415636,0.05185401035052743,0.7071119202268479
POL,UKR,pgdp,0.004065946121460484,0.04497437552174214,0.75208629574859
BLR,UKR,pgdp,0.0030978526830880725,0.034266068884895695,0.7863523646334857
CZE,UKR,pgdp,0.0030116096191335658,0.033312114300017334,0.819664478933503
ISR,UKR,pgdp,0.002017780723986635,0.022319141791409397,0.8419836207249124
ARG,URY,dollar,44.03838464667767,0.3502520358490387,0.3502520358490387
ESP,URY,dollar,28.47501769377922,0.22647136124771514,0.5767233970967539
USA,URY,dollar,18.946485881351986,0.15068775354432162,0.7274111506410755
BRA,URY,dollar,9.978265255384846,0.07936048853699115,0.8067716391780666
AUS,URY,dollar,3.8449965648624334,0.030580546618147277,0.8373521857962138
CAN,URY,dollar,2.52663364031628,0.020095164331423943,0.8574473501276377
ARG,URY,pgdp,7.170942533527643e-4,0.35025203584903847,0.35025203584903847
ESP,URY,pgdp,4.636698579239968e-4,0.22647136124771494,0.5767233970967535
USA,URY,pgdp,3.085130450572004e-4,0.15068775354432148,0.727411150641075
BRA,URY,pgdp,1.6247999853931603e-4,0.0793604885369911,0.806771639178066
AUS,URY,pgdp,6.260958395602685e-5,0.03058054661814725,0.8373521857962133
CAN,URY,pgdp,4.1142164462548404e-5,0.020095164331423925,0.8574473501276373
MEX,USA,dollar,1844.6837768333153,0.2673842262405155,0.2673842262405155
CAN,USA,dollar,630.612237514588,0.09140632519417137,0.3587905514346868
GBR,USA,dollar,393.77432767965485,0.05707701517316351,0.41586756660785035
PRI,USA,dollar,368.16449044797895,0.05336490657312352,0.4692324731809739
DEU,USA,dollar,275.24343358539153,0.03989613474204837,0.5091286079230223
AUS,USA,dollar,254.25195290567888,0.0368534501965037,0.5459820581195259
ISR,USA,dollar,233.98749986907882,0.033916147248743145,0.5798982053682691
KOR,USA,dollar,157.06105115496953,0.02276577056891863,0.6026639759371877
MEX,USA,pgdp,7.911976851575226e-5,0.26738422624051517,0.26738422624051517
CAN,USA,pgdp,2.704739689368622e-5,0.09140632519417127,0.35879055143468647
GBR,USA,pgdp,1.688925443196731e-5,0.057077015173163444,0.41586756660784996
PRI,USA,pgdp,1.5790830724368682e-5,0.053364906573123455,0.4692324731809734
DEU,USA,pgdp,1.180538205206148e-5,0.03989613474204832,0.5091286079230216
AUS,USA,pgdp,1.0905042864912103e-5,0.036853450196503656,0.5459820581195253
ISR,USA,pgdp,1.0035886398373175e-5,0.0339161472487431,0.5798982053682684
KOR,USA,pgdp,6.7364575794959015e-6,0.022765770568918604,0.602663975937187
RUS,UZB,dollar,9197.526464525383,1,1
RUS,UZB,pgdp,0.13214720108718758,1,1
USA,VCT,dollar,32.34590267878379,0.3767210628063291,0.3767210628063291
CAN,VCT,dollar,19.276538992836855,0.2245068974801662,0.6012279602864953
GBR,VCT,dollar,16.663233017027725,0.19407066528032446,0.79529862556681985
TTO,VCT,dollar,8.9379758698027,0.10409738143489654,0.8993960070017163
BRB,VCT,dollar,3.6766740613439532,0.04282089678364283,0.9422169037853593
USA,VCT,pgdp,0.03708447440879671,0.37672106280632905,0.37672106280632905
CAN,VCT,pgdp,0.02210049056503589,0.22450689748016614,0.6012279602864953
GBR,VCT,pgdp,0.01910434358640122,0.1940706652803244,0.7952986255668196
TTO,VCT,pgdp,0.010247360869837494,0.10409738143489651,0.8993960070017161
BRB,VCT,pgdp,0.004215295102177783,0.04282089678364283,0.9422169037853589
USA,VNM,dollar,7894.7069118364025,0.437137702759491,0.437137702759491
JPN,VNM,dollar,1719.5055504081745,0.09521071707686465,0.5323484198363556
AUS,VNM,dollar,1443.5656665964405,0.07993165374288158,0.6122800735792372
CHN,VNM,dollar,1366.3831341916568,0.07565798085225126,0.6879380544314885
CAN,VNM,dollar,960.2679897881139,0.05317098503810158,0.7411090394695901
KOR,VNM,dollar,918.8684014700916,0.05087864902935173,0.7919876884989417
FRA,VNM,dollar,758.4170857530213,0.041994301536712166,0.8339819900356539
DEU,VNM,dollar,679.8760389241421,0.037645406363463044,0.8716273963991169
MYS,VNM,dollar,482.3054640268386,0.026705728905140582,0.8983331253042575
USA,VNM,pgdp,0.02156213286378483,0.43713770275949054,0.43713770275949054
JPN,VNM,pgdp,0.004696337375403865,0.09521071707686456,0.5323484198363551
AUS,VNM,pgdp,0.003942686542813051,0.07993165374288151,0.6122800735792366
CHN,VNM,pgdp,0.0037318845412871696,0.07565798085225117,0.6879380544314878
CAN,VNM,pgdp,0.0026226972339666705,0.053170985038101526,0.7411090394695894
KOR,VNM,pgdp,0.0025096261049446624,0.05087864902935167,0.7919876884989412
FRA,VNM,pgdp,0.0020713992491162934,0.04199430153671212,0.8339819900356532
DEU,VNM,pgdp,0.001856886854179126,0.037645406363463,0.8716273963991162
MYS,VNM,pgdp,0.00131727936355487,0.026705728905140554,0.8983331253042568
AUS,VUT,dollar,91.66371046490285,0.5423500968859342,0.5423500968859342
NCL,VUT,dollar,42.10725526137169,0.2491375687802832,0.7914876656662174
FRA,VUT,dollar,20.163508328269465,0.11930218229148003,0.9107898479576975
GBR,VUT,dollar,3.934275628183162,0.023278075448823356,0.9340679234065209
AUS,VUT,pgdp,0.0943395481782429,0.542350096885934,0.542350096885934
NCL,VUT,pgdp,0.043336445974492085,0.24913756878028318,0.7914876656662172
FRA,VUT,pgdp,0.020752119412682075,0.11930218229148003,0.9107898479576972
GBR,VUT,pgdp,0.0040491246021901435,0.02327807544882335,0.9340679234065206
NZL,WSM,dollar,105.20528888145328,0.42345856857067427,0.42345856857067427
AUS,WSM,dollar,64.3454266685056,0.25899479542152726,0.6824533639922016
USA,WSM,dollar,55.90855873654236,0.22503581811464773,0.9074891821068493
ASM,WSM,dollar,19.912611242558803,0.08014963832074776,0.987638820427597
NZL,WSM,pgdp,0.12466209506750861,0.4234585685706741,0.4234585685706741
AUS,WSM,pgdp,0.07624555553996253,0.25899479542152715,0.6824533639922012
USA,WSM,pgdp,0.06624836202061817,0.22503581811464765,0.9074891821068489
ASM,WSM,pgdp,0.023595276075515068,0.08014963832074773,0.9876388204275968
DEU,XKX,dollar,923.3453211032037,0.5465802524708131,0.5465802524708131
CHE,XKX,dollar,420.2096550095058,0.2487458311386163,0.7953260836094295
AUT,XKX,dollar,119.47544001448279,0.070724261741159,0.8660503453505884
SVN,XKX,dollar,78.88471594832872,0.04669631932245061,0.912746664673039
SWE,XKX,dollar,42.19392753459661,0.02497696911166488,0.9377236337847039
NOR,XKX,dollar,39.69327783337266,0.023496693299574337,0.9612203270842782
DEU,XKX,pgdp,0.09810263028669827,0.5465802524708131,0.5465802524708131
CHE,XKX,pgdp,0.04464599699172672,0.24874583113861629,0.7953260836094294
AUT,XKX,pgdp,0.012693901893689614,0.070724261741159,0.8660503453505882
SVN,XKX,pgdp,0.00838126099421164,0.046696319322450594,0.9127466646730388
SWE,XKX,pgdp,0.004482976388860274,0.024976969111664884,0.9377236337847037
NOR,XKX,pgdp,0.004217289968504984,0.023496693299574333,0.9612203270842781
GBR,ZAF,dollar,248.10398773073584,0.267742688014607,0.267742688014607
AUS,ZAF,dollar,204.58406130455083,0.22077793670157841,0.4885206247161854
USA,ZAF,dollar,125.26991270252417,0.135185667353036,0.6237062920692213
NZL,ZAF,dollar,73.07327451420798,0.07885739813943173,0.7025636902086531
CAN,ZAF,dollar,48.58314091625916,0.05242874514064178,0.7549924353492948
NLD,ZAF,dollar,22.247813513318196,0.024008841804542987,0.7790012771538378
DEU,ZAF,dollar,21.09910722902079,0.022769209539418547,0.8017704866932563
GBR,ZAF,pgdp,5.905581252927471e-4,0.267742688014607,0.267742688014607
AUS,ZAF,pgdp,4.869683104002145e-4,0.2207779367015784,0.48852062471618535
USA,ZAF,pgdp,2.981780562168046e-4,0.13518566735303597,0.6237062920692212
NZL,ZAF,pgdp,1.7393519709545116e-4,0.07885739813943171,0.702563690208653
CAN,ZAF,pgdp,1.1564170686155006e-4,0.052428745140641775,0.7549924353492947
NLD,ZAF,pgdp,5.295613005038447e-5,0.024008841804542987,0.7790012771538378
DEU,ZAF,pgdp,5.0221882060372685e-5,0.022769209539418547,0.8017704866932563
USA,ZMB,dollar,63.401495656694784,0.26232741085725275,0.26232741085725275
GBR,ZMB,dollar,50.032313288049565,0.20701163384411528,0.46933904470136806
ZWE,ZMB,dollar,24.564424057041713,0.10163674682022945,0.5709757915215975
MWI,ZMB,dollar,24.318717808585248,0.10062012279075788,0.6715959143123554
ZAF,ZMB,dollar,23.46491629734534,0.09708746890760105,0.7686833832199564
AUS,ZMB,dollar,12.401076052888659,0.05131018028996057,0.819993563509917
CAN,ZMB,dollar,6.164129745234467,0.025504448743785872,0.845498012253703
TZA,ZMB,dollar,5.91942782164671,0.024491980167426868,0.8699899924211298
USA,ZMB,pgdp,0.0028693111578529363,0.2623274108572529,0.2623274108572529
GBR,ZMB,pgdp,0.002264272684479416,0.2070116338441154,0.4693390447013683
ZWE,ZMB,pgdp,0.0011116926391571385,0.10163674682022952,0.5709757915215978
MWI,ZMB,pgdp,0.001100572906523893,0.10062012279075795,0.6715959143123558
ZAF,ZMB,pgdp,0.001061933089317409,0.09708746890760109,0.7686833832199568
AUS,ZMB,pgdp,5.612256543695431e-4,0.0513101802899606,0.8199935635099174
CAN,ZMB,pgdp,2.7896512650465874e-4,0.025504448743785886,0.8454980122537032
TZA,ZMB,pgdp,2.678908458047162e-4,0.02449198016742688,0.8699899924211301
ZAF,ZWE,dollar,956.6168536262242,0.4826522974905267,0.4826522974905267
GBR,ZWE,dollar,375.0030338215179,0.1892043561158011,0.6718566536063278
USA,ZWE,dollar,209.96119428545603,0.10593400317126941,0.7777906567775972
AUS,ZWE,dollar,105.03703179714542,0.052995475175149034,0.8307861319527462
BWA,ZWE,dollar,93.59345042709879,0.047221720699848015,0.8780078526525943
MOZ,ZWE,dollar,91.52906432936955,0.0461801535466042,0.9241880061991984
ZAF,ZWE,pgdp,0.033717838861127905,0.48265229749052696,0.48265229749052696
GBR,ZWE,pgdp,0.01321771806434063,0.18920435611580122,0.6718566536063283
USA,ZWE,pgdp,0.007400494449968265,0.10593400317126948,0.7777906567775977
AUS,ZWE,pgdp,0.003702236375161255,0.05299547517514907,0.8307861319527468
BWA,ZWE,pgdp,0.003298884885830083,0.04722172069984804,0.8780078526525948
MOZ,ZWE,pgdp,0.0032261215453907727,0.04618015354660423,0.924188006199199
