iso,name,longitude,latitude,metric,size,label_l,label_r
ABW,Aruba,-69.97564014284046,12.515625722992898,dollar,35975634.76929376,"<p style=""margin-top: 0; margin-bottom: 5px;"">Remittances received:</p><p style=""margin-top: 0; margin-bottom: 5px;"">USD 36 million</p>","<p style=""margin-top: 0; margin-bottom: 5px;"">Top senders:</p><p style=""margin-top: 0; margin-bottom: 2px;"">1. Netherlands - USD 18 million (51%)<p style=""margin-top: 0; margin-bottom: 2px;"">2. United States - USD 10 million (28%)<p style=""margin-top: 0; margin-bottom: 2px;"">3. Curacao - USD 2 million (5%)"
ABW,Aruba,-69.97564014284046,12.515625722992898,pgdp,0.011593135821927898,"<p style=""margin-top: 0; margin-bottom: 5px;"">Remittances received:</p><p style=""margin-top: 0; margin-bottom: 5px;"">1% of GDP</p>","<p style=""margin-top: 0; margin-bottom: 5px;"">Top senders:</p><p style=""margin-top: 0; margin-bottom: 2px;"">1. Netherlands (51% of total)</p><p style=""margin-top: 0; margin-bottom: 2px;"">2. United States (28% of total)</p><p style=""margin-top: 0; margin-bottom: 2px;"">3. Curacao (5% of total)</p>"
AFG,Afghanistan,66.59216131095278,34.13402601376932,dollar,300000000,"<p style=""margin-top: 0; margin-bottom: 5px;"">Remittances received:</p><p style=""margin-top: 0; margin-bottom: 5px;"">USD 300 million</p>","<p style=""margin-top: 0; margin-bottom: 5px;"">Top senders:</p><p style=""margin-top: 0; margin-bottom: 2px;"">1. Iran, Islamic Rep. - USD 123 million (41%)<p style=""margin-top: 0; margin-bottom: 2px;"">2. Pakistan - USD 56 million (19%)<p style=""margin-top: 0; margin-bottom: 2px;"">3. Saudi Arabia - USD 34 million (11%)"
AFG,Afghanistan,66.59216131095278,34.13402601376932,pgdp,0.021028283881033095,"<p style=""margin-top: 0; margin-bottom: 5px;"">Remittances received:</p><p style=""margin-top: 0; margin-bottom: 5px;"">1% of GDP</p>","<p style=""margin-top: 0; margin-bottom: 5px;"">Top senders:</p><p style=""margin-top: 0; margin-bottom: 2px;"">1. Iran, Islamic Rep. (41% of total)</p><p style=""margin-top: 0; margin-bottom: 2px;"">2. Pakistan (19% of total)</p><p style=""margin-top: 0; margin-bottom: 2px;"">3. Saudi Arabia (11% of total)</p>"
AGO,Angola,17.651768783079,-12.167424062667942,dollar,12631149.319774304,"<p style=""margin-top: 0; margin-bottom: 5px;"">Remittances received:</p><p style=""margin-top: 0; margin-bottom: 5px;"">USD 13 million</p>","<p style=""margin-top: 0; margin-bottom: 5px;"">Top senders:</p><p style=""margin-top: 0; margin-bottom: 2px;"">1. Portugal - USD 4 million (30%)<p style=""margin-top: 0; margin-bottom: 2px;"">2. Congo, Dem. Rep. - USD 3 million (22%)<p style=""margin-top: 0; margin-bottom: 2px;"">3. South Africa - USD 854,813 (7%)"
AGO,Angola,17.651768783079,-12.167424062667942,pgdp,1.8992744351927968e-4,"<p style=""margin-top: 0; margin-bottom: 5px;"">Remittances received:</p><p style=""margin-top: 0; margin-bottom: 5px;"">0.01% of GDP</p>","<p style=""margin-top: 0; margin-bottom: 5px;"">Top senders:</p><p style=""margin-top: 0; margin-bottom: 2px;"">1. Portugal (30% of total)</p><p style=""margin-top: 0; margin-bottom: 2px;"">2. Congo, Dem. Rep. (22% of total)</p><p style=""margin-top: 0; margin-bottom: 2px;"">3. South Africa (7% of total)</p>"
ALB,Albania,20.061082767269493,41.14165894891656,dollar,1718320554.367247,"<p style=""margin-top: 0; margin-bottom: 5px;"">Remittances received:</p><p style=""margin-top: 0; margin-bottom: 5px;"">USD 2 billion</p>","<p style=""margin-top: 0; margin-bottom: 5px;"">Top senders:</p><p style=""margin-top: 0; margin-bottom: 2px;"">1. Italy - USD 647 million (38%)<p style=""margin-top: 0; margin-bottom: 2px;"">2. Greece - USD 542 million (32%)<p style=""margin-top: 0; margin-bottom: 2px;"">3. United States - USD 130 million (8%)"
ALB,Albania,20.061082767269493,41.14165894891656,pgdp,0.0958319240347824,"<p style=""margin-top: 0; margin-bottom: 5px;"">Remittances received:</p><p style=""margin-top: 0; margin-bottom: 5px;"">7% of GDP</p>","<p style=""margin-top: 0; margin-bottom: 5px;"">Top senders:</p><p style=""margin-top: 0; margin-bottom: 2px;"">1. Italy (38% of total)</p><p style=""margin-top: 0; margin-bottom: 2px;"">2. Greece (32% of total)</p><p style=""margin-top: 0; margin-bottom: 2px;"">3. United States (8% of total)</p>"
AND,Andorra,1.5802243611232871,42.54859834854764,dollar,NA,NA,NA
AND,Andorra,1.5802243611232871,42.54859834854764,pgdp,NA,NA,NA
ARE,United Arab Emirates,54.27920525789581,24.18250292309135,dollar,NA,NA,NA
ARE,United Arab Emirates,54.27920525789581,24.18250292309135,pgdp,NA,NA,NA
ARG,Argentina,-64.53238503843076,-35.697270518120085,dollar,911591594.0923837,"<p style=""margin-top: 0; margin-bottom: 5px;"">Remittances received:</p><p style=""margin-top: 0; margin-bottom: 5px;"">USD 912 million</p>","<p style=""margin-top: 0; margin-bottom: 5px;"">Top senders:</p><p style=""margin-top: 0; margin-bottom: 2px;"">1. Spain - USD 254 million (28%)<p style=""margin-top: 0; margin-bottom: 2px;"">2. United States - USD 177 million (19%)<p style=""margin-top: 0; margin-bottom: 2px;"">3. Chile - USD 65 million (7%)"
ARG,Argentina,-64.53238503843076,-35.697270518120085,pgdp,0.0018683885802211304,"<p style=""margin-top: 0; margin-bottom: 5px;"">Remittances received:</p><p style=""margin-top: 0; margin-bottom: 5px;"">0.1% of GDP</p>","<p style=""margin-top: 0; margin-bottom: 5px;"">Top senders:</p><p style=""margin-top: 0; margin-bottom: 2px;"">1. Spain (28% of total)</p><p style=""margin-top: 0; margin-bottom: 2px;"">2. United States (19% of total)</p><p style=""margin-top: 0; margin-bottom: 2px;"">3. Chile (7% of total)</p>"
ARM,Armenia,45.05490831965259,40.17841274230679,dollar,1610171648.7374012,"<p style=""margin-top: 0; margin-bottom: 5px;"">Remittances received:</p><p style=""margin-top: 0; margin-bottom: 5px;"">USD 2 billion</p>","<p style=""margin-top: 0; margin-bottom: 5px;"">Top senders:</p><p style=""margin-top: 0; margin-bottom: 2px;"">1. Russian Federation - USD 990 million (61%)<p style=""margin-top: 0; margin-bottom: 2px;"">2. United States - USD 198 million (12%)<p style=""margin-top: 0; margin-bottom: 2px;"">3. Ukraine - USD 82 million (5%)"
ARM,Armenia,45.05490831965259,40.17841274230679,pgdp,0.11601572513995521,"<p style=""margin-top: 0; margin-bottom: 5px;"">Remittances received:</p><p style=""margin-top: 0; margin-bottom: 5px;"">9% of GDP</p>","<p style=""margin-top: 0; margin-bottom: 5px;"">Top senders:</p><p style=""margin-top: 0; margin-bottom: 2px;"">1. Russian Federation (61% of total)</p><p style=""margin-top: 0; margin-bottom: 2px;"">2. United States (12% of total)</p><p style=""margin-top: 0; margin-bottom: 2px;"">3. Ukraine (5% of total)</p>"
ASM,American Samoa,-170.7007316174498,-14.305711987770538,dollar,NA,NA,NA
ASM,American Samoa,-170.7007316174498,-14.305711987770538,pgdp,NA,NA,NA
ATG,Antigua and Barbuda,-61.78530823226373,17.07146759372967,dollar,50142028.447479345,"<p style=""margin-top: 0; margin-bottom: 5px;"">Remittances received:</p><p style=""margin-top: 0; margin-bottom: 5px;"">USD 50 million</p>","<p style=""margin-top: 0; margin-bottom: 5px;"">Top senders:</p><p style=""margin-top: 0; margin-bottom: 2px;"">1. United States - USD 36 million (71%)<p style=""margin-top: 0; margin-bottom: 2px;"">2. United Kingdom - USD 4 million (9%)<p style=""margin-top: 0; margin-bottom: 2px;"">3. Virgin Islands (U.S.) - USD 3 million (6%)"
ATG,Antigua and Barbuda,-61.78530823226373,17.07146759372967,pgdp,0.031312022094135784,"<p style=""margin-top: 0; margin-bottom: 5px;"">Remittances received:</p><p style=""margin-top: 0; margin-bottom: 5px;"">3% of GDP</p>","<p style=""margin-top: 0; margin-bottom: 5px;"">Top senders:</p><p style=""margin-top: 0; margin-bottom: 2px;"">1. United States (71% of total)</p><p style=""margin-top: 0; margin-bottom: 2px;"">2. United Kingdom (9% of total)</p><p style=""margin-top: 0; margin-bottom: 2px;"">3. Virgin Islands (U.S.) (6% of total)</p>"
AUS,Australia,134.02277170916162,-25.69733767398308,dollar,922279965.0201417,"<p style=""margin-top: 0; margin-bottom: 5px;"">Remittances received:</p><p style=""margin-top: 0; margin-bottom: 5px;"">USD 922 million</p>","<p style=""margin-top: 0; margin-bottom: 5px;"">Top senders:</p><p style=""margin-top: 0; margin-bottom: 2px;"">1. United Kingdom - USD 235 million (26%)<p style=""margin-top: 0; margin-bottom: 2px;"">2. United States - USD 150 million (16%)<p style=""margin-top: 0; margin-bottom: 2px;"">3. New Zealand - USD 130 million (14%)"
AUS,Australia,134.02277170916162,-25.69733767398308,pgdp,5.915715174876989e-4,"<p style=""margin-top: 0; margin-bottom: 5px;"">Remittances received:</p><p style=""margin-top: 0; margin-bottom: 5px;"">0.03% of GDP</p>","<p style=""margin-top: 0; margin-bottom: 5px;"">Top senders:</p><p style=""margin-top: 0; margin-bottom: 2px;"">1. United Kingdom (26% of total)</p><p style=""margin-top: 0; margin-bottom: 2px;"">2. United States (16% of total)</p><p style=""margin-top: 0; margin-bottom: 2px;"">3. New Zealand (14% of total)</p>"
AUT,Austria,13.797778364631036,47.631858269895794,dollar,3167048409.0909085,"<p style=""margin-top: 0; margin-bottom: 5px;"">Remittances received:</p><p style=""margin-top: 0; margin-bottom: 5px;"">USD 3 billion</p>","<p style=""margin-top: 0; margin-bottom: 5px;"">Top senders:</p><p style=""margin-top: 0; margin-bottom: 2px;"">1. Germany - USD 1 billion (37%)<p style=""margin-top: 0; margin-bottom: 2px;"">2. Switzerland - USD 373 million (12%)<p style=""margin-top: 0; margin-bottom: 2px;"">3. United States - USD 266 million (8%)"
AUT,Austria,13.797778364631036,47.631858269895794,pgdp,0.006607717610575655,"<p style=""margin-top: 0; margin-bottom: 5px;"">Remittances received:</p><p style=""margin-top: 0; margin-bottom: 5px;"">0.4% of GDP</p>","<p style=""margin-top: 0; margin-bottom: 5px;"">Top senders:</p><p style=""margin-top: 0; margin-bottom: 2px;"">1. Germany (37% of total)</p><p style=""margin-top: 0; margin-bottom: 2px;"">2. Switzerland (12% of total)</p><p style=""margin-top: 0; margin-bottom: 2px;"">3. United States (8% of total)</p>"
AZE,Azerbaijan,48.63459267064432,40.3920509942049,dollar,1526635999.9999998,"<p style=""margin-top: 0; margin-bottom: 5px;"">Remittances received:</p><p style=""margin-top: 0; margin-bottom: 5px;"">USD 2 billion</p>","<p style=""margin-top: 0; margin-bottom: 5px;"">Top senders:</p><p style=""margin-top: 0; margin-bottom: 2px;"">1. Russian Federation - USD 1 billion (66%)<p style=""margin-top: 0; margin-bottom: 2px;"">2. Turkey - USD 127 million (8%)<p style=""margin-top: 0; margin-bottom: 2px;"">3. Ukraine - USD 100 million (7%)"
AZE,Azerbaijan,48.63459267064432,40.3920509942049,pgdp,0.027845408741330766,"<p style=""margin-top: 0; margin-bottom: 5px;"">Remittances received:</p><p style=""margin-top: 0; margin-bottom: 5px;"">2% of GDP</p>","<p style=""margin-top: 0; margin-bottom: 5px;"">Top senders:</p><p style=""margin-top: 0; margin-bottom: 2px;"">1. Russian Federation (66% of total)</p><p style=""margin-top: 0; margin-bottom: 2px;"">2. Turkey (8% of total)</p><p style=""margin-top: 0; margin-bottom: 2px;"">3. Ukraine (7% of total)</p>"
BDI,Burundi,29.88518227845293,-3.261251993278643,dollar,47999999.99999997,"<p style=""margin-top: 0; margin-bottom: 5px;"">Remittances received:</p><p style=""margin-top: 0; margin-bottom: 5px;"">USD 48 million</p>","<p style=""margin-top: 0; margin-bottom: 5px;"">Top senders:</p><p style=""margin-top: 0; margin-bottom: 2px;"">1. Tanzania - USD 16 million (34%)<p style=""margin-top: 0; margin-bottom: 2px;"">2. Rwanda - USD 9 million (19%)<p style=""margin-top: 0; margin-bottom: 2px;"">3. Uganda - USD 3 million (7%)"
BDI,Burundi,29.88518227845293,-3.261251993278643,pgdp,0.017292320240555405,"<p style=""margin-top: 0; margin-bottom: 5px;"">Remittances received:</p><p style=""margin-top: 0; margin-bottom: 5px;"">1% of GDP</p>","<p style=""margin-top: 0; margin-bottom: 5px;"">Top senders:</p><p style=""margin-top: 0; margin-bottom: 2px;"">1. Tanzania (34% of total)</p><p style=""margin-top: 0; margin-bottom: 2px;"">2. Rwanda (19% of total)</p><p style=""margin-top: 0; margin-bottom: 2px;"">3. Uganda (7% of total)</p>"
BEL,Belgium,4.675010154696485,50.6182138854095,dollar,15883123728.57143,"<p style=""margin-top: 0; margin-bottom: 5px;"">Remittances received:</p><p style=""margin-top: 0; margin-bottom: 5px;"">USD 16 billion</p>","<p style=""margin-top: 0; margin-bottom: 5px;"">Top senders:</p><p style=""margin-top: 0; margin-bottom: 2px;"">1. France - USD 4 billion (28%)<p style=""margin-top: 0; margin-bottom: 2px;"">2. Netherlands - USD 2 billion (11%)<p style=""margin-top: 0; margin-bottom: 2px;"">3. Italy - USD 1 billion (8%)"
BEL,Belgium,4.675010154696485,50.6182138854095,pgdp,0.026438876607661706,"<p style=""margin-top: 0; margin-bottom: 5px;"">Remittances received:</p><p style=""margin-top: 0; margin-bottom: 5px;"">1% of GDP</p>","<p style=""margin-top: 0; margin-bottom: 5px;"">Top senders:</p><p style=""margin-top: 0; margin-bottom: 2px;"">1. France (28% of total)</p><p style=""margin-top: 0; margin-bottom: 2px;"">2. Netherlands (11% of total)</p><p style=""margin-top: 0; margin-bottom: 2px;"">3. Italy (8% of total)</p>"
BEN,Benin,2.305714528830206,9.503013199615893,dollar,204285895.60279813,"<p style=""margin-top: 0; margin-bottom: 5px;"">Remittances received:</p><p style=""margin-top: 0; margin-bottom: 5px;"">USD 204 million</p>","<p style=""margin-top: 0; margin-bottom: 5px;"">Top senders:</p><p style=""margin-top: 0; margin-bottom: 2px;"">1. Nigeria - USD 106 million (52%)<p style=""margin-top: 0; margin-bottom: 2px;"">2. Cote d'Ivoire - USD 20 million (10%)<p style=""margin-top: 0; margin-bottom: 2px;"">3. Togo - USD 19 million (9%)"
BEN,Benin,2.305714528830206,9.503013199615893,pgdp,0.011549651947442913,"<p style=""margin-top: 0; margin-bottom: 5px;"">Remittances received:</p><p style=""margin-top: 0; margin-bottom: 5px;"">0.8% of GDP</p>","<p style=""margin-top: 0; margin-bottom: 5px;"">Top senders:</p><p style=""margin-top: 0; margin-bottom: 2px;"">1. Nigeria (52% of total)</p><p style=""margin-top: 0; margin-bottom: 2px;"">2. Cote d'Ivoire (10% of total)</p><p style=""margin-top: 0; margin-bottom: 2px;"">3. Togo (9% of total)</p>"
BFA,Burkina Faso,-1.6932816211842323,12.108709036312735,dollar,560550000.0000004,"<p style=""margin-top: 0; margin-bottom: 5px;"">Remittances received:</p><p style=""margin-top: 0; margin-bottom: 5px;"">USD 561 million</p>","<p style=""margin-top: 0; margin-bottom: 5px;"">Top senders:</p><p style=""margin-top: 0; margin-bottom: 2px;"">1. Cote d'Ivoire - USD 469 million (84%)<p style=""margin-top: 0; margin-bottom: 2px;"">2. Ghana - USD 23 million (4%)<p style=""margin-top: 0; margin-bottom: 2px;"">3. Mali - USD 18 million (3%)"
BFA,Burkina Faso,-1.6932816211842323,12.108709036312735,pgdp,0.028537364419828296,"<p style=""margin-top: 0; margin-bottom: 5px;"">Remittances received:</p><p style=""margin-top: 0; margin-bottom: 5px;"">3% of GDP</p>","<p style=""margin-top: 0; margin-bottom: 5px;"">Top senders:</p><p style=""margin-top: 0; margin-bottom: 2px;"">1. Cote d'Ivoire (84% of total)</p><p style=""margin-top: 0; margin-bottom: 2px;"">2. Ghana (4% of total)</p><p style=""margin-top: 0; margin-bottom: 2px;"">3. Mali (3% of total)</p>"
BGD,Bangladesh,90.43212562608612,23.673728665121,dollar,22202917783.868633,"<p style=""margin-top: 0; margin-bottom: 5px;"">Remittances received:</p><p style=""margin-top: 0; margin-bottom: 5px;"">USD 22 billion</p>","<p style=""margin-top: 0; margin-bottom: 5px;"">Top senders:</p><p style=""margin-top: 0; margin-bottom: 2px;"">1. India - USD 6 billion (26%)<p style=""margin-top: 0; margin-bottom: 2px;"">2. Saudi Arabia - USD 4 billion (19%)<p style=""margin-top: 0; margin-bottom: 2px;"">3. United Arab Emirates - USD 4 billion (17%)"
BGD,Bangladesh,90.43212562608612,23.673728665121,pgdp,0.0533384464758597,"<p style=""margin-top: 0; margin-bottom: 5px;"">Remittances received:</p><p style=""margin-top: 0; margin-bottom: 5px;"">3% of GDP</p>","<p style=""margin-top: 0; margin-bottom: 5px;"">Top senders:</p><p style=""margin-top: 0; margin-bottom: 2px;"">1. India (26% of total)</p><p style=""margin-top: 0; margin-bottom: 2px;"">2. Saudi Arabia (19% of total)</p><p style=""margin-top: 0; margin-bottom: 2px;"">3. United Arab Emirates (17% of total)</p>"
BGR,Bulgaria,25.251739122561908,42.82043677302438,dollar,786060000.0000001,"<p style=""margin-top: 0; margin-bottom: 5px;"">Remittances received:</p><p style=""margin-top: 0; margin-bottom: 5px;"">USD 786 million</p>","<p style=""margin-top: 0; margin-bottom: 5px;"">Top senders:</p><p style=""margin-top: 0; margin-bottom: 2px;"">1. Germany - USD 211 million (27%)<p style=""margin-top: 0; margin-bottom: 2px;"">2. Turkey - USD 173 million (22%)<p style=""margin-top: 0; margin-bottom: 2px;"">3. Spain - USD 91 million (12%)"
BGR,Bulgaria,25.251739122561908,42.82043677302438,pgdp,0.009353236976091217,"<p style=""margin-top: 0; margin-bottom: 5px;"">Remittances received:</p><p style=""margin-top: 0; margin-bottom: 5px;"">0.6% of GDP</p>","<p style=""margin-top: 0; margin-bottom: 5px;"">Top senders:</p><p style=""margin-top: 0; margin-bottom: 2px;"">1. Germany (27% of total)</p><p style=""margin-top: 0; margin-bottom: 2px;"">2. Turkey (22% of total)</p><p style=""margin-top: 0; margin-bottom: 2px;"">3. Spain (12% of total)</p>"
BHR,Bahrain,50.540695402276775,26.04798501537066,dollar,NA,NA,NA
BHR,Bahrain,50.540695402276775,26.04798501537066,pgdp,NA,NA,NA
BHS,"Bahamas, The",-78.07275370060313,24.72162633646784,dollar,NA,NA,NA
BHS,"Bahamas, The",-78.07275370060313,24.72162633646784,pgdp,NA,NA,NA
BIH,Bosnia and Herzegovina,17.83467240787538,44.14415356126429,dollar,2374467959.4508553,"<p style=""margin-top: 0; margin-bottom: 5px;"">Remittances received:</p><p style=""margin-top: 0; margin-bottom: 5px;"">USD 2 billion</p>","<p style=""margin-top: 0; margin-bottom: 5px;"">Top senders:</p><p style=""margin-top: 0; margin-bottom: 2px;"">1. Croatia - USD 519 million (22%)<p style=""margin-top: 0; margin-bottom: 2px;"">2. Serbia - USD 441 million (19%)<p style=""margin-top: 0; margin-bottom: 2px;"">3. Germany - USD 327 million (14%)"
BIH,Bosnia and Herzegovina,17.83467240787538,44.14415356126429,pgdp,0.10040216936119287,"<p style=""margin-top: 0; margin-bottom: 5px;"">Remittances received:</p><p style=""margin-top: 0; margin-bottom: 5px;"">5% of GDP</p>","<p style=""margin-top: 0; margin-bottom: 5px;"">Top senders:</p><p style=""margin-top: 0; margin-bottom: 2px;"">1. Croatia (22% of total)</p><p style=""margin-top: 0; margin-bottom: 2px;"">2. Serbia (19% of total)</p><p style=""margin-top: 0; margin-bottom: 2px;"">3. Germany (14% of total)</p>"
BLR,Belarus,27.964252054715104,53.46791374543163,dollar,1136746555.66,"<p style=""margin-top: 0; margin-bottom: 5px;"">Remittances received:</p><p style=""margin-top: 0; margin-bottom: 5px;"">USD 1 billion</p>","<p style=""margin-top: 0; margin-bottom: 5px;"">Top senders:</p><p style=""margin-top: 0; margin-bottom: 2px;"">1. Russian Federation - USD 578 million (51%)<p style=""margin-top: 0; margin-bottom: 2px;"">2. Ukraine - USD 180 million (16%)<p style=""margin-top: 0; margin-bottom: 2px;"">3. Poland - USD 77 million (7%)"
BLR,Belarus,27.964252054715104,53.46791374543163,pgdp,0.01631527802729634,"<p style=""margin-top: 0; margin-bottom: 5px;"">Remittances received:</p><p style=""margin-top: 0; margin-bottom: 5px;"">1% of GDP</p>","<p style=""margin-top: 0; margin-bottom: 5px;"">Top senders:</p><p style=""margin-top: 0; margin-bottom: 2px;"">1. Russian Federation (51% of total)</p><p style=""margin-top: 0; margin-bottom: 2px;"">2. Ukraine (16% of total)</p><p style=""margin-top: 0; margin-bottom: 2px;"">3. Poland (7% of total)</p>"
BLZ,Belize,-88.68273510023441,17.24252476647155,dollar,135359896.99717805,"<p style=""margin-top: 0; margin-bottom: 5px;"">Remittances received:</p><p style=""margin-top: 0; margin-bottom: 5px;"">USD 135 million</p>","<p style=""margin-top: 0; margin-bottom: 5px;"">Top senders:</p><p style=""margin-top: 0; margin-bottom: 2px;"">1. United States - USD 116 million (85%)<p style=""margin-top: 0; margin-bottom: 2px;"">2. Canada - USD 5 million (4%)<p style=""margin-top: 0; margin-bottom: 2px;"">3. Mexico - USD 4 million (3%)"
BLZ,Belize,-88.68273510023441,17.24252476647155,pgdp,0.05582829443625933,"<p style=""margin-top: 0; margin-bottom: 5px;"">Remittances received:</p><p style=""margin-top: 0; margin-bottom: 5px;"">5% of GDP</p>","<p style=""margin-top: 0; margin-bottom: 5px;"">Top senders:</p><p style=""margin-top: 0; margin-bottom: 2px;"">1. United States (85% of total)</p><p style=""margin-top: 0; margin-bottom: 2px;"">2. Canada (4% of total)</p><p style=""margin-top: 0; margin-bottom: 2px;"">3. Mexico (3% of total)</p>"
BMU,Bermuda,-64.7458500599169,32.315067430740726,dollar,1574100922.762005,"<p style=""margin-top: 0; margin-bottom: 5px;"">Remittances received:</p><p style=""margin-top: 0; margin-bottom: 5px;"">USD 2 billion</p>","<p style=""margin-top: 0; margin-bottom: 5px;"">Top senders:</p><p style=""margin-top: 0; margin-bottom: 2px;"">1. United States - USD 981 million (62%)<p style=""margin-top: 0; margin-bottom: 2px;"">2. United Kingdom - USD 355 million (23%)<p style=""margin-top: 0; margin-bottom: 2px;"">3. Canada - USD 148 million (9%)"
BMU,Bermuda,-64.7458500599169,32.315067430740726,pgdp,0.22085825047171473,"<p style=""margin-top: 0; margin-bottom: 5px;"">Remittances received:</p><p style=""margin-top: 0; margin-bottom: 5px;"">21% of GDP</p>","<p style=""margin-top: 0; margin-bottom: 5px;"">Top senders:</p><p style=""margin-top: 0; margin-bottom: 2px;"">1. United States (62% of total)</p><p style=""margin-top: 0; margin-bottom: 2px;"">2. United Kingdom (23% of total)</p><p style=""margin-top: 0; margin-bottom: 2px;"">3. Canada (9% of total)</p>"
BOL,Bolivia,-64.45209597511206,-16.7312488393574,dollar,1417100383.199179,"<p style=""margin-top: 0; margin-bottom: 5px;"">Remittances received:</p><p style=""margin-top: 0; margin-bottom: 5px;"">USD 1 billion</p>","<p style=""margin-top: 0; margin-bottom: 5px;"">Top senders:</p><p style=""margin-top: 0; margin-bottom: 2px;"">1. Argentina - USD 617 million (44%)<p style=""margin-top: 0; margin-bottom: 2px;"">2. Spain - USD 258 million (18%)<p style=""margin-top: 0; margin-bottom: 2px;"">3. Chile - USD 193 million (14%)"
BOL,Bolivia,-64.45209597511206,-16.7312488393574,pgdp,0.0350714365660742,"<p style=""margin-top: 0; margin-bottom: 5px;"">Remittances received:</p><p style=""margin-top: 0; margin-bottom: 5px;"">3% of GDP</p>","<p style=""margin-top: 0; margin-bottom: 5px;"">Top senders:</p><p style=""margin-top: 0; margin-bottom: 2px;"">1. Argentina (44% of total)</p><p style=""margin-top: 0; margin-bottom: 2px;"">2. Spain (18% of total)</p><p style=""margin-top: 0; margin-bottom: 2px;"">3. Chile (14% of total)</p>"
BRA,Brazil,-54.355206608256424,-11.524630416426652,dollar,4102018147.700001,"<p style=""margin-top: 0; margin-bottom: 5px;"">Remittances received:</p><p style=""margin-top: 0; margin-bottom: 5px;"">USD 4 billion</p>","<p style=""margin-top: 0; margin-bottom: 5px;"">Top senders:</p><p style=""margin-top: 0; margin-bottom: 2px;"">1. United States - USD 1 billion (28%)<p style=""margin-top: 0; margin-bottom: 2px;"">2. Japan - USD 421 million (10%)<p style=""margin-top: 0; margin-bottom: 2px;"">3. Portugal - USD 307 million (7%)"
BRA,Brazil,-54.355206608256424,-11.524630416426652,pgdp,0.0024866400326665804,"<p style=""margin-top: 0; margin-bottom: 5px;"">Remittances received:</p><p style=""margin-top: 0; margin-bottom: 5px;"">0.1% of GDP</p>","<p style=""margin-top: 0; margin-bottom: 5px;"">Top senders:</p><p style=""margin-top: 0; margin-bottom: 2px;"">1. United States (28% of total)</p><p style=""margin-top: 0; margin-bottom: 2px;"">2. Japan (10% of total)</p><p style=""margin-top: 0; margin-bottom: 2px;"">3. Portugal (7% of total)</p>"
BRB,Barbados,-59.557383949150285,13.183219369337529,dollar,NA,NA,NA
BRB,Barbados,-59.557383949150285,13.183219369337529,pgdp,NA,NA,NA
BRN,Brunei Darussalam,114.6430958360464,4.543205889917609,dollar,NA,NA,NA
BRN,Brunei Darussalam,114.6430958360464,4.543205889917609,pgdp,NA,NA,NA
BTN,Bhutan,90.4671664717386,27.42163933959824,dollar,57687180.00000001,"<p style=""margin-top: 0; margin-bottom: 5px;"">Remittances received:</p><p style=""margin-top: 0; margin-bottom: 5px;"">USD 58 million</p>","<p style=""margin-top: 0; margin-bottom: 5px;"">Top senders:</p><p style=""margin-top: 0; margin-bottom: 2px;"">1. Nepal - USD 25 million (44%)<p style=""margin-top: 0; margin-bottom: 2px;"">2. Australia - USD 15 million (26%)<p style=""margin-top: 0; margin-bottom: 2px;"">3. India - USD 9 million (15%)"
BTN,Bhutan,90.4671664717386,27.42163933959824,pgdp,0.020840715062674767,"<p style=""margin-top: 0; margin-bottom: 5px;"">Remittances received:</p><p style=""margin-top: 0; margin-bottom: 5px;"">2% of GDP</p>","<p style=""margin-top: 0; margin-bottom: 5px;"">Top senders:</p><p style=""margin-top: 0; margin-bottom: 2px;"">1. Nepal (44% of total)</p><p style=""margin-top: 0; margin-bottom: 2px;"">2. Australia (26% of total)</p><p style=""margin-top: 0; margin-bottom: 2px;"">3. India (15% of total)</p>"
BWA,Botswana,23.85779956995608,-22.236609002062902,dollar,57629183.974567816,"<p style=""margin-top: 0; margin-bottom: 5px;"">Remittances received:</p><p style=""margin-top: 0; margin-bottom: 5px;"">USD 58 million</p>","<p style=""margin-top: 0; margin-bottom: 5px;"">Top senders:</p><p style=""margin-top: 0; margin-bottom: 2px;"">1. South Africa - USD 45 million (77%)<p style=""margin-top: 0; margin-bottom: 2px;"">2. United Kingdom - USD 4 million (6%)<p style=""margin-top: 0; margin-bottom: 2px;"">3. Zimbabwe - USD 3 million (6%)"
BWA,Botswana,23.85779956995608,-22.236609002062902,pgdp,0.0030756780713448273,"<p style=""margin-top: 0; margin-bottom: 5px;"">Remittances received:</p><p style=""margin-top: 0; margin-bottom: 5px;"">0.3% of GDP</p>","<p style=""margin-top: 0; margin-bottom: 5px;"">Top senders:</p><p style=""margin-top: 0; margin-bottom: 2px;"">1. South Africa (77% of total)</p><p style=""margin-top: 0; margin-bottom: 2px;"">2. United Kingdom (6% of total)</p><p style=""margin-top: 0; margin-bottom: 2px;"">3. Zimbabwe (6% of total)</p>"
CAF,Central African Republic,20.520743419397256,6.331390033944319,dollar,NA,NA,NA
CAF,Central African Republic,20.520743419397256,6.331390033944319,pgdp,NA,NA,NA
CAN,Canada,-98.41680517868062,57.55048004465563,dollar,806391718.4295878,"<p style=""margin-top: 0; margin-bottom: 5px;"">Remittances received:</p><p style=""margin-top: 0; margin-bottom: 5px;"">USD 806 million</p>","<p style=""margin-top: 0; margin-bottom: 5px;"">Top senders:</p><p style=""margin-top: 0; margin-bottom: 2px;"">1. United States - USD 511 million (63%)<p style=""margin-top: 0; margin-bottom: 2px;"">2. United Kingdom - USD 56 million (7%)<p style=""margin-top: 0; margin-bottom: 2px;"">3. Australia - USD 34 million (4%)"
CAN,Canada,-98.41680517868062,57.55048004465563,pgdp,4.0169508991225276e-4,"<p style=""margin-top: 0; margin-bottom: 5px;"">Remittances received:</p><p style=""margin-top: 0; margin-bottom: 5px;"">0.03% of GDP</p>","<p style=""margin-top: 0; margin-bottom: 5px;"">Top senders:</p><p style=""margin-top: 0; margin-bottom: 2px;"">1. United States (63% of total)</p><p style=""margin-top: 0; margin-bottom: 2px;"">2. United Kingdom (7% of total)</p><p style=""margin-top: 0; margin-bottom: 2px;"">3. Australia (4% of total)</p>"
CHE,Switzerland,8.286928794895285,46.73678128684938,dollar,3019222345.768392,"<p style=""margin-top: 0; margin-bottom: 5px;"">Remittances received:</p><p style=""margin-top: 0; margin-bottom: 5px;"">USD 3 billion</p>","<p style=""margin-top: 0; margin-bottom: 5px;"">Top senders:</p><p style=""margin-top: 0; margin-bottom: 2px;"">1. Italy - USD 816 million (27%)<p style=""margin-top: 0; margin-bottom: 2px;"">2. France - USD 413 million (14%)<p style=""margin-top: 0; margin-bottom: 2px;"">3. Germany - USD 407 million (13%)"
CHE,Switzerland,8.286928794895285,46.73678128684938,pgdp,0.0037118142724741864,"<p style=""margin-top: 0; margin-bottom: 5px;"">Remittances received:</p><p style=""margin-top: 0; margin-bottom: 5px;"">0.2% of GDP</p>","<p style=""margin-top: 0; margin-bottom: 5px;"">Top senders:</p><p style=""margin-top: 0; margin-bottom: 2px;"">1. Italy (27% of total)</p><p style=""margin-top: 0; margin-bottom: 2px;"">2. France (14% of total)</p><p style=""margin-top: 0; margin-bottom: 2px;"">3. Germany (13% of total)</p>"
CHI,Channel Islands,-2.353991529048494,49.430880056437005,dollar,NA,NA,NA
CHI,Channel Islands,-2.353991529048494,49.430880056437005,pgdp,NA,NA,NA
CHL,Chile,-70.76863431739216,-37.82938283049967,dollar,76094074.25567254,"<p style=""margin-top: 0; margin-bottom: 5px;"">Remittances received:</p><p style=""margin-top: 0; margin-bottom: 5px;"">USD 76 million</p>","<p style=""margin-top: 0; margin-bottom: 5px;"">Top senders:</p><p style=""margin-top: 0; margin-bottom: 2px;"">1. Argentina - USD 24 million (31%)<p style=""margin-top: 0; margin-bottom: 2px;"">2. United States - USD 12 million (16%)<p style=""margin-top: 0; margin-bottom: 2px;"">3. Spain - USD 7 million (9%)"
CHL,Chile,-70.76863431739216,-37.82938283049967,pgdp,2.4036198269511219e-4,"<p style=""margin-top: 0; margin-bottom: 5px;"">Remittances received:</p><p style=""margin-top: 0; margin-bottom: 5px;"">0.01% of GDP</p>","<p style=""margin-top: 0; margin-bottom: 5px;"">Top senders:</p><p style=""margin-top: 0; margin-bottom: 2px;"">1. Argentina (31% of total)</p><p style=""margin-top: 0; margin-bottom: 2px;"">2. United States (16% of total)</p><p style=""margin-top: 0; margin-bottom: 2px;"">3. Spain (9% of total)</p>"
CHN,China,104.69113855849604,38.07325481105728,dollar,52999999999.99998,"<p style=""margin-top: 0; margin-bottom: 5px;"">Remittances received:</p><p style=""margin-top: 0; margin-bottom: 5px;"">USD 53 billion</p>","<p style=""margin-top: 0; margin-bottom: 5px;"">Top senders:</p><p style=""margin-top: 0; margin-bottom: 2px;"">1. United States - USD 13 billion (24%)<p style=""margin-top: 0; margin-bottom: 2px;"">2. Hong Kong SAR, China - USD 12 billion (23%)<p style=""margin-top: 0; margin-bottom: 2px;"">3. Korea, Rep. - USD 4 billion (7%)"
CHN,China,104.69113855849604,38.07325481105728,pgdp,0.0029741096167398254,"<p style=""margin-top: 0; margin-bottom: 5px;"">Remittances received:</p><p style=""margin-top: 0; margin-bottom: 5px;"">0.2% of GDP</p>","<p style=""margin-top: 0; margin-bottom: 5px;"">Top senders:</p><p style=""margin-top: 0; margin-bottom: 2px;"">1. United States (24% of total)</p><p style=""margin-top: 0; margin-bottom: 2px;"">2. Hong Kong SAR, China (23% of total)</p><p style=""margin-top: 0; margin-bottom: 2px;"">3. Korea, Rep. (7% of total)</p>"
CIV,Cote d'Ivoire,-5.571710194917734,7.536779279421307,dollar,347999999.9999999,"<p style=""margin-top: 0; margin-bottom: 5px;"">Remittances received:</p><p style=""margin-top: 0; margin-bottom: 5px;"">USD 348 million</p>","<p style=""margin-top: 0; margin-bottom: 5px;"">Top senders:</p><p style=""margin-top: 0; margin-bottom: 2px;"">1. Burkina Faso - USD 145 million (42%)<p style=""margin-top: 0; margin-bottom: 2px;"">2. France - USD 57 million (16%)<p style=""margin-top: 0; margin-bottom: 2px;"">3. Mali - USD 50 million (15%)"
CIV,Cote d'Ivoire,-5.571710194917734,7.536779279421307,pgdp,0.004846049099970237,"<p style=""margin-top: 0; margin-bottom: 5px;"">Remittances received:</p><p style=""margin-top: 0; margin-bottom: 5px;"">0.4% of GDP</p>","<p style=""margin-top: 0; margin-bottom: 5px;"">Top senders:</p><p style=""margin-top: 0; margin-bottom: 2px;"">1. Burkina Faso (42% of total)</p><p style=""margin-top: 0; margin-bottom: 2px;"">2. France (16% of total)</p><p style=""margin-top: 0; margin-bottom: 2px;"">3. Mali (15% of total)</p>"
CMR,Cameroon,12.948474142398265,6.294168487480992,dollar,350198975.6765322,"<p style=""margin-top: 0; margin-bottom: 5px;"">Remittances received:</p><p style=""margin-top: 0; margin-bottom: 5px;"">USD 350 million</p>","<p style=""margin-top: 0; margin-bottom: 5px;"">Top senders:</p><p style=""margin-top: 0; margin-bottom: 2px;"">1. France - USD 94 million (27%)<p style=""margin-top: 0; margin-bottom: 2px;"">2. United States - USD 66 million (19%)<p style=""margin-top: 0; margin-bottom: 2px;"">3. Gabon - USD 29 million (8%)"
CMR,Cameroon,12.948474142398265,6.294168487480992,pgdp,0.007783319950704213,"<p style=""margin-top: 0; margin-bottom: 5px;"">Remittances received:</p><p style=""margin-top: 0; margin-bottom: 5px;"">0.4% of GDP</p>","<p style=""margin-top: 0; margin-bottom: 5px;"">Top senders:</p><p style=""margin-top: 0; margin-bottom: 2px;"">1. France (27% of total)</p><p style=""margin-top: 0; margin-bottom: 2px;"">2. United States (19% of total)</p><p style=""margin-top: 0; margin-bottom: 2px;"">3. Gabon (8% of total)</p>"
COD,"Congo, Dem. Rep.",23.419827574282188,-3.338629596207896,dollar,1330881114.0875828,"<p style=""margin-top: 0; margin-bottom: 5px;"">Remittances received:</p><p style=""margin-top: 0; margin-bottom: 5px;"">USD 1 billion</p>","<p style=""margin-top: 0; margin-bottom: 5px;"">Top senders:</p><p style=""margin-top: 0; margin-bottom: 2px;"">1. Uganda - USD 190 million (14%)<p style=""margin-top: 0; margin-bottom: 2px;"">2. France - USD 164 million (12%)<p style=""margin-top: 0; margin-bottom: 2px;"">3. Belgium - USD 148 million (11%)"
COD,"Congo, Dem. Rep.",23.419827574282188,-3.338629596207896,pgdp,0.024054176928985486,"<p style=""margin-top: 0; margin-bottom: 5px;"">Remittances received:</p><p style=""margin-top: 0; margin-bottom: 5px;"">0.9% of GDP</p>","<p style=""margin-top: 0; margin-bottom: 5px;"">Top senders:</p><p style=""margin-top: 0; margin-bottom: 2px;"">1. Uganda (14% of total)</p><p style=""margin-top: 0; margin-bottom: 2px;"">2. France (12% of total)</p><p style=""margin-top: 0; margin-bottom: 2px;"">3. Belgium (11% of total)</p>"
COG,"Congo, Rep.",14.879732849491392,-0.7294391595233845,dollar,NA,NA,NA
COG,"Congo, Rep.",14.879732849491392,-0.7294391595233845,pgdp,NA,NA,NA
COL,Colombia,-72.6445066243485,4.187753877352739,dollar,8608268970.885418,"<p style=""margin-top: 0; margin-bottom: 5px;"">Remittances received:</p><p style=""margin-top: 0; margin-bottom: 5px;"">USD 9 billion</p>","<p style=""margin-top: 0; margin-bottom: 5px;"">Top senders:</p><p style=""margin-top: 0; margin-bottom: 2px;"">1. United States - USD 3 billion (30%)<p style=""margin-top: 0; margin-bottom: 2px;"">2. Venezuela, RB - USD 2 billion (27%)<p style=""margin-top: 0; margin-bottom: 2px;"">3. Spain - USD 1 billion (15%)"
COL,Colombia,-72.6445066243485,4.187753877352739,pgdp,0.027026529641749644,"<p style=""margin-top: 0; margin-bottom: 5px;"">Remittances received:</p><p style=""margin-top: 0; margin-bottom: 5px;"">2% of GDP</p>","<p style=""margin-top: 0; margin-bottom: 5px;"">Top senders:</p><p style=""margin-top: 0; margin-bottom: 2px;"">1. United States (30% of total)</p><p style=""margin-top: 0; margin-bottom: 2px;"">2. Venezuela, RB (27% of total)</p><p style=""margin-top: 0; margin-bottom: 2px;"">3. Spain (15% of total)</p>"
COM,Comoros,43.34826587429403,-11.658861474508493,dollar,243330000,"<p style=""margin-top: 0; margin-bottom: 5px;"">Remittances received:</p><p style=""margin-top: 0; margin-bottom: 5px;"">USD 243 million</p>","<p style=""margin-top: 0; margin-bottom: 5px;"">Top senders:</p><p style=""margin-top: 0; margin-bottom: 2px;"">1. France - USD 225 million (93%)<p style=""margin-top: 0; margin-bottom: 2px;"">2. Madagascar - USD 9 million (4%)<p style=""margin-top: 0; margin-bottom: 2px;"">3. Libya - USD 5 million (2%)"
COM,Comoros,43.34826587429403,-11.658861474508493,pgdp,0.18774166742075388,"<p style=""margin-top: 0; margin-bottom: 5px;"">Remittances received:</p><p style=""margin-top: 0; margin-bottom: 5px;"">19% of GDP</p>","<p style=""margin-top: 0; margin-bottom: 5px;"">Top senders:</p><p style=""margin-top: 0; margin-bottom: 2px;"">1. France (93% of total)</p><p style=""margin-top: 0; margin-bottom: 2px;"">2. Madagascar (4% of total)</p><p style=""margin-top: 0; margin-bottom: 2px;"">3. Libya (2% of total)</p>"
CPV,Cabo Verde,-23.63401005900474,15.076411518651645,dollar,312105152.9649155,"<p style=""margin-top: 0; margin-bottom: 5px;"">Remittances received:</p><p style=""margin-top: 0; margin-bottom: 5px;"">USD 312 million</p>","<p style=""margin-top: 0; margin-bottom: 5px;"">Top senders:</p><p style=""margin-top: 0; margin-bottom: 2px;"">1. Portugal - USD 101 million (32%)<p style=""margin-top: 0; margin-bottom: 2px;"">2. United States - USD 73 million (23%)<p style=""margin-top: 0; margin-bottom: 2px;"">3. France - USD 51 million (16%)"
CPV,Cabo Verde,-23.63401005900474,15.076411518651645,pgdp,0.15621923281820238,"<p style=""margin-top: 0; margin-bottom: 5px;"">Remittances received:</p><p style=""margin-top: 0; margin-bottom: 5px;"">11% of GDP</p>","<p style=""margin-top: 0; margin-bottom: 5px;"">Top senders:</p><p style=""margin-top: 0; margin-bottom: 2px;"">1. Portugal (32% of total)</p><p style=""margin-top: 0; margin-bottom: 2px;"">2. United States (23% of total)</p><p style=""margin-top: 0; margin-bottom: 2px;"">3. France (16% of total)</p>"
CRI,Costa Rica,-84.14673625701816,9.863467407406214,dollar,594125601.6811676,"<p style=""margin-top: 0; margin-bottom: 5px;"">Remittances received:</p><p style=""margin-top: 0; margin-bottom: 5px;"">USD 594 million</p>","<p style=""margin-top: 0; margin-bottom: 5px;"">Top senders:</p><p style=""margin-top: 0; margin-bottom: 2px;"">1. United States - USD 395 million (66%)<p style=""margin-top: 0; margin-bottom: 2px;"">2. Nicaragua - USD 40 million (7%)<p style=""margin-top: 0; margin-bottom: 2px;"">3. Panama - USD 34 million (6%)"
CRI,Costa Rica,-84.14673625701816,9.863467407406214,pgdp,0.009145920014992169,"<p style=""margin-top: 0; margin-bottom: 5px;"">Remittances received:</p><p style=""margin-top: 0; margin-bottom: 5px;"">0.7% of GDP</p>","<p style=""margin-top: 0; margin-bottom: 5px;"">Top senders:</p><p style=""margin-top: 0; margin-bottom: 2px;"">1. United States (66% of total)</p><p style=""margin-top: 0; margin-bottom: 2px;"">2. Nicaragua (7% of total)</p><p style=""margin-top: 0; margin-bottom: 2px;"">3. Panama (6% of total)</p>"
CUB,Cuba,-79.69817857618705,21.476176522869448,dollar,NA,NA,NA
CUB,Cuba,-79.69817857618705,21.476176522869448,pgdp,NA,NA,NA
CUW,Curacao,-68.96939768599042,12.199996647939832,dollar,NA,NA,NA
CUW,Curacao,-68.96939768599042,12.199996647939832,pgdp,NA,NA,NA
CYM,Cayman Islands,-81.25203208977878,19.311231805620288,dollar,14000000.000000002,"<p style=""margin-top: 0; margin-bottom: 5px;"">Remittances received:</p><p style=""margin-top: 0; margin-bottom: 5px;"">USD 14 million</p>","<p style=""margin-top: 0; margin-bottom: 5px;"">Top senders:</p><p style=""margin-top: 0; margin-bottom: 2px;"">1. United Kingdom - USD 9 million (65%)<p style=""margin-top: 0; margin-bottom: 2px;"">2. Canada - USD 2 million (15%)<p style=""margin-top: 0; margin-bottom: 2px;"">3. Australia - USD 1 million (9%)"
CYM,Cayman Islands,-81.25203208977878,19.311231805620288,pgdp,0.0023223511231780978,"<p style=""margin-top: 0; margin-bottom: 5px;"">Remittances received:</p><p style=""margin-top: 0; margin-bottom: 5px;"">0.2% of GDP</p>","<p style=""margin-top: 0; margin-bottom: 5px;"">Top senders:</p><p style=""margin-top: 0; margin-bottom: 2px;"">1. United Kingdom (65% of total)</p><p style=""margin-top: 0; margin-bottom: 2px;"">2. Canada (15% of total)</p><p style=""margin-top: 0; margin-bottom: 2px;"">3. Australia (9% of total)</p>"
CYP,Cyprus,33.375346009199205,35.11700416345239,dollar,665581076.7701687,"<p style=""margin-top: 0; margin-bottom: 5px;"">Remittances received:</p><p style=""margin-top: 0; margin-bottom: 5px;"">USD 666 million</p>","<p style=""margin-top: 0; margin-bottom: 5px;"">Top senders:</p><p style=""margin-top: 0; margin-bottom: 2px;"">1. United Kingdom - USD 234 million (35%)<p style=""margin-top: 0; margin-bottom: 2px;"">2. United States - USD 133 million (20%)<p style=""margin-top: 0; margin-bottom: 2px;"">3. Greece - USD 93 million (14%)"
CYP,Cyprus,33.375346009199205,35.11700416345239,pgdp,0.022575142800286958,"<p style=""margin-top: 0; margin-bottom: 5px;"">Remittances received:</p><p style=""margin-top: 0; margin-bottom: 5px;"">2% of GDP</p>","<p style=""margin-top: 0; margin-bottom: 5px;"">Top senders:</p><p style=""margin-top: 0; margin-bottom: 2px;"">1. United Kingdom (35% of total)</p><p style=""margin-top: 0; margin-bottom: 2px;"">2. United States (20% of total)</p><p style=""margin-top: 0; margin-bottom: 2px;"">3. Greece (14% of total)</p>"
CZE,Czech Republic,15.383273292023532,49.74917370930982,dollar,4386865792.787088,"<p style=""margin-top: 0; margin-bottom: 5px;"">Remittances received:</p><p style=""margin-top: 0; margin-bottom: 5px;"">USD 4 billion</p>","<p style=""margin-top: 0; margin-bottom: 5px;"">Top senders:</p><p style=""margin-top: 0; margin-bottom: 2px;"">1. Germany - USD 3 billion (59%)<p style=""margin-top: 0; margin-bottom: 2px;"">2. United States - USD 484 million (11%)<p style=""margin-top: 0; margin-bottom: 2px;"">3. Slovak Republic - USD 369 million (8%)"
CZE,Czech Republic,15.383273292023532,49.74917370930982,pgdp,0.01556778744216458,"<p style=""margin-top: 0; margin-bottom: 5px;"">Remittances received:</p><p style=""margin-top: 0; margin-bottom: 5px;"">1% of GDP</p>","<p style=""margin-top: 0; margin-bottom: 5px;"">Top senders:</p><p style=""margin-top: 0; margin-bottom: 2px;"">1. Germany (59% of total)</p><p style=""margin-top: 0; margin-bottom: 2px;"">2. United States (11% of total)</p><p style=""margin-top: 0; margin-bottom: 2px;"">3. Slovak Republic (8% of total)</p>"
DEU,Germany,10.426171427430804,51.08304539800482,dollar,20411777594.011547,"<p style=""margin-top: 0; margin-bottom: 5px;"">Remittances received:</p><p style=""margin-top: 0; margin-bottom: 5px;"">USD 20 billion</p>","<p style=""margin-top: 0; margin-bottom: 5px;"">Top senders:</p><p style=""margin-top: 0; margin-bottom: 2px;"">1. United States - USD 3 billion (15%)<p style=""margin-top: 0; margin-bottom: 2px;"">2. Switzerland - USD 2 billion (10%)<p style=""margin-top: 0; margin-bottom: 2px;"">3. United Kingdom - USD 2 billion (8%)"
DEU,Germany,10.426171427430804,51.08304539800482,pgdp,0.004770774529039017,"<p style=""margin-top: 0; margin-bottom: 5px;"">Remittances received:</p><p style=""margin-top: 0; margin-bottom: 5px;"">0.2% of GDP</p>","<p style=""margin-top: 0; margin-bottom: 5px;"">Top senders:</p><p style=""margin-top: 0; margin-bottom: 2px;"">1. United States (15% of total)</p><p style=""margin-top: 0; margin-bottom: 2px;"">2. Switzerland (10% of total)</p><p style=""margin-top: 0; margin-bottom: 2px;"">3. United Kingdom (8% of total)</p>"
DJI,Djibouti,42.613496898789506,11.750235727618804,dollar,65000000.00000002,"<p style=""margin-top: 0; margin-bottom: 5px;"">Remittances received:</p><p style=""margin-top: 0; margin-bottom: 5px;"">USD 65 million</p>","<p style=""margin-top: 0; margin-bottom: 5px;"">Top senders:</p><p style=""margin-top: 0; margin-bottom: 2px;"">1. France - USD 29 million (45%)<p style=""margin-top: 0; margin-bottom: 2px;"">2. Canada - USD 8 million (12%)<p style=""margin-top: 0; margin-bottom: 2px;"">3. Ethiopia - USD 7 million (11%)"
DJI,Djibouti,42.613496898789506,11.750235727618804,pgdp,0.01919768316620819,"<p style=""margin-top: 0; margin-bottom: 5px;"">Remittances received:</p><p style=""margin-top: 0; margin-bottom: 5px;"">1% of GDP</p>","<p style=""margin-top: 0; margin-bottom: 5px;"">Top senders:</p><p style=""margin-top: 0; margin-bottom: 2px;"">1. France (45% of total)</p><p style=""margin-top: 0; margin-bottom: 2px;"">2. Canada (12% of total)</p><p style=""margin-top: 0; margin-bottom: 2px;"">3. Ethiopia (11% of total)</p>"
DMA,Dominica,-61.360471946942994,15.429269860940511,dollar,57534905.0657401,"<p style=""margin-top: 0; margin-bottom: 5px;"">Remittances received:</p><p style=""margin-top: 0; margin-bottom: 5px;"">USD 58 million</p>","<p style=""margin-top: 0; margin-bottom: 5px;"">Top senders:</p><p style=""margin-top: 0; margin-bottom: 2px;"">1. United States - USD 28 million (49%)<p style=""margin-top: 0; margin-bottom: 2px;"">2. France - USD 9 million (16%)<p style=""margin-top: 0; margin-bottom: 2px;"">3. United Kingdom - USD 7 million (13%)"
DMA,Dominica,-61.360471946942994,15.429269860940511,pgdp,0.10361670980743196,"<p style=""margin-top: 0; margin-bottom: 5px;"">Remittances received:</p><p style=""margin-top: 0; margin-bottom: 5px;"">8% of GDP</p>","<p style=""margin-top: 0; margin-bottom: 5px;"">Top senders:</p><p style=""margin-top: 0; margin-bottom: 2px;"">1. United States (49% of total)</p><p style=""margin-top: 0; margin-bottom: 2px;"">2. France (16% of total)</p><p style=""margin-top: 0; margin-bottom: 2px;"">3. United Kingdom (13% of total)</p>"
DNK,Denmark,9.378670542409406,56.00118817971057,dollar,1492206790.2590811,"<p style=""margin-top: 0; margin-bottom: 5px;"">Remittances received:</p><p style=""margin-top: 0; margin-bottom: 5px;"">USD 1 billion</p>","<p style=""margin-top: 0; margin-bottom: 5px;"">Top senders:</p><p style=""margin-top: 0; margin-bottom: 2px;"">1. Greenland - USD 273 million (18%)<p style=""margin-top: 0; margin-bottom: 2px;"">2. Sweden - USD 191 million (13%)<p style=""margin-top: 0; margin-bottom: 2px;"">3. United Kingdom - USD 154 million (10%)"
DNK,Denmark,9.378670542409406,56.00118817971057,pgdp,0.0036782128001792693,"<p style=""margin-top: 0; margin-bottom: 5px;"">Remittances received:</p><p style=""margin-top: 0; margin-bottom: 5px;"">0.2% of GDP</p>","<p style=""margin-top: 0; margin-bottom: 5px;"">Top senders:</p><p style=""margin-top: 0; margin-bottom: 2px;"">1. Greenland (18% of total)</p><p style=""margin-top: 0; margin-bottom: 2px;"">2. Sweden (13% of total)</p><p style=""margin-top: 0; margin-bottom: 2px;"">3. United Kingdom (10% of total)</p>"
DOM,Dominican Republic,-70.43495198520012,18.77954818522993,dollar,10742799999.999998,"<p style=""margin-top: 0; margin-bottom: 5px;"">Remittances received:</p><p style=""margin-top: 0; margin-bottom: 5px;"">USD 11 billion</p>","<p style=""margin-top: 0; margin-bottom: 5px;"">Top senders:</p><p style=""margin-top: 0; margin-bottom: 2px;"">1. United States - USD 8 billion (74%)<p style=""margin-top: 0; margin-bottom: 2px;"">2. Spain - USD 1 billion (11%)<p style=""margin-top: 0; margin-bottom: 2px;"">3. Italy - USD 309 million (3%)"
DOM,Dominican Republic,-70.43495198520012,18.77954818522993,pgdp,0.11398991381134428,"<p style=""margin-top: 0; margin-bottom: 5px;"">Remittances received:</p><p style=""margin-top: 0; margin-bottom: 5px;"">10% of GDP</p>","<p style=""margin-top: 0; margin-bottom: 5px;"">Top senders:</p><p style=""margin-top: 0; margin-bottom: 2px;"">1. United States (74% of total)</p><p style=""margin-top: 0; margin-bottom: 2px;"">2. Spain (11% of total)</p><p style=""margin-top: 0; margin-bottom: 2px;"">3. Italy (3% of total)</p>"
DZA,Algeria,2.6558464719769135,28.350969744889056,dollar,1759095247.3370802,"<p style=""margin-top: 0; margin-bottom: 5px;"">Remittances received:</p><p style=""margin-top: 0; margin-bottom: 5px;"">USD 2 billion</p>","<p style=""margin-top: 0; margin-bottom: 5px;"">Top senders:</p><p style=""margin-top: 0; margin-bottom: 2px;"">1. France - USD 1 billion (82%)<p style=""margin-top: 0; margin-bottom: 2px;"">2. Canada - USD 61 million (3%)<p style=""margin-top: 0; margin-bottom: 2px;"">3. Spain - USD 52 million (3%)"
DZA,Algeria,2.6558464719769135,28.350969744889056,pgdp,0.010760809632752572,"<p style=""margin-top: 0; margin-bottom: 5px;"">Remittances received:</p><p style=""margin-top: 0; margin-bottom: 5px;"">1% of GDP</p>","<p style=""margin-top: 0; margin-bottom: 5px;"">Top senders:</p><p style=""margin-top: 0; margin-bottom: 2px;"">1. France (82% of total)</p><p style=""margin-top: 0; margin-bottom: 2px;"">2. Canada (3% of total)</p><p style=""margin-top: 0; margin-bottom: 2px;"">3. Spain (3% of total)</p>"
ECU,Ecuador,-78.4630326109714,-1.5642721388853116,dollar,4367441780.588136,"<p style=""margin-top: 0; margin-bottom: 5px;"">Remittances received:</p><p style=""margin-top: 0; margin-bottom: 5px;"">USD 4 billion</p>","<p style=""margin-top: 0; margin-bottom: 5px;"">Top senders:</p><p style=""margin-top: 0; margin-bottom: 2px;"">1. United States - USD 2 billion (41%)<p style=""margin-top: 0; margin-bottom: 2px;"">2. Spain - USD 2 billion (36%)<p style=""margin-top: 0; margin-bottom: 2px;"">3. Italy - USD 299 million (7%)"
ECU,Ecuador,-78.4630326109714,-1.5642721388853116,pgdp,0.041137909434922675,"<p style=""margin-top: 0; margin-bottom: 5px;"">Remittances received:</p><p style=""margin-top: 0; margin-bottom: 5px;"">3% of GDP</p>","<p style=""margin-top: 0; margin-bottom: 5px;"">Top senders:</p><p style=""margin-top: 0; margin-bottom: 2px;"">1. United States (41% of total)</p><p style=""margin-top: 0; margin-bottom: 2px;"">2. Spain (36% of total)</p><p style=""margin-top: 0; margin-bottom: 2px;"">3. Italy (7% of total)</p>"
EGY,"Egypt, Arab Rep.",30.240135435012338,26.60517034450628,dollar,31487000000,"<p style=""margin-top: 0; margin-bottom: 5px;"">Remittances received:</p><p style=""margin-top: 0; margin-bottom: 5px;"">USD 31 billion</p>","<p style=""margin-top: 0; margin-bottom: 5px;"">Top senders:</p><p style=""margin-top: 0; margin-bottom: 2px;"">1. Saudi Arabia - USD 8 billion (26%)<p style=""margin-top: 0; margin-bottom: 2px;"">2. United Arab Emirates - USD 8 billion (26%)<p style=""margin-top: 0; margin-bottom: 2px;"">3. Kuwait - USD 4 billion (12%)"
EGY,"Egypt, Arab Rep.",30.240135435012338,26.60517034450628,pgdp,0.07414432171211605,"<p style=""margin-top: 0; margin-bottom: 5px;"">Remittances received:</p><p style=""margin-top: 0; margin-bottom: 5px;"">5% of GDP</p>","<p style=""margin-top: 0; margin-bottom: 5px;"">Top senders:</p><p style=""margin-top: 0; margin-bottom: 2px;"">1. Saudi Arabia (26% of total)</p><p style=""margin-top: 0; margin-bottom: 2px;"">2. United Arab Emirates (26% of total)</p><p style=""margin-top: 0; margin-bottom: 2px;"">3. Kuwait (12% of total)</p>"
ERI,Eritrea,39.2672401449901,15.005533147667684,dollar,NA,NA,NA
ERI,Eritrea,39.2672401449901,15.005533147667684,pgdp,NA,NA,NA
ESP,Spain,-3.6516251409956983,40.36500833668384,dollar,8999999999.999996,"<p style=""margin-top: 0; margin-bottom: 5px;"">Remittances received:</p><p style=""margin-top: 0; margin-bottom: 5px;"">USD 9 billion</p>","<p style=""margin-top: 0; margin-bottom: 5px;"">Top senders:</p><p style=""margin-top: 0; margin-bottom: 2px;"">1. France - USD 2 billion (18%)<p style=""margin-top: 0; margin-bottom: 2px;"">2. Germany - USD 1 billion (12%)<p style=""margin-top: 0; margin-bottom: 2px;"">3. United Kingdom - USD 937 million (10%)"
ESP,Spain,-3.6516251409956983,40.36500833668384,pgdp,0.0062255661504340525,"<p style=""margin-top: 0; margin-bottom: 5px;"">Remittances received:</p><p style=""margin-top: 0; margin-bottom: 5px;"">0.3% of GDP</p>","<p style=""margin-top: 0; margin-bottom: 5px;"">Top senders:</p><p style=""margin-top: 0; margin-bottom: 2px;"">1. France (18% of total)</p><p style=""margin-top: 0; margin-bottom: 2px;"">2. Germany (12% of total)</p><p style=""margin-top: 0; margin-bottom: 2px;"">3. United Kingdom (10% of total)</p>"
EST,Estonia,25.916870250633806,58.648108311231034,dollar,580277275.8184702,"<p style=""margin-top: 0; margin-bottom: 5px;"">Remittances received:</p><p style=""margin-top: 0; margin-bottom: 5px;"">USD 580 million</p>","<p style=""margin-top: 0; margin-bottom: 5px;"">Top senders:</p><p style=""margin-top: 0; margin-bottom: 2px;"">1. Russian Federation - USD 163 million (28%)<p style=""margin-top: 0; margin-bottom: 2px;"">2. Finland - USD 134 million (23%)<p style=""margin-top: 0; margin-bottom: 2px;"">3. United States - USD 47 million (8%)"
EST,Estonia,25.916870250633806,58.648108311231034,pgdp,0.015602556624527277,"<p style=""margin-top: 0; margin-bottom: 5px;"">Remittances received:</p><p style=""margin-top: 0; margin-bottom: 5px;"">0.9% of GDP</p>","<p style=""margin-top: 0; margin-bottom: 5px;"">Top senders:</p><p style=""margin-top: 0; margin-bottom: 2px;"">1. Russian Federation (28% of total)</p><p style=""margin-top: 0; margin-bottom: 2px;"">2. Finland (23% of total)</p><p style=""margin-top: 0; margin-bottom: 2px;"">3. United States (8% of total)</p>"
ETH,Ethiopia,39.91490288654427,8.729389557048396,dollar,436415385.48254275,"<p style=""margin-top: 0; margin-bottom: 5px;"">Remittances received:</p><p style=""margin-top: 0; margin-bottom: 5px;"">USD 436 million</p>","<p style=""margin-top: 0; margin-bottom: 5px;"">Top senders:</p><p style=""margin-top: 0; margin-bottom: 2px;"">1. United States - USD 145 million (33%)<p style=""margin-top: 0; margin-bottom: 2px;"">2. Saudi Arabia - USD 76 million (18%)<p style=""margin-top: 0; margin-bottom: 2px;"">3. Israel - USD 39 million (9%)"
ETH,Ethiopia,39.91490288654427,8.729389557048396,pgdp,0.003922415960240519,"<p style=""margin-top: 0; margin-bottom: 5px;"">Remittances received:</p><p style=""margin-top: 0; margin-bottom: 5px;"">0.2% of GDP</p>","<p style=""margin-top: 0; margin-bottom: 5px;"">Top senders:</p><p style=""margin-top: 0; margin-bottom: 2px;"">1. United States (33% of total)</p><p style=""margin-top: 0; margin-bottom: 2px;"">2. Saudi Arabia (18% of total)</p><p style=""margin-top: 0; margin-bottom: 2px;"">3. Israel (9% of total)</p>"
FIN,Finland,25.65738433454702,65.01578959749911,dollar,842476902.4531016,"<p style=""margin-top: 0; margin-bottom: 5px;"">Remittances received:</p><p style=""margin-top: 0; margin-bottom: 5px;"">USD 842 million</p>","<p style=""margin-top: 0; margin-bottom: 5px;"">Top senders:</p><p style=""margin-top: 0; margin-bottom: 2px;"">1. Sweden - USD 387 million (46%)<p style=""margin-top: 0; margin-bottom: 2px;"">2. United States - USD 91 million (11%)<p style=""margin-top: 0; margin-bottom: 2px;"">3. United Kingdom - USD 59 million (7%)"
FIN,Finland,25.65738433454702,65.01578959749911,pgdp,0.0028416896051075458,"<p style=""margin-top: 0; margin-bottom: 5px;"">Remittances received:</p><p style=""margin-top: 0; margin-bottom: 5px;"">0.2% of GDP</p>","<p style=""margin-top: 0; margin-bottom: 5px;"">Top senders:</p><p style=""margin-top: 0; margin-bottom: 2px;"">1. Sweden (46% of total)</p><p style=""margin-top: 0; margin-bottom: 2px;"">2. United States (11% of total)</p><p style=""margin-top: 0; margin-bottom: 2px;"">3. United Kingdom (7% of total)</p>"
FJI,Fiji,177.98144613732626,-17.822470952336204,dollar,483750448.0265178,"<p style=""margin-top: 0; margin-bottom: 5px;"">Remittances received:</p><p style=""margin-top: 0; margin-bottom: 5px;"">USD 484 million</p>","<p style=""margin-top: 0; margin-bottom: 5px;"">Top senders:</p><p style=""margin-top: 0; margin-bottom: 2px;"">1. Australia - USD 170 million (35%)<p style=""margin-top: 0; margin-bottom: 2px;"">2. New Zealand - USD 133 million (28%)<p style=""margin-top: 0; margin-bottom: 2px;"">3. United States - USD 105 million (22%)"
FJI,Fiji,177.98144613732626,-17.822470952336204,pgdp,0.1123686164263075,"<p style=""margin-top: 0; margin-bottom: 5px;"">Remittances received:</p><p style=""margin-top: 0; margin-bottom: 5px;"">9% of GDP</p>","<p style=""margin-top: 0; margin-bottom: 5px;"">Top senders:</p><p style=""margin-top: 0; margin-bottom: 2px;"">1. Australia (35% of total)</p><p style=""margin-top: 0; margin-bottom: 2px;"">2. New Zealand (28% of total)</p><p style=""margin-top: 0; margin-bottom: 2px;"">3. United States (22% of total)</p>"
FRA,France,2.1940236627886227,46.6423682169416,dollar,32077312215.223625,"<p style=""margin-top: 0; margin-bottom: 5px;"">Remittances received:</p><p style=""margin-top: 0; margin-bottom: 5px;"">USD 32 billion</p>","<p style=""margin-top: 0; margin-bottom: 5px;"">Top senders:</p><p style=""margin-top: 0; margin-bottom: 2px;"">1. Spain - USD 3 billion (10%)<p style=""margin-top: 0; margin-bottom: 2px;"">2. Belgium - USD 3 billion (9%)<p style=""margin-top: 0; margin-bottom: 2px;"">3. United States - USD 3 billion (8%)"
FRA,France,2.1940236627886227,46.6423682169416,pgdp,0.010839288742309746,"<p style=""margin-top: 0; margin-bottom: 5px;"">Remittances received:</p><p style=""margin-top: 0; margin-bottom: 5px;"">0.3% of GDP</p>","<p style=""margin-top: 0; margin-bottom: 5px;"">Top senders:</p><p style=""margin-top: 0; margin-bottom: 2px;"">1. Spain (10% of total)</p><p style=""margin-top: 0; margin-bottom: 2px;"">2. Belgium (9% of total)</p><p style=""margin-top: 0; margin-bottom: 2px;"">3. United States (8% of total)</p>"
FRO,Faeroe Islands,-6.9811060913122835,62.130896281495346,dollar,NA,NA,NA
FRO,Faeroe Islands,-6.9811060913122835,62.130896281495346,pgdp,NA,NA,NA
FSM,"Micronesia, Fed. Sts.",158.2291899444527,6.8789448129255435,dollar,NA,NA,NA
FSM,"Micronesia, Fed. Sts.",158.2291899444527,6.8789448129255435,pgdp,NA,NA,NA
GAB,Gabon,11.839410898545754,-0.628448459921234,dollar,13999999.999999996,"<p style=""margin-top: 0; margin-bottom: 5px;"">Remittances received:</p><p style=""margin-top: 0; margin-bottom: 5px;"">USD 14 million</p>","<p style=""margin-top: 0; margin-bottom: 5px;"">Top senders:</p><p style=""margin-top: 0; margin-bottom: 2px;"">1. France - USD 8 million (58%)<p style=""margin-top: 0; margin-bottom: 2px;"">2. Mali - USD 3 million (22%)<p style=""margin-top: 0; margin-bottom: 2px;"">3. Congo, Rep. - USD 683,060 (5%)"
GAB,Gabon,11.839410898545754,-0.628448459921234,pgdp,6.924540881276361e-4,"<p style=""margin-top: 0; margin-bottom: 5px;"">Remittances received:</p><p style=""margin-top: 0; margin-bottom: 5px;"">0.06% of GDP</p>","<p style=""margin-top: 0; margin-bottom: 5px;"">Top senders:</p><p style=""margin-top: 0; margin-bottom: 2px;"">1. France (58% of total)</p><p style=""margin-top: 0; margin-bottom: 2px;"">2. Mali (22% of total)</p><p style=""margin-top: 0; margin-bottom: 2px;"">3. Congo, Rep. (5% of total)</p>"
GBR,United Kingdom,-2.852943909329258,53.97844735080214,dollar,3522943789.5872374,"<p style=""margin-top: 0; margin-bottom: 5px;"">Remittances received:</p><p style=""margin-top: 0; margin-bottom: 5px;"">USD 4 billion</p>","<p style=""margin-top: 0; margin-bottom: 5px;"">Top senders:</p><p style=""margin-top: 0; margin-bottom: 2px;"">1. Australia - USD 880 million (25%)<p style=""margin-top: 0; margin-bottom: 2px;"">2. United States - USD 539 million (15%)<p style=""margin-top: 0; margin-bottom: 2px;"">3. Canada - USD 401 million (11%)"
GBR,United Kingdom,-2.852943909329258,53.97844735080214,pgdp,0.001121418712538539,"<p style=""margin-top: 0; margin-bottom: 5px;"">Remittances received:</p><p style=""margin-top: 0; margin-bottom: 5px;"">0.06% of GDP</p>","<p style=""margin-top: 0; margin-bottom: 5px;"">Top senders:</p><p style=""margin-top: 0; margin-bottom: 2px;"">1. Australia (25% of total)</p><p style=""margin-top: 0; margin-bottom: 2px;"">2. United States (15% of total)</p><p style=""margin-top: 0; margin-bottom: 2px;"">3. Canada (11% of total)</p>"
GEO,Georgia,43.378866534112234,42.17986277737226,dollar,2643926171.81,"<p style=""margin-top: 0; margin-bottom: 5px;"">Remittances received:</p><p style=""margin-top: 0; margin-bottom: 5px;"">USD 3 billion</p>","<p style=""margin-top: 0; margin-bottom: 5px;"">Top senders:</p><p style=""margin-top: 0; margin-bottom: 2px;"">1. Russian Federation - USD 1 billion (51%)<p style=""margin-top: 0; margin-bottom: 2px;"">2. Greece - USD 253 million (10%)<p style=""margin-top: 0; margin-bottom: 2px;"">3. Ukraine - USD 179 million (7%)"
GEO,Georgia,43.378866534112234,42.17986277737226,pgdp,0.14192250164940157,"<p style=""margin-top: 0; margin-bottom: 5px;"">Remittances received:</p><p style=""margin-top: 0; margin-bottom: 5px;"">10% of GDP</p>","<p style=""margin-top: 0; margin-bottom: 5px;"">Top senders:</p><p style=""margin-top: 0; margin-bottom: 2px;"">1. Russian Federation (51% of total)</p><p style=""margin-top: 0; margin-bottom: 2px;"">2. Greece (10% of total)</p><p style=""margin-top: 0; margin-bottom: 2px;"">3. Ukraine (7% of total)</p>"
GHA,Ghana,-1.219233362526581,7.94530467243628,dollar,4506554640.585345,"<p style=""margin-top: 0; margin-bottom: 5px;"">Remittances received:</p><p style=""margin-top: 0; margin-bottom: 5px;"">USD 5 billion</p>","<p style=""margin-top: 0; margin-bottom: 5px;"">Top senders:</p><p style=""margin-top: 0; margin-bottom: 2px;"">1. United States - USD 1 billion (25%)<p style=""margin-top: 0; margin-bottom: 2px;"">2. Nigeria - USD 809 million (18%)<p style=""margin-top: 0; margin-bottom: 2px;"">3. United Kingdom - USD 668 million (15%)"
GHA,Ghana,-1.219233362526581,7.94530467243628,pgdp,0.05666881361862354,"<p style=""margin-top: 0; margin-bottom: 5px;"">Remittances received:</p><p style=""margin-top: 0; margin-bottom: 5px;"">3% of GDP</p>","<p style=""margin-top: 0; margin-bottom: 5px;"">Top senders:</p><p style=""margin-top: 0; margin-bottom: 2px;"">1. United States (25% of total)</p><p style=""margin-top: 0; margin-bottom: 2px;"">2. Nigeria (18% of total)</p><p style=""margin-top: 0; margin-bottom: 2px;"">3. United Kingdom (15% of total)</p>"
GIN,Guinea,-10.986948848040218,10.255986541378112,dollar,343910000.0000001,"<p style=""margin-top: 0; margin-bottom: 5px;"">Remittances received:</p><p style=""margin-top: 0; margin-bottom: 5px;"">USD 344 million</p>","<p style=""margin-top: 0; margin-bottom: 5px;"">Top senders:</p><p style=""margin-top: 0; margin-bottom: 2px;"">1. Cote d'Ivoire - USD 77 million (22%)<p style=""margin-top: 0; margin-bottom: 2px;"">2. France - USD 62 million (18%)<p style=""margin-top: 0; margin-bottom: 2px;"">3. United States - USD 31 million (9%)"
GIN,Guinea,-10.986948848040218,10.255986541378112,pgdp,0.02137173086185269,"<p style=""margin-top: 0; margin-bottom: 5px;"">Remittances received:</p><p style=""margin-top: 0; margin-bottom: 5px;"">1% of GDP</p>","<p style=""margin-top: 0; margin-bottom: 5px;"">Top senders:</p><p style=""margin-top: 0; margin-bottom: 2px;"">1. Cote d'Ivoire (22% of total)</p><p style=""margin-top: 0; margin-bottom: 2px;"">2. France (18% of total)</p><p style=""margin-top: 0; margin-bottom: 2px;"">3. United States (9% of total)</p>"
GMB,"Gambia, The",-15.383380385869662,13.428617959189328,dollar,547051423.8019669,"<p style=""margin-top: 0; margin-bottom: 5px;"">Remittances received:</p><p style=""margin-top: 0; margin-bottom: 5px;"">USD 547 million</p>","<p style=""margin-top: 0; margin-bottom: 5px;"">Top senders:</p><p style=""margin-top: 0; margin-bottom: 2px;"">1. United States - USD 160 million (29%)<p style=""margin-top: 0; margin-bottom: 2px;"">2. Italy - USD 86 million (16%)<p style=""margin-top: 0; margin-bottom: 2px;"">3. Germany - USD 76 million (14%)"
GMB,"Gambia, The",-15.383380385869662,13.428617959189328,pgdp,0.2683709805054333,"<p style=""margin-top: 0; margin-bottom: 5px;"">Remittances received:</p><p style=""margin-top: 0; margin-bottom: 5px;"">16% of GDP</p>","<p style=""margin-top: 0; margin-bottom: 5px;"">Top senders:</p><p style=""margin-top: 0; margin-bottom: 2px;"">1. United States (29% of total)</p><p style=""margin-top: 0; margin-bottom: 2px;"">2. Italy (16% of total)</p><p style=""margin-top: 0; margin-bottom: 2px;"">3. Germany (14% of total)</p>"
GNB,Guinea-Bissau,-14.980186756910848,11.980075324820504,dollar,177999999.99999994,"<p style=""margin-top: 0; margin-bottom: 5px;"">Remittances received:</p><p style=""margin-top: 0; margin-bottom: 5px;"">USD 178 million</p>","<p style=""margin-top: 0; margin-bottom: 5px;"">Top senders:</p><p style=""margin-top: 0; margin-bottom: 2px;"">1. Portugal - USD 63 million (35%)<p style=""margin-top: 0; margin-bottom: 2px;"">2. Senegal - USD 30 million (17%)<p style=""margin-top: 0; margin-bottom: 2px;"">3. France - USD 16 million (9%)"
GNB,Guinea-Bissau,-14.980186756910848,11.980075324820504,pgdp,0.10863478015186868,"<p style=""margin-top: 0; margin-bottom: 5px;"">Remittances received:</p><p style=""margin-top: 0; margin-bottom: 5px;"">7% of GDP</p>","<p style=""margin-top: 0; margin-bottom: 5px;"">Top senders:</p><p style=""margin-top: 0; margin-bottom: 2px;"">1. Portugal (35% of total)</p><p style=""margin-top: 0; margin-bottom: 2px;"">2. Senegal (17% of total)</p><p style=""margin-top: 0; margin-bottom: 2px;"">3. France (9% of total)</p>"
GNQ,Equatorial Guinea,10.425456672353825,1.595464393659073,dollar,NA,NA,NA
GNQ,Equatorial Guinea,10.425456672353825,1.595464393659073,pgdp,NA,NA,NA
GRC,Greece,23.110368936161876,39.42012261727978,dollar,688866261.6235054,"<p style=""margin-top: 0; margin-bottom: 5px;"">Remittances received:</p><p style=""margin-top: 0; margin-bottom: 5px;"">USD 689 million</p>","<p style=""margin-top: 0; margin-bottom: 5px;"">Top senders:</p><p style=""margin-top: 0; margin-bottom: 2px;"">1. Germany - USD 252 million (37%)<p style=""margin-top: 0; margin-bottom: 2px;"">2. United States - USD 88 million (13%)<p style=""margin-top: 0; margin-bottom: 2px;"">3. Australia - USD 71 million (10%)"
GRC,Greece,23.110368936161876,39.42012261727978,pgdp,0.0032089872712385507,"<p style=""margin-top: 0; margin-bottom: 5px;"">Remittances received:</p><p style=""margin-top: 0; margin-bottom: 5px;"">0.2% of GDP</p>","<p style=""margin-top: 0; margin-bottom: 5px;"">Top senders:</p><p style=""margin-top: 0; margin-bottom: 2px;"">1. Germany (37% of total)</p><p style=""margin-top: 0; margin-bottom: 2px;"">2. United States (13% of total)</p><p style=""margin-top: 0; margin-bottom: 2px;"">3. Australia (10% of total)</p>"
GRD,Grenada,-61.67937937204098,12.112926656338908,dollar,73965777.36712633,"<p style=""margin-top: 0; margin-bottom: 5px;"">Remittances received:</p><p style=""margin-top: 0; margin-bottom: 5px;"">USD 74 million</p>","<p style=""margin-top: 0; margin-bottom: 5px;"">Top senders:</p><p style=""margin-top: 0; margin-bottom: 2px;"">1. United States - USD 38 million (51%)<p style=""margin-top: 0; margin-bottom: 2px;"">2. United Kingdom - USD 13 million (17%)<p style=""margin-top: 0; margin-bottom: 2px;"">3. Canada - USD 11 million (15%)"
GRD,Grenada,-61.67937937204098,12.112926656338908,pgdp,0.06587618219373559,"<p style=""margin-top: 0; margin-bottom: 5px;"">Remittances received:</p><p style=""margin-top: 0; margin-bottom: 5px;"">5% of GDP</p>","<p style=""margin-top: 0; margin-bottom: 5px;"">Top senders:</p><p style=""margin-top: 0; margin-bottom: 2px;"">1. United States (51% of total)</p><p style=""margin-top: 0; margin-bottom: 2px;"">2. United Kingdom (17% of total)</p><p style=""margin-top: 0; margin-bottom: 2px;"">3. Canada (15% of total)</p>"
GRL,Greenland,-42.07567788066985,74.16847218965994,dollar,NA,NA,NA
GRL,Greenland,-42.07567788066985,74.16847218965994,pgdp,NA,NA,NA
GTM,Guatemala,-90.31219349119615,15.820878515352684,dollar,15395390250.000004,"<p style=""margin-top: 0; margin-bottom: 5px;"">Remittances received:</p><p style=""margin-top: 0; margin-bottom: 5px;"">USD 15 billion</p>","<p style=""margin-top: 0; margin-bottom: 5px;"">Top senders:</p><p style=""margin-top: 0; margin-bottom: 2px;"">1. United States - USD 14 billion (91%)<p style=""margin-top: 0; margin-bottom: 2px;"">2. Mexico - USD 418 million (3%)<p style=""margin-top: 0; margin-bottom: 2px;"">3. Belize - USD 219 million (1%)"
GTM,Guatemala,-90.31219349119615,15.820878515352684,pgdp,0.17890573618188219,"<p style=""margin-top: 0; margin-bottom: 5px;"">Remittances received:</p><p style=""margin-top: 0; margin-bottom: 5px;"">17% of GDP</p>","<p style=""margin-top: 0; margin-bottom: 5px;"">Top senders:</p><p style=""margin-top: 0; margin-bottom: 2px;"">1. United States (91% of total)</p><p style=""margin-top: 0; margin-bottom: 2px;"">2. Mexico (3% of total)</p><p style=""margin-top: 0; margin-bottom: 2px;"">3. Belize (1% of total)</p>"
GUM,Guam,144.78024458298802,13.445430479945276,dollar,NA,NA,NA
GUM,Guam,144.78024458298802,13.445430479945276,pgdp,NA,NA,NA
GUY,Guyana,-58.91352612754667,4.68211981385056,dollar,392628499.9999999,"<p style=""margin-top: 0; margin-bottom: 5px;"">Remittances received:</p><p style=""margin-top: 0; margin-bottom: 5px;"">USD 393 million</p>","<p style=""margin-top: 0; margin-bottom: 5px;"">Top senders:</p><p style=""margin-top: 0; margin-bottom: 2px;"">1. United States - USD 234 million (60%)<p style=""margin-top: 0; margin-bottom: 2px;"">2. Canada - USD 78 million (20%)<p style=""margin-top: 0; margin-bottom: 2px;"">3. United Kingdom - USD 26 million (7%)"
GUY,Guyana,-58.91352612754667,4.68211981385056,pgdp,0.04882611858711313,"<p style=""margin-top: 0; margin-bottom: 5px;"">Remittances received:</p><p style=""margin-top: 0; margin-bottom: 5px;"">4% of GDP</p>","<p style=""margin-top: 0; margin-bottom: 5px;"">Top senders:</p><p style=""margin-top: 0; margin-bottom: 2px;"">1. United States (60% of total)</p><p style=""margin-top: 0; margin-bottom: 2px;"">2. Canada (20% of total)</p><p style=""margin-top: 0; margin-bottom: 2px;"">3. United Kingdom (7% of total)</p>"
HKG,"Hong Kong SAR, China",114.17519391882706,22.375321052483223,dollar,460825150.4481003,"<p style=""margin-top: 0; margin-bottom: 5px;"">Remittances received:</p><p style=""margin-top: 0; margin-bottom: 5px;"">USD 461 million</p>","<p style=""margin-top: 0; margin-bottom: 5px;"">Top senders:</p><p style=""margin-top: 0; margin-bottom: 2px;"">1. United States - USD 106 million (23%)<p style=""margin-top: 0; margin-bottom: 2px;"">2. Canada - USD 102 million (22%)<p style=""margin-top: 0; margin-bottom: 2px;"">3. China - USD 95 million (21%)"
HKG,"Hong Kong SAR, China",114.17519391882706,22.375321052483223,pgdp,0.0012491486184243149,"<p style=""margin-top: 0; margin-bottom: 5px;"">Remittances received:</p><p style=""margin-top: 0; margin-bottom: 5px;"">0.08% of GDP</p>","<p style=""margin-top: 0; margin-bottom: 5px;"">Top senders:</p><p style=""margin-top: 0; margin-bottom: 2px;"">1. United States (23% of total)</p><p style=""margin-top: 0; margin-bottom: 2px;"">2. Canada (22% of total)</p><p style=""margin-top: 0; margin-bottom: 2px;"">3. China (21% of total)</p>"
HND,Honduras,-86.49251679006962,14.740370695750006,dollar,7203426672.830167,"<p style=""margin-top: 0; margin-bottom: 5px;"">Remittances received:</p><p style=""margin-top: 0; margin-bottom: 5px;"">USD 7 billion</p>","<p style=""margin-top: 0; margin-bottom: 5px;"">Top senders:</p><p style=""margin-top: 0; margin-bottom: 2px;"">1. United States - USD 6 billion (82%)<p style=""margin-top: 0; margin-bottom: 2px;"">2. Spain - USD 647 million (9%)<p style=""margin-top: 0; margin-bottom: 2px;"">3. Mexico - USD 213 million (3%)"
HND,Honduras,-86.49251679006962,14.740370695750006,pgdp,0.25285187427950584,"<p style=""margin-top: 0; margin-bottom: 5px;"">Remittances received:</p><p style=""margin-top: 0; margin-bottom: 5px;"">24% of GDP</p>","<p style=""margin-top: 0; margin-bottom: 5px;"">Top senders:</p><p style=""margin-top: 0; margin-bottom: 2px;"">1. United States (82% of total)</p><p style=""margin-top: 0; margin-bottom: 2px;"">2. Spain (9% of total)</p><p style=""margin-top: 0; margin-bottom: 2px;"">3. Mexico (3% of total)</p>"
HRV,Croatia,16.625761129583374,44.91192100856702,dollar,5044681501.030748,"<p style=""margin-top: 0; margin-bottom: 5px;"">Remittances received:</p><p style=""margin-top: 0; margin-bottom: 5px;"">USD 5 billion</p>","<p style=""margin-top: 0; margin-bottom: 5px;"">Top senders:</p><p style=""margin-top: 0; margin-bottom: 2px;"">1. Germany - USD 2 billion (41%)<p style=""margin-top: 0; margin-bottom: 2px;"">2. Serbia - USD 1 billion (26%)<p style=""margin-top: 0; margin-bottom: 2px;"">3. Australia - USD 262 million (5%)"
HRV,Croatia,16.625761129583374,44.91192100856702,pgdp,0.07302535024421783,"<p style=""margin-top: 0; margin-bottom: 5px;"">Remittances received:</p><p style=""margin-top: 0; margin-bottom: 5px;"">5% of GDP</p>","<p style=""margin-top: 0; margin-bottom: 5px;"">Top senders:</p><p style=""margin-top: 0; margin-bottom: 2px;"">1. Germany (41% of total)</p><p style=""margin-top: 0; margin-bottom: 2px;"">2. Serbia (26% of total)</p><p style=""margin-top: 0; margin-bottom: 2px;"">3. Australia (5% of total)</p>"
HTI,Haiti,-72.89291379842,18.883520486983567,dollar,4196393882.9696507,"<p style=""margin-top: 0; margin-bottom: 5px;"">Remittances received:</p><p style=""margin-top: 0; margin-bottom: 5px;"">USD 4 billion</p>","<p style=""margin-top: 0; margin-bottom: 5px;"">Top senders:</p><p style=""margin-top: 0; margin-bottom: 2px;"">1. United States - USD 2 billion (49%)<p style=""margin-top: 0; margin-bottom: 2px;"">2. Dominican Republic - USD 912 million (22%)<p style=""margin-top: 0; margin-bottom: 2px;"">3. Chile - USD 481 million (11%)"
HTI,Haiti,-72.89291379842,18.883520486983567,pgdp,0.2010016035265663,"<p style=""margin-top: 0; margin-bottom: 5px;"">Remittances received:</p><p style=""margin-top: 0; margin-bottom: 5px;"">17% of GDP</p>","<p style=""margin-top: 0; margin-bottom: 5px;"">Top senders:</p><p style=""margin-top: 0; margin-bottom: 2px;"">1. United States (49% of total)</p><p style=""margin-top: 0; margin-bottom: 2px;"">2. Dominican Republic (22% of total)</p><p style=""margin-top: 0; margin-bottom: 2px;"">3. Chile (11% of total)</p>"
HUN,Hungary,19.39620048366142,47.22527332486294,dollar,3486769080.764683,"<p style=""margin-top: 0; margin-bottom: 5px;"">Remittances received:</p><p style=""margin-top: 0; margin-bottom: 5px;"">USD 3 billion</p>","<p style=""margin-top: 0; margin-bottom: 5px;"">Top senders:</p><p style=""margin-top: 0; margin-bottom: 2px;"">1. Germany - USD 1 billion (29%)<p style=""margin-top: 0; margin-bottom: 2px;"">2. United Kingdom - USD 452 million (13%)<p style=""margin-top: 0; margin-bottom: 2px;"">3. Austria - USD 408 million (12%)"
HUN,Hungary,19.39620048366142,47.22527332486294,pgdp,0.019148598391847495,"<p style=""margin-top: 0; margin-bottom: 5px;"">Remittances received:</p><p style=""margin-top: 0; margin-bottom: 5px;"">1% of GDP</p>","<p style=""margin-top: 0; margin-bottom: 5px;"">Top senders:</p><p style=""margin-top: 0; margin-bottom: 2px;"">1. Germany (29% of total)</p><p style=""margin-top: 0; margin-bottom: 2px;"">2. United Kingdom (13% of total)</p><p style=""margin-top: 0; margin-bottom: 2px;"">3. Austria (12% of total)</p>"
IDN,Indonesia,113.96538246847302,0.15591979959037652,dollar,9402427088.854849,"<p style=""margin-top: 0; margin-bottom: 5px;"">Remittances received:</p><p style=""margin-top: 0; margin-bottom: 5px;"">USD 9 billion</p>","<p style=""margin-top: 0; margin-bottom: 5px;"">Top senders:</p><p style=""margin-top: 0; margin-bottom: 2px;"">1. Saudi Arabia - USD 4 billion (38%)<p style=""margin-top: 0; margin-bottom: 2px;"">2. Malaysia - USD 2 billion (25%)<p style=""margin-top: 0; margin-bottom: 2px;"">3. United Arab Emirates - USD 701 million (7%)"
IDN,Indonesia,113.96538246847302,0.15591979959037652,pgdp,0.007924470168591142,"<p style=""margin-top: 0; margin-bottom: 5px;"">Remittances received:</p><p style=""margin-top: 0; margin-bottom: 5px;"">0.6% of GDP</p>","<p style=""margin-top: 0; margin-bottom: 5px;"">Top senders:</p><p style=""margin-top: 0; margin-bottom: 2px;"">1. Saudi Arabia (38% of total)</p><p style=""margin-top: 0; margin-bottom: 2px;"">2. Malaysia (25% of total)</p><p style=""margin-top: 0; margin-bottom: 2px;"">3. United Arab Emirates (7% of total)</p>"
IMN,Isle of Man,-4.532995055468449,54.22855301008011,dollar,NA,NA,NA
IMN,Isle of Man,-4.532995055468449,54.22855301008011,pgdp,NA,NA,NA
IND,India,81.17300408530181,23.58630056774672,dollar,89375152217.56573,"<p style=""margin-top: 0; margin-bottom: 5px;"">Remittances received:</p><p style=""margin-top: 0; margin-bottom: 5px;"">USD 89 billion</p>","<p style=""margin-top: 0; margin-bottom: 5px;"">Top senders:</p><p style=""margin-top: 0; margin-bottom: 2px;"">1. United Arab Emirates - USD 20 billion (22%)<p style=""margin-top: 0; margin-bottom: 2px;"">2. United States - USD 16 billion (18%)<p style=""margin-top: 0; margin-bottom: 2px;"">3. Saudi Arabia - USD 13 billion (15%)"
IND,India,81.17300408530181,23.58630056774672,pgdp,0.028370300666300738,"<p style=""margin-top: 0; margin-bottom: 5px;"">Remittances received:</p><p style=""margin-top: 0; margin-bottom: 5px;"">2% of GDP</p>","<p style=""margin-top: 0; margin-bottom: 5px;"">Top senders:</p><p style=""margin-top: 0; margin-bottom: 2px;"">1. United Arab Emirates (22% of total)</p><p style=""margin-top: 0; margin-bottom: 2px;"">2. United States (18% of total)</p><p style=""margin-top: 0; margin-bottom: 2px;"">3. Saudi Arabia (15% of total)</p>"
IRL,Ireland,-8.241128545554096,53.30489539816495,dollar,179854619.6248194,"<p style=""margin-top: 0; margin-bottom: 5px;"">Remittances received:</p><p style=""margin-top: 0; margin-bottom: 5px;"">USD 180 million</p>","<p style=""margin-top: 0; margin-bottom: 5px;"">Top senders:</p><p style=""margin-top: 0; margin-bottom: 2px;"">1. United Kingdom - USD 87 million (49%)<p style=""margin-top: 0; margin-bottom: 2px;"">2. United States - USD 29 million (16%)<p style=""margin-top: 0; margin-bottom: 2px;"">3. Australia - USD 21 million (12%)"
IRL,Ireland,-8.241128545554096,53.30489539816495,pgdp,3.5032625574212136e-4,"<p style=""margin-top: 0; margin-bottom: 5px;"">Remittances received:</p><p style=""margin-top: 0; margin-bottom: 5px;"">0.03% of GDP</p>","<p style=""margin-top: 0; margin-bottom: 5px;"">Top senders:</p><p style=""margin-top: 0; margin-bottom: 2px;"">1. United Kingdom (49% of total)</p><p style=""margin-top: 0; margin-bottom: 2px;"">2. United States (16% of total)</p><p style=""margin-top: 0; margin-bottom: 2px;"">3. Australia (12% of total)</p>"
IRN,"Iran, Islamic Rep.",54.23707700106544,32.906023742890056,dollar,NA,NA,NA
IRN,"Iran, Islamic Rep.",54.23707700106544,32.906023742890056,pgdp,NA,NA,NA
IRQ,Iraq,43.83252918105688,33.105075667527906,dollar,599999999.9999999,"<p style=""margin-top: 0; margin-bottom: 5px;"">Remittances received:</p><p style=""margin-top: 0; margin-bottom: 5px;"">USD 600 million</p>","<p style=""margin-top: 0; margin-bottom: 5px;"">Top senders:</p><p style=""margin-top: 0; margin-bottom: 2px;"">1. Germany - USD 83 million (14%)<p style=""margin-top: 0; margin-bottom: 2px;"">2. Turkey - USD 83 million (14%)<p style=""margin-top: 0; margin-bottom: 2px;"">3. United States - USD 80 million (13%)"
IRQ,Iraq,43.83252918105688,33.105075667527906,pgdp,0.002888898742136626,"<p style=""margin-top: 0; margin-bottom: 5px;"">Remittances received:</p><p style=""margin-top: 0; margin-bottom: 5px;"">0.1% of GDP</p>","<p style=""margin-top: 0; margin-bottom: 5px;"">Top senders:</p><p style=""margin-top: 0; margin-bottom: 2px;"">1. Germany (14% of total)</p><p style=""margin-top: 0; margin-bottom: 2px;"">2. Turkey (14% of total)</p><p style=""margin-top: 0; margin-bottom: 2px;"">3. United States (13% of total)</p>"
ISL,Iceland,-19.05682967106099,65.12360920205514,dollar,190255250.13008228,"<p style=""margin-top: 0; margin-bottom: 5px;"">Remittances received:</p><p style=""margin-top: 0; margin-bottom: 5px;"">USD 190 million</p>","<p style=""margin-top: 0; margin-bottom: 5px;"">Top senders:</p><p style=""margin-top: 0; margin-bottom: 2px;"">1. Denmark - USD 40 million (21%)<p style=""margin-top: 0; margin-bottom: 2px;"">2. United States - USD 39 million (21%)<p style=""margin-top: 0; margin-bottom: 2px;"">3. Norway - USD 35 million (19%)"
ISL,Iceland,-19.05682967106099,65.12360920205514,pgdp,0.007433024490193809,"<p style=""margin-top: 0; margin-bottom: 5px;"">Remittances received:</p><p style=""margin-top: 0; margin-bottom: 5px;"">0.4% of GDP</p>","<p style=""margin-top: 0; margin-bottom: 5px;"">Top senders:</p><p style=""margin-top: 0; margin-bottom: 2px;"">1. Denmark (21% of total)</p><p style=""margin-top: 0; margin-bottom: 2px;"">2. United States (21% of total)</p><p style=""margin-top: 0; margin-bottom: 2px;"">3. Norway (19% of total)</p>"
ISR,Israel,35.027923472437024,31.513542220043195,dollar,7700999999.999998,"<p style=""margin-top: 0; margin-bottom: 5px;"">Remittances received:</p><p style=""margin-top: 0; margin-bottom: 5px;"">USD 8 billion</p>","<p style=""margin-top: 0; margin-bottom: 5px;"">Top senders:</p><p style=""margin-top: 0; margin-bottom: 2px;"">1. United States - USD 3 billion (39%)<p style=""margin-top: 0; margin-bottom: 2px;"">2. West Bank and Gaza - USD 1 billion (17%)<p style=""margin-top: 0; margin-bottom: 2px;"">3. Canada - USD 605 million (8%)"
ISR,Israel,35.027923472437024,31.513542220043195,pgdp,0.015763728839228993,"<p style=""margin-top: 0; margin-bottom: 5px;"">Remittances received:</p><p style=""margin-top: 0; margin-bottom: 5px;"">1% of GDP</p>","<p style=""margin-top: 0; margin-bottom: 5px;"">Top senders:</p><p style=""margin-top: 0; margin-bottom: 2px;"">1. United States (39% of total)</p><p style=""margin-top: 0; margin-bottom: 2px;"">2. West Bank and Gaza (17% of total)</p><p style=""margin-top: 0; margin-bottom: 2px;"">3. Canada (8% of total)</p>"
ITA,Italy,12.763657166123137,42.98201127614267,dollar,10258423410.750359,"<p style=""margin-top: 0; margin-bottom: 5px;"">Remittances received:</p><p style=""margin-top: 0; margin-bottom: 5px;"">USD 10 billion</p>","<p style=""margin-top: 0; margin-bottom: 5px;"">Top senders:</p><p style=""margin-top: 0; margin-bottom: 2px;"">1. Germany - USD 2 billion (20%)<p style=""margin-top: 0; margin-bottom: 2px;"">2. United States - USD 1 billion (10%)<p style=""margin-top: 0; margin-bottom: 2px;"">3. France - USD 998 million (10%)"
ITA,Italy,12.763657166123137,42.98201127614267,pgdp,0.004759493535962051,"<p style=""margin-top: 0; margin-bottom: 5px;"">Remittances received:</p><p style=""margin-top: 0; margin-bottom: 5px;"">0.2% of GDP</p>","<p style=""margin-top: 0; margin-bottom: 5px;"">Top senders:</p><p style=""margin-top: 0; margin-bottom: 2px;"">1. Germany (20% of total)</p><p style=""margin-top: 0; margin-bottom: 2px;"">2. United States (10% of total)</p><p style=""margin-top: 0; margin-bottom: 2px;"">3. France (10% of total)</p>"
JAM,Jamaica,-77.30358894542778,18.12207889341651,dollar,3706698183.251931,"<p style=""margin-top: 0; margin-bottom: 5px;"">Remittances received:</p><p style=""margin-top: 0; margin-bottom: 5px;"">USD 4 billion</p>","<p style=""margin-top: 0; margin-bottom: 5px;"">Top senders:</p><p style=""margin-top: 0; margin-bottom: 2px;"">1. United States - USD 3 billion (73%)<p style=""margin-top: 0; margin-bottom: 2px;"">2. Canada - USD 474 million (13%)<p style=""margin-top: 0; margin-bottom: 2px;"">3. United Kingdom - USD 384 million (10%)"
JAM,Jamaica,-77.30358894542778,18.12207889341651,pgdp,0.25288599030747905,"<p style=""margin-top: 0; margin-bottom: 5px;"">Remittances received:</p><p style=""margin-top: 0; margin-bottom: 5px;"">24% of GDP</p>","<p style=""margin-top: 0; margin-bottom: 5px;"">Top senders:</p><p style=""margin-top: 0; margin-bottom: 2px;"">1. United States (73% of total)</p><p style=""margin-top: 0; margin-bottom: 2px;"">2. Canada (13% of total)</p><p style=""margin-top: 0; margin-bottom: 2px;"">3. United Kingdom (10% of total)</p>"
JOR,Jordan,36.95728884547246,31.387064884449156,dollar,5162253521.126759,"<p style=""margin-top: 0; margin-bottom: 5px;"">Remittances received:</p><p style=""margin-top: 0; margin-bottom: 5px;"">USD 5 billion</p>","<p style=""margin-top: 0; margin-bottom: 5px;"">Top senders:</p><p style=""margin-top: 0; margin-bottom: 2px;"">1. Saudi Arabia - USD 1 billion (29%)<p style=""margin-top: 0; margin-bottom: 2px;"">2. United Arab Emirates - USD 1 billion (22%)<p style=""margin-top: 0; margin-bottom: 2px;"">3. United States - USD 610 million (12%)"
JOR,Jordan,36.95728884547246,31.387064884449156,pgdp,0.1115051484989406,"<p style=""margin-top: 0; margin-bottom: 5px;"">Remittances received:</p><p style=""margin-top: 0; margin-bottom: 5px;"">7% of GDP</p>","<p style=""margin-top: 0; margin-bottom: 5px;"">Top senders:</p><p style=""margin-top: 0; margin-bottom: 2px;"">1. Saudi Arabia (29% of total)</p><p style=""margin-top: 0; margin-bottom: 2px;"">2. United Arab Emirates (22% of total)</p><p style=""margin-top: 0; margin-bottom: 2px;"">3. United States (12% of total)</p>"
JPN,Japan,137.46934234351835,36.76738832597829,dollar,5290974223.44138,"<p style=""margin-top: 0; margin-bottom: 5px;"">Remittances received:</p><p style=""margin-top: 0; margin-bottom: 5px;"">USD 5 billion</p>","<p style=""margin-top: 0; margin-bottom: 5px;"">Top senders:</p><p style=""margin-top: 0; margin-bottom: 2px;"">1. United States - USD 2 billion (44%)<p style=""margin-top: 0; margin-bottom: 2px;"">2. Brazil - USD 401 million (8%)<p style=""margin-top: 0; margin-bottom: 2px;"">3. Australia - USD 309 million (6%)"
JPN,Japan,137.46934234351835,36.76738832597829,pgdp,0.0010509181226997877,"<p style=""margin-top: 0; margin-bottom: 5px;"">Remittances received:</p><p style=""margin-top: 0; margin-bottom: 5px;"">0.06% of GDP</p>","<p style=""margin-top: 0; margin-bottom: 5px;"">Top senders:</p><p style=""margin-top: 0; margin-bottom: 2px;"">1. United States (44% of total)</p><p style=""margin-top: 0; margin-bottom: 2px;"">2. Brazil (8% of total)</p><p style=""margin-top: 0; margin-bottom: 2px;"">3. Australia (6% of total)</p>"
KAZ,Kazakhstan,66.3759193479301,47.641465195176835,dollar,310158546.35080904,"<p style=""margin-top: 0; margin-bottom: 5px;"">Remittances received:</p><p style=""margin-top: 0; margin-bottom: 5px;"">USD 310 million</p>","<p style=""margin-top: 0; margin-bottom: 5px;"">Top senders:</p><p style=""margin-top: 0; margin-bottom: 2px;"">1. Russian Federation - USD 184 million (59%)<p style=""margin-top: 0; margin-bottom: 2px;"">2. Germany - USD 87 million (28%)<p style=""margin-top: 0; margin-bottom: 2px;"">3. Ukraine - USD 16 million (5%)"
KAZ,Kazakhstan,66.3759193479301,47.641465195176835,pgdp,0.0015735122394261159,"<p style=""margin-top: 0; margin-bottom: 5px;"">Remittances received:</p><p style=""margin-top: 0; margin-bottom: 5px;"">0.1% of GDP</p>","<p style=""margin-top: 0; margin-bottom: 5px;"">Top senders:</p><p style=""margin-top: 0; margin-bottom: 2px;"">1. Russian Federation (59% of total)</p><p style=""margin-top: 0; margin-bottom: 2px;"">2. Germany (28% of total)</p><p style=""margin-top: 0; margin-bottom: 2px;"">3. Ukraine (5% of total)</p>"
KEN,Kenya,37.95309411262371,0.6899182318376179,dollar,3770089638.547689,"<p style=""margin-top: 0; margin-bottom: 5px;"">Remittances received:</p><p style=""margin-top: 0; margin-bottom: 5px;"">USD 4 billion</p>","<p style=""margin-top: 0; margin-bottom: 5px;"">Top senders:</p><p style=""margin-top: 0; margin-bottom: 2px;"">1. United States - USD 1 billion (34%)<p style=""margin-top: 0; margin-bottom: 2px;"">2. United Kingdom - USD 1 billion (27%)<p style=""margin-top: 0; margin-bottom: 2px;"">3. Canada - USD 217 million (6%)"
KEN,Kenya,37.95309411262371,0.6899182318376179,pgdp,0.034366124851065154,"<p style=""margin-top: 0; margin-bottom: 5px;"">Remittances received:</p><p style=""margin-top: 0; margin-bottom: 5px;"">2% of GDP</p>","<p style=""margin-top: 0; margin-bottom: 5px;"">Top senders:</p><p style=""margin-top: 0; margin-bottom: 2px;"">1. United States (34% of total)</p><p style=""margin-top: 0; margin-bottom: 2px;"">2. United Kingdom (27% of total)</p><p style=""margin-top: 0; margin-bottom: 2px;"">3. Canada (6% of total)</p>"
KGZ,Kyrgyz Republic,74.17532903468319,41.35698905438358,dollar,2792498249.117935,"<p style=""margin-top: 0; margin-bottom: 5px;"">Remittances received:</p><p style=""margin-top: 0; margin-bottom: 5px;"">USD 3 billion</p>","<p style=""margin-top: 0; margin-bottom: 5px;"">Top senders:</p><p style=""margin-top: 0; margin-bottom: 2px;"">1. Russian Federation - USD 2 billion (72%)<p style=""margin-top: 0; margin-bottom: 2px;"">2. Germany - USD 384 million (14%)<p style=""margin-top: 0; margin-bottom: 2px;"">3. Turkey - USD 110 million (4%)"
KGZ,Kyrgyz Republic,74.17532903468319,41.35698905438358,pgdp,0.30191997059849185,"<p style=""margin-top: 0; margin-bottom: 5px;"">Remittances received:</p><p style=""margin-top: 0; margin-bottom: 5px;"">27% of GDP</p>","<p style=""margin-top: 0; margin-bottom: 5px;"">Top senders:</p><p style=""margin-top: 0; margin-bottom: 2px;"">1. Russian Federation (72% of total)</p><p style=""margin-top: 0; margin-bottom: 2px;"">2. Germany (14% of total)</p><p style=""margin-top: 0; margin-bottom: 2px;"">3. Turkey (4% of total)</p>"
KHM,Cambodia,105.039730786807,12.699186865507777,dollar,1153438268.7215989,"<p style=""margin-top: 0; margin-bottom: 5px;"">Remittances received:</p><p style=""margin-top: 0; margin-bottom: 5px;"">USD 1 billion</p>","<p style=""margin-top: 0; margin-bottom: 5px;"">Top senders:</p><p style=""margin-top: 0; margin-bottom: 2px;"">1. Thailand - USD 637 million (55%)<p style=""margin-top: 0; margin-bottom: 2px;"">2. United States - USD 213 million (18%)<p style=""margin-top: 0; margin-bottom: 2px;"">3. France - USD 89 million (8%)"
KHM,Cambodia,105.039730786807,12.699186865507777,pgdp,0.04278163467788538,"<p style=""margin-top: 0; margin-bottom: 5px;"">Remittances received:</p><p style=""margin-top: 0; margin-bottom: 5px;"">3% of GDP</p>","<p style=""margin-top: 0; margin-bottom: 5px;"">Top senders:</p><p style=""margin-top: 0; margin-bottom: 2px;"">1. Thailand (55% of total)</p><p style=""margin-top: 0; margin-bottom: 2px;"">2. United States (18% of total)</p><p style=""margin-top: 0; margin-bottom: 2px;"">3. France (8% of total)</p>"
KIR,Kiribati,-157.39024189323504,1.8676673749241064,dollar,15000000.000000002,"<p style=""margin-top: 0; margin-bottom: 5px;"">Remittances received:</p><p style=""margin-top: 0; margin-bottom: 5px;"">USD 15 million</p>","<p style=""margin-top: 0; margin-bottom: 5px;"">Top senders:</p><p style=""margin-top: 0; margin-bottom: 2px;"">1. New Zealand - USD 8 million (50%)<p style=""margin-top: 0; margin-bottom: 2px;"">2. Australia - USD 3 million (20%)<p style=""margin-top: 0; margin-bottom: 2px;"">3. Fiji - USD 2 million (12%)"
KIR,Kiribati,-157.39024189323504,1.8676673749241064,pgdp,0.06590217821782172,"<p style=""margin-top: 0; margin-bottom: 5px;"">Remittances received:</p><p style=""margin-top: 0; margin-bottom: 5px;"">5% of GDP</p>","<p style=""margin-top: 0; margin-bottom: 5px;"">Top senders:</p><p style=""margin-top: 0; margin-bottom: 2px;"">1. New Zealand (50% of total)</p><p style=""margin-top: 0; margin-bottom: 2px;"">2. Australia (20% of total)</p><p style=""margin-top: 0; margin-bottom: 2px;"">3. Fiji (12% of total)</p>"
KNA,St. Kitts and Nevis,-62.74560385895787,17.314736299587768,dollar,37175786.73795304,"<p style=""margin-top: 0; margin-bottom: 5px;"">Remittances received:</p><p style=""margin-top: 0; margin-bottom: 5px;"">USD 37 million</p>","<p style=""margin-top: 0; margin-bottom: 5px;"">Top senders:</p><p style=""margin-top: 0; margin-bottom: 2px;"">1. United States - USD 21 million (57%)<p style=""margin-top: 0; margin-bottom: 2px;"">2. United Kingdom - USD 8 million (21%)<p style=""margin-top: 0; margin-bottom: 2px;"">3. Virgin Islands (U.S.) - USD 5 million (13%)"
KNA,St. Kitts and Nevis,-62.74560385895787,17.314736299587768,pgdp,0.043298517898573585,"<p style=""margin-top: 0; margin-bottom: 5px;"">Remittances received:</p><p style=""margin-top: 0; margin-bottom: 5px;"">4% of GDP</p>","<p style=""margin-top: 0; margin-bottom: 5px;"">Top senders:</p><p style=""margin-top: 0; margin-bottom: 2px;"">1. United States (57% of total)</p><p style=""margin-top: 0; margin-bottom: 2px;"">2. United Kingdom (21% of total)</p><p style=""margin-top: 0; margin-bottom: 2px;"">3. Virgin Islands (U.S.) (13% of total)</p>"
KOR,"Korea, Rep.",127.76224551357647,36.402386712544114,dollar,7704199999.999999,"<p style=""margin-top: 0; margin-bottom: 5px;"">Remittances received:</p><p style=""margin-top: 0; margin-bottom: 5px;"">USD 8 billion</p>","<p style=""margin-top: 0; margin-bottom: 5px;"">Top senders:</p><p style=""margin-top: 0; margin-bottom: 2px;"">1. United States - USD 4 billion (48%)<p style=""margin-top: 0; margin-bottom: 2px;"">2. Japan - USD 2 billion (20%)<p style=""margin-top: 0; margin-bottom: 2px;"">3. China - USD 495 million (6%)"
KOR,"Korea, Rep.",127.76224551357647,36.402386712544114,pgdp,0.004236726777343598,"<p style=""margin-top: 0; margin-bottom: 5px;"">Remittances received:</p><p style=""margin-top: 0; margin-bottom: 5px;"">0.3% of GDP</p>","<p style=""margin-top: 0; margin-bottom: 5px;"">Top senders:</p><p style=""margin-top: 0; margin-bottom: 2px;"">1. United States (48% of total)</p><p style=""margin-top: 0; margin-bottom: 2px;"">2. Japan (20% of total)</p><p style=""margin-top: 0; margin-bottom: 2px;"">3. China (6% of total)</p>"
KWT,Kuwait,47.56311109320184,29.281360965443092,dollar,23000000.000000004,"<p style=""margin-top: 0; margin-bottom: 5px;"">Remittances received:</p><p style=""margin-top: 0; margin-bottom: 5px;"">USD 23 million</p>","<p style=""margin-top: 0; margin-bottom: 5px;"">Top senders:</p><p style=""margin-top: 0; margin-bottom: 2px;"">1. United Arab Emirates - USD 7 million (30%)<p style=""margin-top: 0; margin-bottom: 2px;"">2. United States - USD 3 million (15%)<p style=""margin-top: 0; margin-bottom: 2px;"">3. West Bank and Gaza - USD 2 million (8%)"
KWT,Kuwait,47.56311109320184,29.281360965443092,pgdp,1.674136483192976e-4,"<p style=""margin-top: 0; margin-bottom: 5px;"">Remittances received:</p><p style=""margin-top: 0; margin-bottom: 5px;"">0.009% of GDP</p>","<p style=""margin-top: 0; margin-bottom: 5px;"">Top senders:</p><p style=""margin-top: 0; margin-bottom: 2px;"">1. United Arab Emirates (30% of total)</p><p style=""margin-top: 0; margin-bottom: 2px;"">2. United States (15% of total)</p><p style=""margin-top: 0; margin-bottom: 2px;"">3. West Bank and Gaza (8% of total)</p>"
LAO,Lao PDR,103.76375899026448,18.11728273687328,dollar,224442521.23713097,"<p style=""margin-top: 0; margin-bottom: 5px;"">Remittances received:</p><p style=""margin-top: 0; margin-bottom: 5px;"">USD 224 million</p>","<p style=""margin-top: 0; margin-bottom: 5px;"">Top senders:</p><p style=""margin-top: 0; margin-bottom: 2px;"">1. Thailand - USD 155 million (69%)<p style=""margin-top: 0; margin-bottom: 2px;"">2. United States - USD 39 million (17%)<p style=""margin-top: 0; margin-bottom: 2px;"">3. Bangladesh - USD 13 million (6%)"
LAO,Lao PDR,103.76375899026448,18.11728273687328,pgdp,0.01192121690076935,"<p style=""margin-top: 0; margin-bottom: 5px;"">Remittances received:</p><p style=""margin-top: 0; margin-bottom: 5px;"">1% of GDP</p>","<p style=""margin-top: 0; margin-bottom: 5px;"">Top senders:</p><p style=""margin-top: 0; margin-bottom: 2px;"">1. Thailand (69% of total)</p><p style=""margin-top: 0; margin-bottom: 2px;"">2. United States (17% of total)</p><p style=""margin-top: 0; margin-bottom: 2px;"">3. Bangladesh (6% of total)</p>"
LBN,Lebanon,35.89651946324749,33.91160170722086,dollar,6393530000.000004,"<p style=""margin-top: 0; margin-bottom: 5px;"">Remittances received:</p><p style=""margin-top: 0; margin-bottom: 5px;"">USD 6 billion</p>","<p style=""margin-top: 0; margin-bottom: 5px;"">Top senders:</p><p style=""margin-top: 0; margin-bottom: 2px;"">1. Saudi Arabia - USD 1 billion (17%)<p style=""margin-top: 0; margin-bottom: 2px;"">2. United States - USD 1 billion (16%)<p style=""margin-top: 0; margin-bottom: 2px;"">3. Australia - USD 719 million (11%)"
LBN,Lebanon,35.89651946324749,33.91160170722086,pgdp,0.2763940062836992,"<p style=""margin-top: 0; margin-bottom: 5px;"">Remittances received:</p><p style=""margin-top: 0; margin-bottom: 5px;"">12% of GDP</p>","<p style=""margin-top: 0; margin-bottom: 5px;"">Top senders:</p><p style=""margin-top: 0; margin-bottom: 2px;"">1. Saudi Arabia (17% of total)</p><p style=""margin-top: 0; margin-bottom: 2px;"">2. United States (16% of total)</p><p style=""margin-top: 0; margin-bottom: 2px;"">3. Australia (11% of total)</p>"
LBR,Liberia,-9.258988935497618,6.52012979398834,dollar,338065838.33207166,"<p style=""margin-top: 0; margin-bottom: 5px;"">Remittances received:</p><p style=""margin-top: 0; margin-bottom: 5px;"">USD 338 million</p>","<p style=""margin-top: 0; margin-bottom: 5px;"">Top senders:</p><p style=""margin-top: 0; margin-bottom: 2px;"">1. United States - USD 222 million (66%)<p style=""margin-top: 0; margin-bottom: 2px;"">2. Ghana - USD 26 million (8%)<p style=""margin-top: 0; margin-bottom: 2px;"">3. Cote d'Ivoire - USD 21 million (6%)"
LBR,Liberia,-9.258988935497618,6.52012979398834,pgdp,0.09634250166203238,"<p style=""margin-top: 0; margin-bottom: 5px;"">Remittances received:</p><p style=""margin-top: 0; margin-bottom: 5px;"">8% of GDP</p>","<p style=""margin-top: 0; margin-bottom: 5px;"">Top senders:</p><p style=""margin-top: 0; margin-bottom: 2px;"">1. United States (66% of total)</p><p style=""margin-top: 0; margin-bottom: 2px;"">2. Ghana (8% of total)</p><p style=""margin-top: 0; margin-bottom: 2px;"">3. Cote d'Ivoire (6% of total)</p>"
LBY,Libya,17.91133392454237,27.20291577169079,dollar,NA,NA,NA
LBY,Libya,17.91133392454237,27.20291577169079,pgdp,NA,NA,NA
LCA,St. Lucia,-60.9689510935251,13.895749185129906,dollar,62596604.870968916,"<p style=""margin-top: 0; margin-bottom: 5px;"">Remittances received:</p><p style=""margin-top: 0; margin-bottom: 5px;"">USD 63 million</p>","<p style=""margin-top: 0; margin-bottom: 5px;"">Top senders:</p><p style=""margin-top: 0; margin-bottom: 2px;"">1. United States - USD 31 million (50%)<p style=""margin-top: 0; margin-bottom: 2px;"">2. United Kingdom - USD 10 million (17%)<p style=""margin-top: 0; margin-bottom: 2px;"">3. France - USD 8 million (12%)"
LCA,St. Lucia,-60.9689510935251,13.895749185129906,pgdp,0.0319189486594176,"<p style=""margin-top: 0; margin-bottom: 5px;"">Remittances received:</p><p style=""margin-top: 0; margin-bottom: 5px;"">3% of GDP</p>","<p style=""margin-top: 0; margin-bottom: 5px;"">Top senders:</p><p style=""margin-top: 0; margin-bottom: 2px;"">1. United States (50% of total)</p><p style=""margin-top: 0; margin-bottom: 2px;"">2. United Kingdom (17% of total)</p><p style=""margin-top: 0; margin-bottom: 2px;"">3. France (12% of total)</p>"
LIE,Liechtenstein,9.547674672376376,47.14627562133036,dollar,NA,NA,NA
LIE,Liechtenstein,9.547674672376376,47.14627562133036,pgdp,NA,NA,NA
LKA,Sri Lanka,80.66931169770622,7.696630939329944,dollar,5522000000.000004,"<p style=""margin-top: 0; margin-bottom: 5px;"">Remittances received:</p><p style=""margin-top: 0; margin-bottom: 5px;"">USD 6 billion</p>","<p style=""margin-top: 0; margin-bottom: 5px;"">Top senders:</p><p style=""margin-top: 0; margin-bottom: 2px;"">1. Saudi Arabia - USD 1 billion (27%)<p style=""margin-top: 0; margin-bottom: 2px;"">2. Qatar - USD 487 million (9%)<p style=""margin-top: 0; margin-bottom: 2px;"">3. India - USD 436 million (8%)"
LKA,Sri Lanka,80.66931169770622,7.696630939329944,pgdp,0.06236162235966644,"<p style=""margin-top: 0; margin-bottom: 5px;"">Remittances received:</p><p style=""margin-top: 0; margin-bottom: 5px;"">3% of GDP</p>","<p style=""margin-top: 0; margin-bottom: 5px;"">Top senders:</p><p style=""margin-top: 0; margin-bottom: 2px;"">1. Saudi Arabia (27% of total)</p><p style=""margin-top: 0; margin-bottom: 2px;"">2. Qatar (9% of total)</p><p style=""margin-top: 0; margin-bottom: 2px;"">3. India (8% of total)</p>"
LSO,Lesotho,28.24475317864227,-29.60168116924817,dollar,499174871.59884495,"<p style=""margin-top: 0; margin-bottom: 5px;"">Remittances received:</p><p style=""margin-top: 0; margin-bottom: 5px;"">USD 499 million</p>","<p style=""margin-top: 0; margin-bottom: 5px;"">Top senders:</p><p style=""margin-top: 0; margin-bottom: 2px;"">1. South Africa - USD 477 million (96%)<p style=""margin-top: 0; margin-bottom: 2px;"">2. Mozambique - USD 14 million (3%)<p style=""margin-top: 0; margin-bottom: 2px;"">3. United Kingdom - USD 3 million (0.5%)"
LSO,Lesotho,28.24475317864227,-29.60168116924817,pgdp,0.21252598435133288,"<p style=""margin-top: 0; margin-bottom: 5px;"">Remittances received:</p><p style=""margin-top: 0; margin-bottom: 5px;"">21% of GDP</p>","<p style=""margin-top: 0; margin-bottom: 5px;"">Top senders:</p><p style=""margin-top: 0; margin-bottom: 2px;"">1. South Africa (96% of total)</p><p style=""margin-top: 0; margin-bottom: 2px;"">2. Mozambique (3% of total)</p><p style=""margin-top: 0; margin-bottom: 2px;"">3. United Kingdom (0.5% of total)</p>"
LTU,Lithuania,23.946021605013534,55.29437393417175,dollar,778077399.7683985,"<p style=""margin-top: 0; margin-bottom: 5px;"">Remittances received:</p><p style=""margin-top: 0; margin-bottom: 5px;"">USD 778 million</p>","<p style=""margin-top: 0; margin-bottom: 5px;"">Top senders:</p><p style=""margin-top: 0; margin-bottom: 2px;"">1. United Kingdom - USD 175 million (22%)<p style=""margin-top: 0; margin-bottom: 2px;"">2. Russian Federation - USD 86 million (11%)<p style=""margin-top: 0; margin-bottom: 2px;"">3. Poland - USD 81 million (10%)"
LTU,Lithuania,23.946021605013534,55.29437393417175,pgdp,0.01164805118392695,"<p style=""margin-top: 0; margin-bottom: 5px;"">Remittances received:</p><p style=""margin-top: 0; margin-bottom: 5px;"">0.5% of GDP</p>","<p style=""margin-top: 0; margin-bottom: 5px;"">Top senders:</p><p style=""margin-top: 0; margin-bottom: 2px;"">1. United Kingdom (22% of total)</p><p style=""margin-top: 0; margin-bottom: 2px;"">2. Russian Federation (11% of total)</p><p style=""margin-top: 0; margin-bottom: 2px;"">3. Poland (10% of total)</p>"
LUX,Luxembourg,6.103230338458876,49.77523454542369,dollar,2273397812.1352873,"<p style=""margin-top: 0; margin-bottom: 5px;"">Remittances received:</p><p style=""margin-top: 0; margin-bottom: 5px;"">USD 2 billion</p>","<p style=""margin-top: 0; margin-bottom: 5px;"">Top senders:</p><p style=""margin-top: 0; margin-bottom: 2px;"">1. Germany - USD 656 million (29%)<p style=""margin-top: 0; margin-bottom: 2px;"">2. France - USD 442 million (19%)<p style=""margin-top: 0; margin-bottom: 2px;"">3. Belgium - USD 407 million (18%)"
LUX,Luxembourg,6.103230338458876,49.77523454542369,pgdp,0.02656331787000261,"<p style=""margin-top: 0; margin-bottom: 5px;"">Remittances received:</p><p style=""margin-top: 0; margin-bottom: 5px;"">2% of GDP</p>","<p style=""margin-top: 0; margin-bottom: 5px;"">Top senders:</p><p style=""margin-top: 0; margin-bottom: 2px;"">1. Germany (29% of total)</p><p style=""margin-top: 0; margin-bottom: 2px;"">2. France (19% of total)</p><p style=""margin-top: 0; margin-bottom: 2px;"">3. Belgium (18% of total)</p>"
LVA,Latvia,24.693671325654403,56.813853047554154,dollar,1317404608.008659,"<p style=""margin-top: 0; margin-bottom: 5px;"">Remittances received:</p><p style=""margin-top: 0; margin-bottom: 5px;"">USD 1 billion</p>","<p style=""margin-top: 0; margin-bottom: 5px;"">Top senders:</p><p style=""margin-top: 0; margin-bottom: 2px;"">1. Russian Federation - USD 297 million (23%)<p style=""margin-top: 0; margin-bottom: 2px;"">2. United Kingdom - USD 273 million (21%)<p style=""margin-top: 0; margin-bottom: 2px;"">3. Germany - USD 143 million (11%)"
LVA,Latvia,24.693671325654403,56.813853047554154,pgdp,0.03340010632480198,"<p style=""margin-top: 0; margin-bottom: 5px;"">Remittances received:</p><p style=""margin-top: 0; margin-bottom: 5px;"">2% of GDP</p>","<p style=""margin-top: 0; margin-bottom: 5px;"">Top senders:</p><p style=""margin-top: 0; margin-bottom: 2px;"">1. Russian Federation (23% of total)</p><p style=""margin-top: 0; margin-bottom: 2px;"">2. United Kingdom (21% of total)</p><p style=""margin-top: 0; margin-bottom: 2px;"">3. Germany (11% of total)</p>"
MAC,"Macao SAR, China",113.51326768902942,22.1261995257783,dollar,19000000,"<p style=""margin-top: 0; margin-bottom: 5px;"">Remittances received:</p><p style=""margin-top: 0; margin-bottom: 5px;"">USD 19 million</p>","<p style=""margin-top: 0; margin-bottom: 5px;"">Top senders:</p><p style=""margin-top: 0; margin-bottom: 2px;"">1. Hong Kong SAR, China - USD 10 million (51%)<p style=""margin-top: 0; margin-bottom: 2px;"">2. Singapore - USD 3 million (15%)<p style=""margin-top: 0; margin-bottom: 2px;"">3. China - USD 2 million (13%)"
MAC,"Macao SAR, China",113.51326768902942,22.1261995257783,pgdp,6.13510111888224e-4,"<p style=""margin-top: 0; margin-bottom: 5px;"">Remittances received:</p><p style=""margin-top: 0; margin-bottom: 5px;"">0.05% of GDP</p>","<p style=""margin-top: 0; margin-bottom: 5px;"">Top senders:</p><p style=""margin-top: 0; margin-bottom: 2px;"">1. Hong Kong SAR, China (51% of total)</p><p style=""margin-top: 0; margin-bottom: 2px;"">2. Singapore (15% of total)</p><p style=""margin-top: 0; margin-bottom: 2px;"">3. China (13% of total)</p>"
MAR,Morocco,-8.817212587250811,28.687598134979325,dollar,10704830037.89597,"<p style=""margin-top: 0; margin-bottom: 5px;"">Remittances received:</p><p style=""margin-top: 0; margin-bottom: 5px;"">USD 11 billion</p>","<p style=""margin-top: 0; margin-bottom: 5px;"">Top senders:</p><p style=""margin-top: 0; margin-bottom: 2px;"">1. France - USD 3 billion (32%)<p style=""margin-top: 0; margin-bottom: 2px;"">2. Spain - USD 2 billion (23%)<p style=""margin-top: 0; margin-bottom: 2px;"">3. Italy - USD 1 billion (14%)"
MAR,Morocco,-8.817212587250811,28.687598134979325,pgdp,0.07548298068397975,"<p style=""margin-top: 0; margin-bottom: 5px;"">Remittances received:</p><p style=""margin-top: 0; margin-bottom: 5px;"">5% of GDP</p>","<p style=""margin-top: 0; margin-bottom: 5px;"">Top senders:</p><p style=""margin-top: 0; margin-bottom: 2px;"">1. France (32% of total)</p><p style=""margin-top: 0; margin-bottom: 2px;"">2. Spain (23% of total)</p><p style=""margin-top: 0; margin-bottom: 2px;"">3. Italy (14% of total)</p>"
MCO,Monaco,7.412820873271196,43.74798224995656,dollar,NA,NA,NA
MCO,Monaco,7.412820873271196,43.74798224995656,pgdp,NA,NA,NA
MDA,Moldova,28.391111865941348,47.0725674580696,dollar,2084629999.9999998,"<p style=""margin-top: 0; margin-bottom: 5px;"">Remittances received:</p><p style=""margin-top: 0; margin-bottom: 5px;"">USD 2 billion</p>","<p style=""margin-top: 0; margin-bottom: 5px;"">Top senders:</p><p style=""margin-top: 0; margin-bottom: 2px;"">1. Russian Federation - USD 554 million (27%)<p style=""margin-top: 0; margin-bottom: 2px;"">2. Romania - USD 527 million (25%)<p style=""margin-top: 0; margin-bottom: 2px;"">3. Ukraine - USD 263 million (13%)"
MDA,Moldova,28.391111865941348,47.0725674580696,pgdp,0.15224912067723273,"<p style=""margin-top: 0; margin-bottom: 5px;"">Remittances received:</p><p style=""margin-top: 0; margin-bottom: 5px;"">10% of GDP</p>","<p style=""margin-top: 0; margin-bottom: 5px;"">Top senders:</p><p style=""margin-top: 0; margin-bottom: 2px;"">1. Russian Federation (27% of total)</p><p style=""margin-top: 0; margin-bottom: 2px;"">2. Romania (25% of total)</p><p style=""margin-top: 0; margin-bottom: 2px;"">3. Ukraine (13% of total)</p>"
MDG,Madagascar,46.68493466832544,-19.04163612493041,dollar,614639479.6128795,"<p style=""margin-top: 0; margin-bottom: 5px;"">Remittances received:</p><p style=""margin-top: 0; margin-bottom: 5px;"">USD 615 million</p>","<p style=""margin-top: 0; margin-bottom: 5px;"">Top senders:</p><p style=""margin-top: 0; margin-bottom: 2px;"">1. France - USD 523 million (85%)<p style=""margin-top: 0; margin-bottom: 2px;"">2. Germany - USD 14 million (2%)<p style=""margin-top: 0; margin-bottom: 2px;"">3. Canada - USD 13 million (2%)"
MDG,Madagascar,46.68493466832544,-19.04163612493041,pgdp,0.042229465004447596,"<p style=""margin-top: 0; margin-bottom: 5px;"">Remittances received:</p><p style=""margin-top: 0; margin-bottom: 5px;"">4% of GDP</p>","<p style=""margin-top: 0; margin-bottom: 5px;"">Top senders:</p><p style=""margin-top: 0; margin-bottom: 2px;"">1. France (85% of total)</p><p style=""margin-top: 0; margin-bottom: 2px;"">2. Germany (2% of total)</p><p style=""margin-top: 0; margin-bottom: 2px;"">3. Canada (2% of total)</p>"
MDV,Maldives,73.10076245140479,-0.6065577168009924,dollar,4882675.07209389,"<p style=""margin-top: 0; margin-bottom: 5px;"">Remittances received:</p><p style=""margin-top: 0; margin-bottom: 5px;"">USD 5 million</p>","<p style=""margin-top: 0; margin-bottom: 5px;"">Top senders:</p><p style=""margin-top: 0; margin-bottom: 2px;"">1. Sri Lanka - USD 2 million (34%)<p style=""margin-top: 0; margin-bottom: 2px;"">2. India - USD 1 million (21%)<p style=""margin-top: 0; margin-bottom: 2px;"">3. Australia - USD 926,496 (19%)"
MDV,Maldives,73.10076245140479,-0.6065577168009924,pgdp,9.292605013824342e-4,"<p style=""margin-top: 0; margin-bottom: 5px;"">Remittances received:</p><p style=""margin-top: 0; margin-bottom: 5px;"">0.07% of GDP</p>","<p style=""margin-top: 0; margin-bottom: 5px;"">Top senders:</p><p style=""margin-top: 0; margin-bottom: 2px;"">1. Sri Lanka (34% of total)</p><p style=""margin-top: 0; margin-bottom: 2px;"">2. India (21% of total)</p><p style=""margin-top: 0; margin-bottom: 2px;"">3. Australia (19% of total)</p>"
MEX,Mexico,-101.55399731630118,23.87436068093592,dollar,54130111444.99997,"<p style=""margin-top: 0; margin-bottom: 5px;"">Remittances received:</p><p style=""margin-top: 0; margin-bottom: 5px;"">USD 54 billion</p>","<p style=""margin-top: 0; margin-bottom: 5px;"">Top senders:</p><p style=""margin-top: 0; margin-bottom: 2px;"">1. United States - USD 53 billion (97%)<p style=""margin-top: 0; margin-bottom: 2px;"">2. Canada - USD 400 million (0.7%)<p style=""margin-top: 0; margin-bottom: 2px;"">3. Spain - USD 272 million (0.5%)"
MEX,Mexico,-101.55399731630118,23.87436068093592,pgdp,0.04124018255424911,"<p style=""margin-top: 0; margin-bottom: 5px;"">Remittances received:</p><p style=""margin-top: 0; margin-bottom: 5px;"">4% of GDP</p>","<p style=""margin-top: 0; margin-bottom: 5px;"">Top senders:</p><p style=""margin-top: 0; margin-bottom: 2px;"">1. United States (97% of total)</p><p style=""margin-top: 0; margin-bottom: 2px;"">2. Canada (0.7% of total)</p><p style=""margin-top: 0; margin-bottom: 2px;"">3. Spain (0.5% of total)</p>"
MHL,Marshall Islands,168.72016025351076,7.307929900994344,dollar,31000000,"<p style=""margin-top: 0; margin-bottom: 5px;"">Remittances received:</p><p style=""margin-top: 0; margin-bottom: 5px;"">USD 31 million</p>","<p style=""margin-top: 0; margin-bottom: 5px;"">Top senders:</p><p style=""margin-top: 0; margin-bottom: 2px;"">1. United States - USD 30 million (97%)<p style=""margin-top: 0; margin-bottom: 2px;"">2. Guam - USD 395,669 (1%)<p style=""margin-top: 0; margin-bottom: 2px;"">3. Micronesia, Fed. Sts. - USD 147,974 (0.5%)"
MHL,Marshall Islands,168.72016025351076,7.307929900994344,pgdp,0.1202553067060332,"<p style=""margin-top: 0; margin-bottom: 5px;"">Remittances received:</p><p style=""margin-top: 0; margin-bottom: 5px;"">12% of GDP</p>","<p style=""margin-top: 0; margin-bottom: 5px;"">Top senders:</p><p style=""margin-top: 0; margin-bottom: 2px;"">1. United States (97% of total)</p><p style=""margin-top: 0; margin-bottom: 2px;"">2. Guam (1% of total)</p><p style=""margin-top: 0; margin-bottom: 2px;"">3. Micronesia, Fed. Sts. (0.5% of total)</p>"
MKD,North Macedonia,21.70998923872772,41.59402890143112,dollar,489429713.24220526,"<p style=""margin-top: 0; margin-bottom: 5px;"">Remittances received:</p><p style=""margin-top: 0; margin-bottom: 5px;"">USD 489 million</p>","<p style=""margin-top: 0; margin-bottom: 5px;"">Top senders:</p><p style=""margin-top: 0; margin-bottom: 2px;"">1. Germany - USD 128 million (26%)<p style=""margin-top: 0; margin-bottom: 2px;"">2. Switzerland - USD 75 million (15%)<p style=""margin-top: 0; margin-bottom: 2px;"">3. Australia - USD 45 million (9%)"
MKD,North Macedonia,21.70998923872772,41.59402890143112,pgdp,0.03496337100195909,"<p style=""margin-top: 0; margin-bottom: 5px;"">Remittances received:</p><p style=""margin-top: 0; margin-bottom: 5px;"">2% of GDP</p>","<p style=""margin-top: 0; margin-bottom: 5px;"">Top senders:</p><p style=""margin-top: 0; margin-bottom: 2px;"">1. Germany (26% of total)</p><p style=""margin-top: 0; margin-bottom: 2px;"">2. Switzerland (15% of total)</p><p style=""margin-top: 0; margin-bottom: 2px;"">3. Australia (9% of total)</p>"
MLI,Mali,-4.346399841781153,17.168146208584837,dollar,1053000000.0000005,"<p style=""margin-top: 0; margin-bottom: 5px;"">Remittances received:</p><p style=""margin-top: 0; margin-bottom: 5px;"">USD 1 billion</p>","<p style=""margin-top: 0; margin-bottom: 5px;"">Top senders:</p><p style=""margin-top: 0; margin-bottom: 2px;"">1. Cote d'Ivoire - USD 378 million (36%)<p style=""margin-top: 0; margin-bottom: 2px;"">2. France - USD 154 million (15%)<p style=""margin-top: 0; margin-bottom: 2px;"">3. Nigeria - USD 122 million (12%)"
MLI,Mali,-4.346399841781153,17.168146208584837,pgdp,0.05453284600898835,"<p style=""margin-top: 0; margin-bottom: 5px;"">Remittances received:</p><p style=""margin-top: 0; margin-bottom: 5px;"">3% of GDP</p>","<p style=""margin-top: 0; margin-bottom: 5px;"">Top senders:</p><p style=""margin-top: 0; margin-bottom: 2px;"">1. Cote d'Ivoire (36% of total)</p><p style=""margin-top: 0; margin-bottom: 2px;"">2. France (15% of total)</p><p style=""margin-top: 0; margin-bottom: 2px;"">3. Nigeria (12% of total)</p>"
MLT,Malta,14.441922442508494,35.890522650899314,dollar,284346854.9490617,"<p style=""margin-top: 0; margin-bottom: 5px;"">Remittances received:</p><p style=""margin-top: 0; margin-bottom: 5px;"">USD 284 million</p>","<p style=""margin-top: 0; margin-bottom: 5px;"">Top senders:</p><p style=""margin-top: 0; margin-bottom: 2px;"">1. Australia - USD 114 million (40%)<p style=""margin-top: 0; margin-bottom: 2px;"">2. United Kingdom - USD 86 million (30%)<p style=""margin-top: 0; margin-bottom: 2px;"">3. United States - USD 36 million (13%)"
MLT,Malta,14.441922442508494,35.890522650899314,pgdp,0.01572088396175375,"<p style=""margin-top: 0; margin-bottom: 5px;"">Remittances received:</p><p style=""margin-top: 0; margin-bottom: 5px;"">1% of GDP</p>","<p style=""margin-top: 0; margin-bottom: 5px;"">Top senders:</p><p style=""margin-top: 0; margin-bottom: 2px;"">1. Australia (40% of total)</p><p style=""margin-top: 0; margin-bottom: 2px;"">2. United Kingdom (30% of total)</p><p style=""margin-top: 0; margin-bottom: 2px;"">3. United States (13% of total)</p>"
MMR,Myanmar,97.08892285397344,19.901227931399873,dollar,1999999999.999999,"<p style=""margin-top: 0; margin-bottom: 5px;"">Remittances received:</p><p style=""margin-top: 0; margin-bottom: 5px;"">USD 2 billion</p>","<p style=""margin-top: 0; margin-bottom: 5px;"">Top senders:</p><p style=""margin-top: 0; margin-bottom: 2px;"">1. Thailand - USD 975 million (49%)<p style=""margin-top: 0; margin-bottom: 2px;"">2. Bangladesh - USD 398 million (20%)<p style=""margin-top: 0; margin-bottom: 2px;"">3. Malaysia - USD 207 million (10%)"
MMR,Myanmar,97.08892285397344,19.901227931399873,pgdp,0.0301828417272058,"<p style=""margin-top: 0; margin-bottom: 5px;"">Remittances received:</p><p style=""margin-top: 0; margin-bottom: 5px;"">2% of GDP</p>","<p style=""margin-top: 0; margin-bottom: 5px;"">Top senders:</p><p style=""margin-top: 0; margin-bottom: 2px;"">1. Thailand (49% of total)</p><p style=""margin-top: 0; margin-bottom: 2px;"">2. Bangladesh (20% of total)</p><p style=""margin-top: 0; margin-bottom: 2px;"">3. Malaysia (10% of total)</p>"
MNE,Montenegro,19.29505087156758,42.73694835210454,dollar,793592465.4807863,"<p style=""margin-top: 0; margin-bottom: 5px;"">Remittances received:</p><p style=""margin-top: 0; margin-bottom: 5px;"">USD 794 million</p>","<p style=""margin-top: 0; margin-bottom: 5px;"">Top senders:</p><p style=""margin-top: 0; margin-bottom: 2px;"">1. Serbia - USD 390 million (49%)<p style=""margin-top: 0; margin-bottom: 2px;"">2. Germany - USD 153 million (19%)<p style=""margin-top: 0; margin-bottom: 2px;"">3. North Macedonia - USD 50 million (6%)"
MNE,Montenegro,19.29505087156758,42.73694835210454,pgdp,0.13539235361810922,"<p style=""margin-top: 0; margin-bottom: 5px;"">Remittances received:</p><p style=""margin-top: 0; margin-bottom: 5px;"">10% of GDP</p>","<p style=""margin-top: 0; margin-bottom: 5px;"">Top senders:</p><p style=""margin-top: 0; margin-bottom: 2px;"">1. Serbia (49% of total)</p><p style=""margin-top: 0; margin-bottom: 2px;"">2. Germany (19% of total)</p><p style=""margin-top: 0; margin-bottom: 2px;"">3. North Macedonia (6% of total)</p>"
MNG,Mongolia,103.3987360327455,47.08644454604851,dollar,534999999.9999999,"<p style=""margin-top: 0; margin-bottom: 5px;"">Remittances received:</p><p style=""margin-top: 0; margin-bottom: 5px;"">USD 535 million</p>","<p style=""margin-top: 0; margin-bottom: 5px;"">Top senders:</p><p style=""margin-top: 0; margin-bottom: 2px;"">1. Korea, Rep. - USD 171 million (32%)<p style=""margin-top: 0; margin-bottom: 2px;"">2. Russian Federation - USD 109 million (20%)<p style=""margin-top: 0; margin-bottom: 2px;"">3. Czech Republic - USD 59 million (11%)"
MNG,Mongolia,103.3987360327455,47.08644454604851,pgdp,0.03499833441824867,"<p style=""margin-top: 0; margin-bottom: 5px;"">Remittances received:</p><p style=""margin-top: 0; margin-bottom: 5px;"">2% of GDP</p>","<p style=""margin-top: 0; margin-bottom: 5px;"">Top senders:</p><p style=""margin-top: 0; margin-bottom: 2px;"">1. Korea, Rep. (32% of total)</p><p style=""margin-top: 0; margin-bottom: 2px;"">2. Russian Federation (20% of total)</p><p style=""margin-top: 0; margin-bottom: 2px;"">3. Czech Republic (11% of total)</p>"
MNP,Northern Mariana Islands,145.74119737203134,15.178063516432116,dollar,NA,NA,NA
MNP,Northern Mariana Islands,145.74119737203134,15.178063516432116,pgdp,NA,NA,NA
MOZ,Mozambique,35.208577031290176,-17.525230309488748,dollar,453972065.822953,"<p style=""margin-top: 0; margin-bottom: 5px;"">Remittances received:</p><p style=""margin-top: 0; margin-bottom: 5px;"">USD 454 million</p>","<p style=""margin-top: 0; margin-bottom: 5px;"">Top senders:</p><p style=""margin-top: 0; margin-bottom: 2px;"">1. South Africa - USD 254 million (56%)<p style=""margin-top: 0; margin-bottom: 2px;"">2. Portugal - USD 89 million (20%)<p style=""margin-top: 0; margin-bottom: 2px;"">3. Zimbabwe - USD 53 million (12%)"
MOZ,Mozambique,35.208577031290176,-17.525230309488748,pgdp,0.028078332664298405,"<p style=""margin-top: 0; margin-bottom: 5px;"">Remittances received:</p><p style=""margin-top: 0; margin-bottom: 5px;"">2% of GDP</p>","<p style=""margin-top: 0; margin-bottom: 5px;"">Top senders:</p><p style=""margin-top: 0; margin-bottom: 2px;"">1. South Africa (56% of total)</p><p style=""margin-top: 0; margin-bottom: 2px;"">2. Portugal (20% of total)</p><p style=""margin-top: 0; margin-bottom: 2px;"">3. Zimbabwe (12% of total)</p>"
MRT,Mauritania,-10.495079045035716,20.466731212820022,dollar,168700000.00000003,"<p style=""margin-top: 0; margin-bottom: 5px;"">Remittances received:</p><p style=""margin-top: 0; margin-bottom: 5px;"">USD 169 million</p>","<p style=""margin-top: 0; margin-bottom: 5px;"">Top senders:</p><p style=""margin-top: 0; margin-bottom: 2px;"">1. Senegal - USD 51 million (30%)<p style=""margin-top: 0; margin-bottom: 2px;"">2. France - USD 39 million (23%)<p style=""margin-top: 0; margin-bottom: 2px;"">3. Mali - USD 27 million (16%)"
MRT,Mauritania,-10.495079045035716,20.466731212820022,pgdp,0.018292147988516978,"<p style=""margin-top: 0; margin-bottom: 5px;"">Remittances received:</p><p style=""margin-top: 0; margin-bottom: 5px;"">1% of GDP</p>","<p style=""margin-top: 0; margin-bottom: 5px;"">Top senders:</p><p style=""margin-top: 0; margin-bottom: 2px;"">1. Senegal (30% of total)</p><p style=""margin-top: 0; margin-bottom: 2px;"">2. France (23% of total)</p><p style=""margin-top: 0; margin-bottom: 2px;"">3. Mali (16% of total)</p>"
MUS,Mauritius,57.56415671066546,-20.28142317475198,dollar,272474595.80830663,"<p style=""margin-top: 0; margin-bottom: 5px;"">Remittances received:</p><p style=""margin-top: 0; margin-bottom: 5px;"">USD 272 million</p>","<p style=""margin-top: 0; margin-bottom: 5px;"">Top senders:</p><p style=""margin-top: 0; margin-bottom: 2px;"">1. France - USD 86 million (32%)<p style=""margin-top: 0; margin-bottom: 2px;"">2. United Kingdom - USD 63 million (23%)<p style=""margin-top: 0; margin-bottom: 2px;"">3. Australia - USD 47 million (17%)"
MUS,Mauritius,57.56415671066546,-20.28142317475198,pgdp,0.02372571431892076,"<p style=""margin-top: 0; margin-bottom: 5px;"">Remittances received:</p><p style=""margin-top: 0; margin-bottom: 5px;"">2% of GDP</p>","<p style=""margin-top: 0; margin-bottom: 5px;"">Top senders:</p><p style=""margin-top: 0; margin-bottom: 2px;"">1. France (32% of total)</p><p style=""margin-top: 0; margin-bottom: 2px;"">2. United Kingdom (23% of total)</p><p style=""margin-top: 0; margin-bottom: 2px;"">3. Australia (17% of total)</p>"
MWI,Malawi,34.23441182298881,-13.128986464184024,dollar,258855610.42837745,"<p style=""margin-top: 0; margin-bottom: 5px;"">Remittances received:</p><p style=""margin-top: 0; margin-bottom: 5px;"">USD 259 million</p>","<p style=""margin-top: 0; margin-bottom: 5px;"">Top senders:</p><p style=""margin-top: 0; margin-bottom: 2px;"">1. South Africa - USD 95 million (37%)<p style=""margin-top: 0; margin-bottom: 2px;"">2. Zimbabwe - USD 69 million (27%)<p style=""margin-top: 0; margin-bottom: 2px;"">3. Mozambique - USD 37 million (14%)"
MWI,Malawi,34.23441182298881,-13.128986464184024,pgdp,0.020540291023082757,"<p style=""margin-top: 0; margin-bottom: 5px;"">Remittances received:</p><p style=""margin-top: 0; margin-bottom: 5px;"">2% of GDP</p>","<p style=""margin-top: 0; margin-bottom: 5px;"">Top senders:</p><p style=""margin-top: 0; margin-bottom: 2px;"">1. South Africa (37% of total)</p><p style=""margin-top: 0; margin-bottom: 2px;"">2. Zimbabwe (27% of total)</p><p style=""margin-top: 0; margin-bottom: 2px;"">3. Mozambique (14% of total)</p>"
MYS,Malaysia,114.63330303992868,3.6716608556387857,dollar,1565248399.6894047,"<p style=""margin-top: 0; margin-bottom: 5px;"">Remittances received:</p><p style=""margin-top: 0; margin-bottom: 5px;"">USD 2 billion</p>","<p style=""margin-top: 0; margin-bottom: 5px;"">Top senders:</p><p style=""margin-top: 0; margin-bottom: 2px;"">1. Singapore - USD 992 million (63%)<p style=""margin-top: 0; margin-bottom: 2px;"">2. Bangladesh - USD 151 million (10%)<p style=""margin-top: 0; margin-bottom: 2px;"">3. Australia - USD 144 million (9%)"
MYS,Malaysia,114.63330303992868,3.6716608556387857,pgdp,0.004187032162595692,"<p style=""margin-top: 0; margin-bottom: 5px;"">Remittances received:</p><p style=""margin-top: 0; margin-bottom: 5px;"">0.3% of GDP</p>","<p style=""margin-top: 0; margin-bottom: 5px;"">Top senders:</p><p style=""margin-top: 0; margin-bottom: 2px;"">1. Singapore (63% of total)</p><p style=""margin-top: 0; margin-bottom: 2px;"">2. Bangladesh (10% of total)</p><p style=""margin-top: 0; margin-bottom: 2px;"">3. Australia (9% of total)</p>"
NAM,Namibia,18.16451345845268,-21.90858163281473,dollar,46483320.87263875,"<p style=""margin-top: 0; margin-bottom: 5px;"">Remittances received:</p><p style=""margin-top: 0; margin-bottom: 5px;"">USD 46 million</p>","<p style=""margin-top: 0; margin-bottom: 5px;"">Top senders:</p><p style=""margin-top: 0; margin-bottom: 2px;"">1. South Africa - USD 33 million (72%)<p style=""margin-top: 0; margin-bottom: 2px;"">2. United Kingdom - USD 3 million (6%)<p style=""margin-top: 0; margin-bottom: 2px;"">3. Australia - USD 2 million (4%)"
NAM,Namibia,18.16451345845268,-21.90858163281473,pgdp,0.003734712728037264,"<p style=""margin-top: 0; margin-bottom: 5px;"">Remittances received:</p><p style=""margin-top: 0; margin-bottom: 5px;"">0.3% of GDP</p>","<p style=""margin-top: 0; margin-bottom: 5px;"">Top senders:</p><p style=""margin-top: 0; margin-bottom: 2px;"">1. South Africa (72% of total)</p><p style=""margin-top: 0; margin-bottom: 2px;"">2. United Kingdom (6% of total)</p><p style=""margin-top: 0; margin-bottom: 2px;"">3. Australia (4% of total)</p>"
NCL,New Caledonia,165.50767040438612,-21.33003372660827,dollar,NA,NA,NA
NCL,New Caledonia,165.50767040438612,-21.33003372660827,pgdp,NA,NA,NA
NER,Niger,8.86863247002646,17.08105392407292,dollar,541700000.0000001,"<p style=""margin-top: 0; margin-bottom: 5px;"">Remittances received:</p><p style=""margin-top: 0; margin-bottom: 5px;"">USD 542 million</p>","<p style=""margin-top: 0; margin-bottom: 5px;"">Top senders:</p><p style=""margin-top: 0; margin-bottom: 2px;"">1. Nigeria - USD 161 million (30%)<p style=""margin-top: 0; margin-bottom: 2px;"">2. Benin - USD 95 million (18%)<p style=""margin-top: 0; margin-bottom: 2px;"">3. Cote d'Ivoire - USD 93 million (17%)"
NER,Niger,8.86863247002646,17.08105392407292,pgdp,0.0363191358717332,"<p style=""margin-top: 0; margin-bottom: 5px;"">Remittances received:</p><p style=""margin-top: 0; margin-bottom: 5px;"">2% of GDP</p>","<p style=""margin-top: 0; margin-bottom: 5px;"">Top senders:</p><p style=""margin-top: 0; margin-bottom: 2px;"">1. Nigeria (30% of total)</p><p style=""margin-top: 0; margin-bottom: 2px;"">2. Benin (18% of total)</p><p style=""margin-top: 0; margin-bottom: 2px;"">3. Cote d'Ivoire (17% of total)</p>"
NGA,Nigeria,8.147714845256194,9.61029352034213,dollar,19483402058.910625,"<p style=""margin-top: 0; margin-bottom: 5px;"">Remittances received:</p><p style=""margin-top: 0; margin-bottom: 5px;"">USD 19 billion</p>","<p style=""margin-top: 0; margin-bottom: 5px;"">Top senders:</p><p style=""margin-top: 0; margin-bottom: 2px;"">1. United States - USD 6 billion (29%)<p style=""margin-top: 0; margin-bottom: 2px;"">2. United Kingdom - USD 3 billion (14%)<p style=""margin-top: 0; margin-bottom: 2px;"">3. Cameroon - USD 1 billion (7%)"
NGA,Nigeria,8.147714845256194,9.61029352034213,pgdp,0.04419618591855555,"<p style=""margin-top: 0; margin-bottom: 5px;"">Remittances received:</p><p style=""margin-top: 0; margin-bottom: 5px;"">2% of GDP</p>","<p style=""margin-top: 0; margin-bottom: 5px;"">Top senders:</p><p style=""margin-top: 0; margin-bottom: 2px;"">1. United States (29% of total)</p><p style=""margin-top: 0; margin-bottom: 2px;"">2. United Kingdom (14% of total)</p><p style=""margin-top: 0; margin-bottom: 2px;"">3. Cameroon (7% of total)</p>"
NIC,Nicaragua,-85.016088327669,12.893566631930554,dollar,2150900000.0000014,"<p style=""margin-top: 0; margin-bottom: 5px;"">Remittances received:</p><p style=""margin-top: 0; margin-bottom: 5px;"">USD 2 billion</p>","<p style=""margin-top: 0; margin-bottom: 5px;"">Top senders:</p><p style=""margin-top: 0; margin-bottom: 2px;"">1. Costa Rica - USD 922 million (43%)<p style=""margin-top: 0; margin-bottom: 2px;"">2. United States - USD 909 million (42%)<p style=""margin-top: 0; margin-bottom: 2px;"">3. Spain - USD 130 million (6%)"
NIC,Nicaragua,-85.016088327669,12.893566631930554,pgdp,0.15205133503904295,"<p style=""margin-top: 0; margin-bottom: 5px;"">Remittances received:</p><p style=""margin-top: 0; margin-bottom: 5px;"">14% of GDP</p>","<p style=""margin-top: 0; margin-bottom: 5px;"">Top senders:</p><p style=""margin-top: 0; margin-bottom: 2px;"">1. Costa Rica (43% of total)</p><p style=""margin-top: 0; margin-bottom: 2px;"">2. United States (42% of total)</p><p style=""margin-top: 0; margin-bottom: 2px;"">3. Spain (6% of total)</p>"
NLD,Netherlands,5.554136426128487,52.134054128923886,dollar,2370476002.6695504,"<p style=""margin-top: 0; margin-bottom: 5px;"">Remittances received:</p><p style=""margin-top: 0; margin-bottom: 5px;"">USD 2 billion</p>","<p style=""margin-top: 0; margin-bottom: 5px;"">Top senders:</p><p style=""margin-top: 0; margin-bottom: 2px;"">1. Germany - USD 375 million (16%)<p style=""margin-top: 0; margin-bottom: 2px;"">2. Belgium - USD 328 million (14%)<p style=""margin-top: 0; margin-bottom: 2px;"">3. Canada - USD 248 million (10%)"
NLD,Netherlands,5.554136426128487,52.134054128923886,pgdp,0.002302151957974986,"<p style=""margin-top: 0; margin-bottom: 5px;"">Remittances received:</p><p style=""margin-top: 0; margin-bottom: 5px;"">0.09% of GDP</p>","<p style=""margin-top: 0; margin-bottom: 5px;"">Top senders:</p><p style=""margin-top: 0; margin-bottom: 2px;"">1. Germany (16% of total)</p><p style=""margin-top: 0; margin-bottom: 2px;"">2. Belgium (14% of total)</p><p style=""margin-top: 0; margin-bottom: 2px;"">3. Canada (10% of total)</p>"
NOR,Norway,16.670259272390894,64.97775882947745,dollar,671784643.4833676,"<p style=""margin-top: 0; margin-bottom: 5px;"">Remittances received:</p><p style=""margin-top: 0; margin-bottom: 5px;"">USD 672 million</p>","<p style=""margin-top: 0; margin-bottom: 5px;"">Top senders:</p><p style=""margin-top: 0; margin-bottom: 2px;"">1. Sweden - USD 142 million (21%)<p style=""margin-top: 0; margin-bottom: 2px;"">2. United States - USD 79 million (12%)<p style=""margin-top: 0; margin-bottom: 2px;"">3. Denmark - USD 72 million (11%)"
NOR,Norway,16.670259272390894,64.97775882947745,pgdp,0.0013345795960948788,"<p style=""margin-top: 0; margin-bottom: 5px;"">Remittances received:</p><p style=""margin-top: 0; margin-bottom: 5px;"">0.06% of GDP</p>","<p style=""margin-top: 0; margin-bottom: 5px;"">Top senders:</p><p style=""margin-top: 0; margin-bottom: 2px;"">1. Sweden (21% of total)</p><p style=""margin-top: 0; margin-bottom: 2px;"">2. United States (12% of total)</p><p style=""margin-top: 0; margin-bottom: 2px;"">3. Denmark (11% of total)</p>"
NPL,Nepal,84.1338898313567,28.300920699755657,dollar,8203258737.057744,"<p style=""margin-top: 0; margin-bottom: 5px;"">Remittances received:</p><p style=""margin-top: 0; margin-bottom: 5px;"">USD 8 billion</p>","<p style=""margin-top: 0; margin-bottom: 5px;"">Top senders:</p><p style=""margin-top: 0; margin-bottom: 2px;"">1. Saudi Arabia - USD 2 billion (21%)<p style=""margin-top: 0; margin-bottom: 2px;"">2. Malaysia - USD 2 billion (21%)<p style=""margin-top: 0; margin-bottom: 2px;"">3. India - USD 2 billion (19%)"
NPL,Nepal,84.1338898313567,28.300920699755657,pgdp,0.2221609740124078,"<p style=""margin-top: 0; margin-bottom: 5px;"">Remittances received:</p><p style=""margin-top: 0; margin-bottom: 5px;"">13% of GDP</p>","<p style=""margin-top: 0; margin-bottom: 5px;"">Top senders:</p><p style=""margin-top: 0; margin-bottom: 2px;"">1. Saudi Arabia (21% of total)</p><p style=""margin-top: 0; margin-bottom: 2px;"">2. Malaysia (21% of total)</p><p style=""margin-top: 0; margin-bottom: 2px;"">3. India (19% of total)</p>"
NZL,New Zealand,170.69035541428696,-43.82765432544426,dollar,16974931.735186227,"<p style=""margin-top: 0; margin-bottom: 5px;"">Remittances received:</p><p style=""margin-top: 0; margin-bottom: 5px;"">USD 17 million</p>","<p style=""margin-top: 0; margin-bottom: 5px;"">Top senders:</p><p style=""margin-top: 0; margin-bottom: 2px;"">1. Australia - USD 13 million (75%)<p style=""margin-top: 0; margin-bottom: 2px;"">2. United Kingdom - USD 2 million (10%)<p style=""margin-top: 0; margin-bottom: 2px;"">3. United States - USD 1 million (7%)"
NZL,New Zealand,170.69035541428696,-43.82765432544426,pgdp,6.642464686369545e-5,"<p style=""margin-top: 0; margin-bottom: 5px;"">Remittances received:</p><p style=""margin-top: 0; margin-bottom: 5px;"">0.006% of GDP</p>","<p style=""margin-top: 0; margin-bottom: 5px;"">Top senders:</p><p style=""margin-top: 0; margin-bottom: 2px;"">1. Australia (75% of total)</p><p style=""margin-top: 0; margin-bottom: 2px;"">2. United Kingdom (10% of total)</p><p style=""margin-top: 0; margin-bottom: 2px;"">3. United States (7% of total)</p>"
OMN,Oman,55.841088119829,20.7242833183209,dollar,39000000.00000001,"<p style=""margin-top: 0; margin-bottom: 5px;"">Remittances received:</p><p style=""margin-top: 0; margin-bottom: 5px;"">USD 39 million</p>","<p style=""margin-top: 0; margin-bottom: 5px;"">Top senders:</p><p style=""margin-top: 0; margin-bottom: 2px;"">1. West Bank and Gaza - USD 18 million (46%)<p style=""margin-top: 0; margin-bottom: 2px;"">2. United Kingdom - USD 5 million (14%)<p style=""margin-top: 0; margin-bottom: 2px;"">3. Australia - USD 3 million (8%)"
OMN,Oman,55.841088119829,20.7242833183209,pgdp,4.4221709458853927e-4,"<p style=""margin-top: 0; margin-bottom: 5px;"">Remittances received:</p><p style=""margin-top: 0; margin-bottom: 5px;"">0.03% of GDP</p>","<p style=""margin-top: 0; margin-bottom: 5px;"">Top senders:</p><p style=""margin-top: 0; margin-bottom: 2px;"">1. West Bank and Gaza (46% of total)</p><p style=""margin-top: 0; margin-bottom: 2px;"">2. United Kingdom (14% of total)</p><p style=""margin-top: 0; margin-bottom: 2px;"">3. Australia (8% of total)</p>"
PAK,Pakistan,69.08835090769651,30.11618837141088,dollar,31312000000.000004,"<p style=""margin-top: 0; margin-bottom: 5px;"">Remittances received:</p><p style=""margin-top: 0; margin-bottom: 5px;"">USD 31 billion</p>","<p style=""margin-top: 0; margin-bottom: 5px;"">Top senders:</p><p style=""margin-top: 0; margin-bottom: 2px;"">1. Saudi Arabia - USD 8 billion (26%)<p style=""margin-top: 0; margin-bottom: 2px;"">2. United Arab Emirates - USD 6 billion (19%)<p style=""margin-top: 0; margin-bottom: 2px;"">3. United Kingdom - USD 3 billion (9%)"
PAK,Pakistan,69.08835090769651,30.11618837141088,pgdp,0.08984362792864321,"<p style=""margin-top: 0; margin-bottom: 5px;"">Remittances received:</p><p style=""margin-top: 0; margin-bottom: 5px;"">5% of GDP</p>","<p style=""margin-top: 0; margin-bottom: 5px;"">Top senders:</p><p style=""margin-top: 0; margin-bottom: 2px;"">1. Saudi Arabia (26% of total)</p><p style=""margin-top: 0; margin-bottom: 2px;"">2. United Arab Emirates (19% of total)</p><p style=""margin-top: 0; margin-bottom: 2px;"">3. United Kingdom (9% of total)</p>"
PAN,Panama,-80.14428761482796,8.439536749576892,dollar,567684744.27,"<p style=""margin-top: 0; margin-bottom: 5px;"">Remittances received:</p><p style=""margin-top: 0; margin-bottom: 5px;"">USD 568 million</p>","<p style=""margin-top: 0; margin-bottom: 5px;"">Top senders:</p><p style=""margin-top: 0; margin-bottom: 2px;"">1. United States - USD 415 million (73%)<p style=""margin-top: 0; margin-bottom: 2px;"">2. Costa Rica - USD 51 million (9%)<p style=""margin-top: 0; margin-bottom: 2px;"">3. Spain - USD 22 million (4%)"
PAN,Panama,-80.14428761482796,8.439536749576892,pgdp,0.008421780377917439,"<p style=""margin-top: 0; margin-bottom: 5px;"">Remittances received:</p><p style=""margin-top: 0; margin-bottom: 5px;"">0.7% of GDP</p>","<p style=""margin-top: 0; margin-bottom: 5px;"">Top senders:</p><p style=""margin-top: 0; margin-bottom: 2px;"">1. United States (73% of total)</p><p style=""margin-top: 0; margin-bottom: 2px;"">2. Costa Rica (9% of total)</p><p style=""margin-top: 0; margin-bottom: 2px;"">3. Spain (4% of total)</p>"
PER,Peru,-74.11416196781884,-8.522717984240291,dollar,3591690872.9545097,"<p style=""margin-top: 0; margin-bottom: 5px;"">Remittances received:</p><p style=""margin-top: 0; margin-bottom: 5px;"">USD 4 billion</p>","<p style=""margin-top: 0; margin-bottom: 5px;"">Top senders:</p><p style=""margin-top: 0; margin-bottom: 2px;"">1. United States - USD 1 billion (32%)<p style=""margin-top: 0; margin-bottom: 2px;"">2. Chile - USD 528 million (15%)<p style=""margin-top: 0; margin-bottom: 2px;"">3. Spain - USD 505 million (14%)"
PER,Peru,-74.11416196781884,-8.522717984240291,pgdp,0.01605456020084932,"<p style=""margin-top: 0; margin-bottom: 5px;"">Remittances received:</p><p style=""margin-top: 0; margin-bottom: 5px;"">1% of GDP</p>","<p style=""margin-top: 0; margin-bottom: 5px;"">Top senders:</p><p style=""margin-top: 0; margin-bottom: 2px;"">1. United States (32% of total)</p><p style=""margin-top: 0; margin-bottom: 2px;"">2. Chile (15% of total)</p><p style=""margin-top: 0; margin-bottom: 2px;"">3. Spain (14% of total)</p>"
PHL,Philippines,121.82208941416744,15.586542251094242,dollar,36685313168.048004,"<p style=""margin-top: 0; margin-bottom: 5px;"">Remittances received:</p><p style=""margin-top: 0; margin-bottom: 5px;"">USD 37 billion</p>","<p style=""margin-top: 0; margin-bottom: 5px;"">Top senders:</p><p style=""margin-top: 0; margin-bottom: 2px;"">1. United States - USD 13 billion (35%)<p style=""margin-top: 0; margin-bottom: 2px;"">2. Saudi Arabia - USD 4 billion (10%)<p style=""margin-top: 0; margin-bottom: 2px;"">3. Canada - USD 4 billion (10%)"
PHL,Philippines,121.82208941416744,15.586542251094242,pgdp,0.093089291629565,"<p style=""margin-top: 0; margin-bottom: 5px;"">Remittances received:</p><p style=""margin-top: 0; margin-bottom: 5px;"">5% of GDP</p>","<p style=""margin-top: 0; margin-bottom: 5px;"">Top senders:</p><p style=""margin-top: 0; margin-bottom: 2px;"">1. United States (35% of total)</p><p style=""margin-top: 0; margin-bottom: 2px;"">2. Saudi Arabia (10% of total)</p><p style=""margin-top: 0; margin-bottom: 2px;"">3. Canada (10% of total)</p>"
PLW,Palau,134.57965086721052,7.534775852547396,dollar,2000000,"<p style=""margin-top: 0; margin-bottom: 5px;"">Remittances received:</p><p style=""margin-top: 0; margin-bottom: 5px;"">USD 2 million</p>","<p style=""margin-top: 0; margin-bottom: 5px;"">Top senders:</p><p style=""margin-top: 0; margin-bottom: 2px;"">1. Guam - USD 1 million (56%)<p style=""margin-top: 0; margin-bottom: 2px;"">2. Northern Mariana Islands - USD 418,406 (21%)<p style=""margin-top: 0; margin-bottom: 2px;"">3. Micronesia, Fed. Sts. - USD 210,676 (11%)"
PLW,Palau,134.57965086721052,7.534775852547396,pgdp,0.008587265367230043,"<p style=""margin-top: 0; margin-bottom: 5px;"">Remittances received:</p><p style=""margin-top: 0; margin-bottom: 5px;"">0.8% of GDP</p>","<p style=""margin-top: 0; margin-bottom: 5px;"">Top senders:</p><p style=""margin-top: 0; margin-bottom: 2px;"">1. Guam (56% of total)</p><p style=""margin-top: 0; margin-bottom: 2px;"">2. Northern Mariana Islands (21% of total)</p><p style=""margin-top: 0; margin-bottom: 2px;"">3. Micronesia, Fed. Sts. (11% of total)</p>"
PNG,Papua New Guinea,144.8348942994695,-7.156912819152135,dollar,1999999.9999999995,"<p style=""margin-top: 0; margin-bottom: 5px;"">Remittances received:</p><p style=""margin-top: 0; margin-bottom: 5px;"">USD 2 million</p>","<p style=""margin-top: 0; margin-bottom: 5px;"">Top senders:</p><p style=""margin-top: 0; margin-bottom: 2px;"">1. Australia - USD 2 million (89%)<p style=""margin-top: 0; margin-bottom: 2px;"">2. New Zealand - USD 77,078 (4%)<p style=""margin-top: 0; margin-bottom: 2px;"">3. United Kingdom - USD 69,207 (3%)"
PNG,Papua New Guinea,144.8348942994695,-7.156912819152135,pgdp,7.658922670932327e-5,"<p style=""margin-top: 0; margin-bottom: 5px;"">Remittances received:</p><p style=""margin-top: 0; margin-bottom: 5px;"">0.007% of GDP</p>","<p style=""margin-top: 0; margin-bottom: 5px;"">Top senders:</p><p style=""margin-top: 0; margin-bottom: 2px;"">1. Australia (89% of total)</p><p style=""margin-top: 0; margin-bottom: 2px;"">2. New Zealand (4% of total)</p><p style=""margin-top: 0; margin-bottom: 2px;"">3. United Kingdom (3% of total)</p>"
POL,Poland,19.43573279234468,52.06848055692473,dollar,7131000000.000003,"<p style=""margin-top: 0; margin-bottom: 5px;"">Remittances received:</p><p style=""margin-top: 0; margin-bottom: 5px;"">USD 7 billion</p>","<p style=""margin-top: 0; margin-bottom: 5px;"">Top senders:</p><p style=""margin-top: 0; margin-bottom: 2px;"">1. Germany - USD 3 billion (45%)<p style=""margin-top: 0; margin-bottom: 2px;"">2. United Kingdom - USD 1 billion (17%)<p style=""margin-top: 0; margin-bottom: 2px;"">3. United States - USD 620 million (9%)"
POL,Poland,19.43573279234468,52.06848055692473,pgdp,0.010466045991770501,"<p style=""margin-top: 0; margin-bottom: 5px;"">Remittances received:</p><p style=""margin-top: 0; margin-bottom: 5px;"">0.7% of GDP</p>","<p style=""margin-top: 0; margin-bottom: 5px;"">Top senders:</p><p style=""margin-top: 0; margin-bottom: 2px;"">1. Germany (45% of total)</p><p style=""margin-top: 0; margin-bottom: 2px;"">2. United Kingdom (17% of total)</p><p style=""margin-top: 0; margin-bottom: 2px;"">3. United States (9% of total)</p>"
PRI,Puerto Rico,-66.49425339593509,18.21622408661091,dollar,NA,NA,NA
PRI,Puerto Rico,-66.49425339593509,18.21622408661091,pgdp,NA,NA,NA
PRK,"Korea, Dem. Rep.",127.3379805653744,40.19198091470839,dollar,NA,NA,NA
PRK,"Korea, Dem. Rep.",127.3379805653744,40.19198091470839,pgdp,NA,NA,NA
PRT,Portugal,-7.933662183874006,39.67529214702138,dollar,5127640512.906895,"<p style=""margin-top: 0; margin-bottom: 5px;"">Remittances received:</p><p style=""margin-top: 0; margin-bottom: 5px;"">USD 5 billion</p>","<p style=""margin-top: 0; margin-bottom: 5px;"">Top senders:</p><p style=""margin-top: 0; margin-bottom: 2px;"">1. France - USD 1 billion (28%)<p style=""margin-top: 0; margin-bottom: 2px;"">2. Switzerland - USD 632 million (12%)<p style=""margin-top: 0; margin-bottom: 2px;"">3. United States - USD 466 million (9%)"
PRT,Portugal,-7.933662183874006,39.67529214702138,pgdp,0.020066306906832393,"<p style=""margin-top: 0; margin-bottom: 5px;"">Remittances received:</p><p style=""margin-top: 0; margin-bottom: 5px;"">1% of GDP</p>","<p style=""margin-top: 0; margin-bottom: 5px;"">Top senders:</p><p style=""margin-top: 0; margin-bottom: 2px;"">1. France (28% of total)</p><p style=""margin-top: 0; margin-bottom: 2px;"">2. Switzerland (12% of total)</p><p style=""margin-top: 0; margin-bottom: 2px;"">3. United States (9% of total)</p>"
PRY,Paraguay,-58.38906357428651,-23.42190559259428,dollar,585384046.2083087,"<p style=""margin-top: 0; margin-bottom: 5px;"">Remittances received:</p><p style=""margin-top: 0; margin-bottom: 5px;"">USD 585 million</p>","<p style=""margin-top: 0; margin-bottom: 5px;"">Top senders:</p><p style=""margin-top: 0; margin-bottom: 2px;"">1. Argentina - USD 442 million (75%)<p style=""margin-top: 0; margin-bottom: 2px;"">2. Spain - USD 52 million (9%)<p style=""margin-top: 0; margin-bottom: 2px;"">3. United States - USD 35 million (6%)"
PRY,Paraguay,-58.38906357428651,-23.42190559259428,pgdp,0.014652587228468097,"<p style=""margin-top: 0; margin-bottom: 5px;"">Remittances received:</p><p style=""margin-top: 0; margin-bottom: 5px;"">1% of GDP</p>","<p style=""margin-top: 0; margin-bottom: 5px;"">Top senders:</p><p style=""margin-top: 0; margin-bottom: 2px;"">1. Argentina (75% of total)</p><p style=""margin-top: 0; margin-bottom: 2px;"">2. Spain (9% of total)</p><p style=""margin-top: 0; margin-bottom: 2px;"">3. United States (6% of total)</p>"
PSE,West Bank and Gaza,35.24251184154588,31.930818736453883,dollar,3393364900.4079037,"<p style=""margin-top: 0; margin-bottom: 5px;"">Remittances received:</p><p style=""margin-top: 0; margin-bottom: 5px;"">USD 3 billion</p>","<p style=""margin-top: 0; margin-bottom: 5px;"">Top senders:</p><p style=""margin-top: 0; margin-bottom: 2px;"">1. Jordan - USD 2 billion (55%)<p style=""margin-top: 0; margin-bottom: 2px;"">2. Syrian Arab Republic - USD 462 million (14%)<p style=""margin-top: 0; margin-bottom: 2px;"">3. Lebanon - USD 389 million (11%)"
PSE,West Bank and Gaza,35.24251184154588,31.930818736453883,pgdp,0.18738554864475698,"<p style=""margin-top: 0; margin-bottom: 5px;"">Remittances received:</p><p style=""margin-top: 0; margin-bottom: 5px;"">15% of GDP</p>","<p style=""margin-top: 0; margin-bottom: 5px;"">Top senders:</p><p style=""margin-top: 0; margin-bottom: 2px;"">1. Jordan (55% of total)</p><p style=""margin-top: 0; margin-bottom: 2px;"">2. Syrian Arab Republic (14% of total)</p><p style=""margin-top: 0; margin-bottom: 2px;"">3. Lebanon (11% of total)</p>"
PYF,French Polynesia,-149.40041671099763,-17.674684080120677,dollar,NA,NA,NA
PYF,French Polynesia,-149.40041671099763,-17.674684080120677,pgdp,NA,NA,NA
QAT,Qatar,51.19794918743203,25.318528486425382,dollar,858791208.7912089,"<p style=""margin-top: 0; margin-bottom: 5px;"">Remittances received:</p><p style=""margin-top: 0; margin-bottom: 5px;"">USD 859 million</p>","<p style=""margin-top: 0; margin-bottom: 5px;"">Top senders:</p><p style=""margin-top: 0; margin-bottom: 2px;"">1. West Bank and Gaza - USD 260 million (30%)<p style=""margin-top: 0; margin-bottom: 2px;"">2. Turkey - USD 83 million (10%)<p style=""margin-top: 0; margin-bottom: 2px;"">3. Canada - USD 75 million (9%)"
QAT,Qatar,51.19794918743203,25.318528486425382,pgdp,0.004778176190864571,"<p style=""margin-top: 0; margin-bottom: 5px;"">Remittances received:</p><p style=""margin-top: 0; margin-bottom: 5px;"">0.2% of GDP</p>","<p style=""margin-top: 0; margin-bottom: 5px;"">Top senders:</p><p style=""margin-top: 0; margin-bottom: 2px;"">1. West Bank and Gaza (30% of total)</p><p style=""margin-top: 0; margin-bottom: 2px;"">2. Turkey (10% of total)</p><p style=""margin-top: 0; margin-bottom: 2px;"">3. Canada (9% of total)</p>"
ROU,Romania,25.094158201563292,45.82454894397586,dollar,9159745932.68423,"<p style=""margin-top: 0; margin-bottom: 5px;"">Remittances received:</p><p style=""margin-top: 0; margin-bottom: 5px;"">USD 9 billion</p>","<p style=""margin-top: 0; margin-bottom: 5px;"">Top senders:</p><p style=""margin-top: 0; margin-bottom: 2px;"">1. Spain - USD 2 billion (22%)<p style=""margin-top: 0; margin-bottom: 2px;"">2. Italy - USD 2 billion (21%)<p style=""margin-top: 0; margin-bottom: 2px;"">3. Germany - USD 2 billion (20%)"
ROU,Romania,25.094158201563292,45.82454894397586,pgdp,0.03204834714251218,"<p style=""margin-top: 0; margin-bottom: 5px;"">Remittances received:</p><p style=""margin-top: 0; margin-bottom: 5px;"">2% of GDP</p>","<p style=""margin-top: 0; margin-bottom: 5px;"">Top senders:</p><p style=""margin-top: 0; margin-bottom: 2px;"">1. Spain (22% of total)</p><p style=""margin-top: 0; margin-bottom: 2px;"">2. Italy (21% of total)</p><p style=""margin-top: 0; margin-bottom: 2px;"">3. Germany (20% of total)</p>"
RUS,Russian Federation,98.6704990698032,59.039434214106194,dollar,9646920000,"<p style=""margin-top: 0; margin-bottom: 5px;"">Remittances received:</p><p style=""margin-top: 0; margin-bottom: 5px;"">USD 10 billion</p>","<p style=""margin-top: 0; margin-bottom: 5px;"">Top senders:</p><p style=""margin-top: 0; margin-bottom: 2px;"">1. Ukraine - USD 3 billion (30%)<p style=""margin-top: 0; margin-bottom: 2px;"">2. Kazakhstan - USD 2 billion (23%)<p style=""margin-top: 0; margin-bottom: 2px;"">3. Germany - USD 1 billion (12%)"
RUS,Russian Federation,98.6704990698032,59.039434214106194,pgdp,0.005251761999748708,"<p style=""margin-top: 0; margin-bottom: 5px;"">Remittances received:</p><p style=""margin-top: 0; margin-bottom: 5px;"">0.3% of GDP</p>","<p style=""margin-top: 0; margin-bottom: 5px;"">Top senders:</p><p style=""margin-top: 0; margin-bottom: 2px;"">1. Ukraine (30% of total)</p><p style=""margin-top: 0; margin-bottom: 2px;"">2. Kazakhstan (23% of total)</p><p style=""margin-top: 0; margin-bottom: 2px;"">3. Germany (12% of total)</p>"
RWA,Rwanda,29.91943968176408,-2.014687460047154,dollar,391212999.9999998,"<p style=""margin-top: 0; margin-bottom: 5px;"">Remittances received:</p><p style=""margin-top: 0; margin-bottom: 5px;"">USD 391 million</p>","<p style=""margin-top: 0; margin-bottom: 5px;"">Top senders:</p><p style=""margin-top: 0; margin-bottom: 2px;"">1. Congo, Dem. Rep. - USD 174 million (45%)<p style=""margin-top: 0; margin-bottom: 2px;"">2. Burundi - USD 53 million (14%)<p style=""margin-top: 0; margin-bottom: 2px;"">3. Uganda - USD 46 million (12%)"
RWA,Rwanda,29.91943968176408,-2.014687460047154,pgdp,0.03538942386768145,"<p style=""margin-top: 0; margin-bottom: 5px;"">Remittances received:</p><p style=""margin-top: 0; margin-bottom: 5px;"">2% of GDP</p>","<p style=""margin-top: 0; margin-bottom: 5px;"">Top senders:</p><p style=""margin-top: 0; margin-bottom: 2px;"">1. Congo, Dem. Rep. (45% of total)</p><p style=""margin-top: 0; margin-bottom: 2px;"">2. Burundi (14% of total)</p><p style=""margin-top: 0; margin-bottom: 2px;"">3. Uganda (12% of total)</p>"
SAU,Saudi Arabia,44.6009581782256,24.136038144757897,dollar,294914319.73333335,"<p style=""margin-top: 0; margin-bottom: 5px;"">Remittances received:</p><p style=""margin-top: 0; margin-bottom: 5px;"">USD 295 million</p>","<p style=""margin-top: 0; margin-bottom: 5px;"">Top senders:</p><p style=""margin-top: 0; margin-bottom: 2px;"">1. United States - USD 65 million (22%)<p style=""margin-top: 0; margin-bottom: 2px;"">2. Turkey - USD 43 million (15%)<p style=""margin-top: 0; margin-bottom: 2px;"">3. Libya - USD 31 million (10%)"
SAU,Saudi Arabia,44.6009581782256,24.136038144757897,pgdp,3.3737030991272746e-4,"<p style=""margin-top: 0; margin-bottom: 5px;"">Remittances received:</p><p style=""margin-top: 0; margin-bottom: 5px;"">0.02% of GDP</p>","<p style=""margin-top: 0; margin-bottom: 5px;"">Top senders:</p><p style=""margin-top: 0; margin-bottom: 2px;"">1. United States (22% of total)</p><p style=""margin-top: 0; margin-bottom: 2px;"">2. Turkey (15% of total)</p><p style=""margin-top: 0; margin-bottom: 2px;"">3. Libya (10% of total)</p>"
SDN,Sudan,29.951458283594064,15.67060230984256,dollar,1125590000,"<p style=""margin-top: 0; margin-bottom: 5px;"">Remittances received:</p><p style=""margin-top: 0; margin-bottom: 5px;"">USD 1 billion</p>","<p style=""margin-top: 0; margin-bottom: 5px;"">Top senders:</p><p style=""margin-top: 0; margin-bottom: 2px;"">1. Saudi Arabia - USD 327 million (29%)<p style=""margin-top: 0; margin-bottom: 2px;"">2. South Sudan - USD 228 million (20%)<p style=""margin-top: 0; margin-bottom: 2px;"">3. Chad - USD 144 million (13%)"
SDN,Sudan,29.951458283594064,15.67060230984256,pgdp,0.03288361054243004,"<p style=""margin-top: 0; margin-bottom: 5px;"">Remittances received:</p><p style=""margin-top: 0; margin-bottom: 5px;"">2% of GDP</p>","<p style=""margin-top: 0; margin-bottom: 5px;"">Top senders:</p><p style=""margin-top: 0; margin-bottom: 2px;"">1. Saudi Arabia (29% of total)</p><p style=""margin-top: 0; margin-bottom: 2px;"">2. South Sudan (20% of total)</p><p style=""margin-top: 0; margin-bottom: 2px;"">3. Chad (13% of total)</p>"
SEN,Senegal,-14.610875368352303,14.228861491763402,dollar,2657500000.0000005,"<p style=""margin-top: 0; margin-bottom: 5px;"">Remittances received:</p><p style=""margin-top: 0; margin-bottom: 5px;"">USD 3 billion</p>","<p style=""margin-top: 0; margin-bottom: 5px;"">Top senders:</p><p style=""margin-top: 0; margin-bottom: 2px;"">1. France - USD 705 million (27%)<p style=""margin-top: 0; margin-bottom: 2px;"">2. Italy - USD 494 million (19%)<p style=""margin-top: 0; margin-bottom: 2px;"">3. Gambia, The - USD 313 million (12%)"
SEN,Senegal,-14.610875368352303,14.228861491763402,pgdp,0.09639402299882673,"<p style=""margin-top: 0; margin-bottom: 5px;"">Remittances received:</p><p style=""margin-top: 0; margin-bottom: 5px;"">5% of GDP</p>","<p style=""margin-top: 0; margin-bottom: 5px;"">Top senders:</p><p style=""margin-top: 0; margin-bottom: 2px;"">1. France (27% of total)</p><p style=""margin-top: 0; margin-bottom: 2px;"">2. Italy (19% of total)</p><p style=""margin-top: 0; margin-bottom: 2px;"">3. Gambia, The (12% of total)</p>"
SGP,Singapore,103.81025757634052,1.3528251890006349,dollar,NA,NA,NA
SGP,Singapore,103.81025757634052,1.3528251890006349,pgdp,NA,NA,NA
SLB,Solomon Islands,160.16475795033884,-9.613104734596517,dollar,51031663.59579608,"<p style=""margin-top: 0; margin-bottom: 5px;"">Remittances received:</p><p style=""margin-top: 0; margin-bottom: 5px;"">USD 51 million</p>","<p style=""margin-top: 0; margin-bottom: 5px;"">Top senders:</p><p style=""margin-top: 0; margin-bottom: 2px;"">1. Australia - USD 37 million (72%)<p style=""margin-top: 0; margin-bottom: 2px;"">2. Fiji - USD 5 million (11%)<p style=""margin-top: 0; margin-bottom: 2px;"">3. United Kingdom - USD 5 million (10%)"
SLB,Solomon Islands,160.16475795033884,-9.613104734596517,pgdp,0.032292317961827736,"<p style=""margin-top: 0; margin-bottom: 5px;"">Remittances received:</p><p style=""margin-top: 0; margin-bottom: 5px;"">3% of GDP</p>","<p style=""margin-top: 0; margin-bottom: 5px;"">Top senders:</p><p style=""margin-top: 0; margin-bottom: 2px;"">1. Australia (72% of total)</p><p style=""margin-top: 0; margin-bottom: 2px;"">2. Fiji (11% of total)</p><p style=""margin-top: 0; margin-bottom: 2px;"">3. United Kingdom (10% of total)</p>"
SLE,Sierra Leone,-11.78656695731115,8.561330384750587,dollar,179637999.99999994,"<p style=""margin-top: 0; margin-bottom: 5px;"">Remittances received:</p><p style=""margin-top: 0; margin-bottom: 5px;"">USD 180 million</p>","<p style=""margin-top: 0; margin-bottom: 5px;"">Top senders:</p><p style=""margin-top: 0; margin-bottom: 2px;"">1. United States - USD 72 million (40%)<p style=""margin-top: 0; margin-bottom: 2px;"">2. United Kingdom - USD 37 million (21%)<p style=""margin-top: 0; margin-bottom: 2px;"">3. Senegal - USD 9 million (5%)"
SLE,Sierra Leone,-11.78656695731115,8.561330384750587,pgdp,0.042275377217951646,"<p style=""margin-top: 0; margin-bottom: 5px;"">Remittances received:</p><p style=""margin-top: 0; margin-bottom: 5px;"">3% of GDP</p>","<p style=""margin-top: 0; margin-bottom: 5px;"">Top senders:</p><p style=""margin-top: 0; margin-bottom: 2px;"">1. United States (40% of total)</p><p style=""margin-top: 0; margin-bottom: 2px;"">2. United Kingdom (21% of total)</p><p style=""margin-top: 0; margin-bottom: 2px;"">3. Senegal (5% of total)</p>"
SLV,El Salvador,-88.85911489238985,13.758041517055418,dollar,7488469373.287665,"<p style=""margin-top: 0; margin-bottom: 5px;"">Remittances received:</p><p style=""margin-top: 0; margin-bottom: 5px;"">USD 7 billion</p>","<p style=""margin-top: 0; margin-bottom: 5px;"">Top senders:</p><p style=""margin-top: 0; margin-bottom: 2px;"">1. United States - USD 7 billion (90%)<p style=""margin-top: 0; margin-bottom: 2px;"">2. Canada - USD 229 million (3%)<p style=""margin-top: 0; margin-bottom: 2px;"">3. Italy - USD 86 million (1%)"
SLV,El Salvador,-88.85911489238985,13.758041517055418,pgdp,0.25426669210830055,"<p style=""margin-top: 0; margin-bottom: 5px;"">Remittances received:</p><p style=""margin-top: 0; margin-bottom: 5px;"">24% of GDP</p>","<p style=""margin-top: 0; margin-bottom: 5px;"">Top senders:</p><p style=""margin-top: 0; margin-bottom: 2px;"">1. United States (90% of total)</p><p style=""margin-top: 0; margin-bottom: 2px;"">2. Canada (3% of total)</p><p style=""margin-top: 0; margin-bottom: 2px;"">3. Italy (1% of total)</p>"
SMR,San Marino,12.461278349581722,43.942820729097896,dollar,NA,NA,NA
SMR,San Marino,12.461278349581722,43.942820729097896,pgdp,NA,NA,NA
SOM,Somalia,45.40037867243972,6.524534573103924,dollar,1734999999.9999998,"<p style=""margin-top: 0; margin-bottom: 5px;"">Remittances received:</p><p style=""margin-top: 0; margin-bottom: 5px;"">USD 2 billion</p>","<p style=""margin-top: 0; margin-bottom: 5px;"">Top senders:</p><p style=""margin-top: 0; margin-bottom: 2px;"">1. Kenya - USD 235 million (14%)<p style=""margin-top: 0; margin-bottom: 2px;"">2. United Kingdom - USD 214 million (12%)<p style=""margin-top: 0; margin-bottom: 2px;"">3. United States - USD 210 million (12%)"
SOM,Somalia,45.40037867243972,6.524534573103924,pgdp,0.17634422910003414,"<p style=""margin-top: 0; margin-bottom: 5px;"">Remittances received:</p><p style=""margin-top: 0; margin-bottom: 5px;"">7% of GDP</p>","<p style=""margin-top: 0; margin-bottom: 5px;"">Top senders:</p><p style=""margin-top: 0; margin-bottom: 2px;"">1. Kenya (14% of total)</p><p style=""margin-top: 0; margin-bottom: 2px;"">2. United Kingdom (12% of total)</p><p style=""margin-top: 0; margin-bottom: 2px;"">3. United States (12% of total)</p>"
SRB,Serbia,20.85677444395745,44.02679870131969,dollar,4597739283.383719,"<p style=""margin-top: 0; margin-bottom: 5px;"">Remittances received:</p><p style=""margin-top: 0; margin-bottom: 5px;"">USD 5 billion</p>","<p style=""margin-top: 0; margin-bottom: 5px;"">Top senders:</p><p style=""margin-top: 0; margin-bottom: 2px;"">1. Germany - USD 1 billion (27%)<p style=""margin-top: 0; margin-bottom: 2px;"">2. Austria - USD 743 million (16%)<p style=""margin-top: 0; margin-bottom: 2px;"">3. France - USD 460 million (10%)"
SRB,Serbia,20.85677444395745,44.02679870131969,pgdp,0.07286309590874829,"<p style=""margin-top: 0; margin-bottom: 5px;"">Remittances received:</p><p style=""margin-top: 0; margin-bottom: 5px;"">4% of GDP</p>","<p style=""margin-top: 0; margin-bottom: 5px;"">Top senders:</p><p style=""margin-top: 0; margin-bottom: 2px;"">1. Germany (27% of total)</p><p style=""margin-top: 0; margin-bottom: 2px;"">2. Austria (16% of total)</p><p style=""margin-top: 0; margin-bottom: 2px;"">3. France (10% of total)</p>"
SSD,South Sudan,30.3851856901788,7.657782041763295,dollar,1236000000.0000005,"<p style=""margin-top: 0; margin-bottom: 5px;"">Remittances received:</p><p style=""margin-top: 0; margin-bottom: 5px;"">USD 1 billion</p>","<p style=""margin-top: 0; margin-bottom: 5px;"">Top senders:</p><p style=""margin-top: 0; margin-bottom: 2px;"">1. Sudan - USD 449 million (36%)<p style=""margin-top: 0; margin-bottom: 2px;"">2. Uganda - USD 357 million (29%)<p style=""margin-top: 0; margin-bottom: 2px;"">3. Ethiopia - USD 153 million (12%)"
SSD,South Sudan,30.3851856901788,7.657782041763295,pgdp,0.23921037352428884,"<p style=""margin-top: 0; margin-bottom: 5px;"">Remittances received:</p><p style=""margin-top: 0; margin-bottom: 5px;"">19% of GDP</p>","<p style=""margin-top: 0; margin-bottom: 5px;"">Top senders:</p><p style=""margin-top: 0; margin-bottom: 2px;"">1. Sudan (36% of total)</p><p style=""margin-top: 0; margin-bottom: 2px;"">2. Uganda (29% of total)</p><p style=""margin-top: 0; margin-bottom: 2px;"">3. Ethiopia (12% of total)</p>"
STP,Sao Tome and Principe,6.606158796857607,0.22744704294793777,dollar,10591491.638343088,"<p style=""margin-top: 0; margin-bottom: 5px;"">Remittances received:</p><p style=""margin-top: 0; margin-bottom: 5px;"">USD 11 million</p>","<p style=""margin-top: 0; margin-bottom: 5px;"">Top senders:</p><p style=""margin-top: 0; margin-bottom: 2px;"">1. Portugal - USD 6 million (57%)<p style=""margin-top: 0; margin-bottom: 2px;"">2. Gabon - USD 2 million (15%)<p style=""margin-top: 0; margin-bottom: 2px;"">3. Angola - USD 1 million (13%)"
STP,Sao Tome and Principe,6.606158796857607,0.22744704294793777,pgdp,0.020197258085048613,"<p style=""margin-top: 0; margin-bottom: 5px;"">Remittances received:</p><p style=""margin-top: 0; margin-bottom: 5px;"">2% of GDP</p>","<p style=""margin-top: 0; margin-bottom: 5px;"">Top senders:</p><p style=""margin-top: 0; margin-bottom: 2px;"">1. Portugal (57% of total)</p><p style=""margin-top: 0; margin-bottom: 2px;"">2. Gabon (15% of total)</p><p style=""margin-top: 0; margin-bottom: 2px;"">3. Angola (13% of total)</p>"
SUR,Suriname,-55.855514311561286,4.098723595920171,dollar,147616111.51876664,"<p style=""margin-top: 0; margin-bottom: 5px;"">Remittances received:</p><p style=""margin-top: 0; margin-bottom: 5px;"">USD 148 million</p>","<p style=""margin-top: 0; margin-bottom: 5px;"">Top senders:</p><p style=""margin-top: 0; margin-bottom: 2px;"">1. Netherlands - USD 99 million (67%)<p style=""margin-top: 0; margin-bottom: 2px;"">2. France - USD 29 million (20%)<p style=""margin-top: 0; margin-bottom: 2px;"">3. United States - USD 12 million (8%)"
SUR,Suriname,-55.855514311561286,4.098723595920171,pgdp,0.047905506860262,"<p style=""margin-top: 0; margin-bottom: 5px;"">Remittances received:</p><p style=""margin-top: 0; margin-bottom: 5px;"">5% of GDP</p>","<p style=""margin-top: 0; margin-bottom: 5px;"">Top senders:</p><p style=""margin-top: 0; margin-bottom: 2px;"">1. Netherlands (67% of total)</p><p style=""margin-top: 0; margin-bottom: 2px;"">2. France (20% of total)</p><p style=""margin-top: 0; margin-bottom: 2px;"">3. United States (8% of total)</p>"
SVK,Slovak Republic,19.58101536249097,48.69808390520484,dollar,2235476816.1445174,"<p style=""margin-top: 0; margin-bottom: 5px;"">Remittances received:</p><p style=""margin-top: 0; margin-bottom: 5px;"">USD 2 billion</p>","<p style=""margin-top: 0; margin-bottom: 5px;"">Top senders:</p><p style=""margin-top: 0; margin-bottom: 2px;"">1. Czech Republic - USD 595 million (27%)<p style=""margin-top: 0; margin-bottom: 2px;"">2. United Kingdom - USD 374 million (17%)<p style=""margin-top: 0; margin-bottom: 2px;"">3. Germany - USD 334 million (15%)"
SVK,Slovak Republic,19.58101536249097,48.69808390520484,pgdp,0.018852615360231466,"<p style=""margin-top: 0; margin-bottom: 5px;"">Remittances received:</p><p style=""margin-top: 0; margin-bottom: 5px;"">1% of GDP</p>","<p style=""margin-top: 0; margin-bottom: 5px;"">Top senders:</p><p style=""margin-top: 0; margin-bottom: 2px;"">1. Czech Republic (27% of total)</p><p style=""margin-top: 0; margin-bottom: 2px;"">2. United Kingdom (17% of total)</p><p style=""margin-top: 0; margin-bottom: 2px;"">3. Germany (15% of total)</p>"
SVN,Slovenia,14.89063689997378,46.13759229564504,dollar,747297058.3463197,"<p style=""margin-top: 0; margin-bottom: 5px;"">Remittances received:</p><p style=""margin-top: 0; margin-bottom: 5px;"">USD 747 million</p>","<p style=""margin-top: 0; margin-bottom: 5px;"">Top senders:</p><p style=""margin-top: 0; margin-bottom: 2px;"">1. Germany - USD 208 million (28%)<p style=""margin-top: 0; margin-bottom: 2px;"">2. Austria - USD 116 million (16%)<p style=""margin-top: 0; margin-bottom: 2px;"">3. Croatia - USD 84 million (11%)"
SVN,Slovenia,14.89063689997378,46.13759229564504,pgdp,0.012085887930362846,"<p style=""margin-top: 0; margin-bottom: 5px;"">Remittances received:</p><p style=""margin-top: 0; margin-bottom: 5px;"">0.7% of GDP</p>","<p style=""margin-top: 0; margin-bottom: 5px;"">Top senders:</p><p style=""margin-top: 0; margin-bottom: 2px;"">1. Germany (28% of total)</p><p style=""margin-top: 0; margin-bottom: 2px;"">2. Austria (16% of total)</p><p style=""margin-top: 0; margin-bottom: 2px;"">3. Croatia (11% of total)</p>"
SWE,Sweden,17.062431988004956,62.73420986108448,dollar,3336408801.1196575,"<p style=""margin-top: 0; margin-bottom: 5px;"">Remittances received:</p><p style=""margin-top: 0; margin-bottom: 5px;"">USD 3 billion</p>","<p style=""margin-top: 0; margin-bottom: 5px;"">Top senders:</p><p style=""margin-top: 0; margin-bottom: 2px;"">1. Norway - USD 478 million (14%)<p style=""margin-top: 0; margin-bottom: 2px;"">2. United States - USD 469 million (14%)<p style=""margin-top: 0; margin-bottom: 2px;"">3. United Kingdom - USD 328 million (10%)"
SWE,Sweden,17.062431988004956,62.73420986108448,pgdp,0.005215461619999003,"<p style=""margin-top: 0; margin-bottom: 5px;"">Remittances received:</p><p style=""margin-top: 0; margin-bottom: 5px;"">0.2% of GDP</p>","<p style=""margin-top: 0; margin-bottom: 5px;"">Top senders:</p><p style=""margin-top: 0; margin-bottom: 2px;"">1. Norway (14% of total)</p><p style=""margin-top: 0; margin-bottom: 2px;"">2. United States (14% of total)</p><p style=""margin-top: 0; margin-bottom: 2px;"">3. United Kingdom (10% of total)</p>"
SWZ,Eswatini,31.510685746082007,-26.562540935608705,dollar,132168224.6354912,"<p style=""margin-top: 0; margin-bottom: 5px;"">Remittances received:</p><p style=""margin-top: 0; margin-bottom: 5px;"">USD 132 million</p>","<p style=""margin-top: 0; margin-bottom: 5px;"">Top senders:</p><p style=""margin-top: 0; margin-bottom: 2px;"">1. South Africa - USD 118 million (89%)<p style=""margin-top: 0; margin-bottom: 2px;"">2. United Kingdom - USD 5 million (4%)<p style=""margin-top: 0; margin-bottom: 2px;"">3. Portugal - USD 2 million (1%)"
SWZ,Eswatini,31.510685746082007,-26.562540935608705,pgdp,0.027246446918216146,"<p style=""margin-top: 0; margin-bottom: 5px;"">Remittances received:</p><p style=""margin-top: 0; margin-bottom: 5px;"">3% of GDP</p>","<p style=""margin-top: 0; margin-bottom: 5px;"">Top senders:</p><p style=""margin-top: 0; margin-bottom: 2px;"">1. South Africa (89% of total)</p><p style=""margin-top: 0; margin-bottom: 2px;"">2. United Kingdom (4% of total)</p><p style=""margin-top: 0; margin-bottom: 2px;"">3. Portugal (1% of total)</p>"
SXM,Sint Maarten (Dutch part),-63.06883135915303,18.03942608463078,dollar,NA,NA,NA
SXM,Sint Maarten (Dutch part),-63.06883135915303,18.03942608463078,pgdp,NA,NA,NA
SYC,Seychelles,55.47250789595527,-4.660002318822744,dollar,9524809.145481845,"<p style=""margin-top: 0; margin-bottom: 5px;"">Remittances received:</p><p style=""margin-top: 0; margin-bottom: 5px;"">USD 10 million</p>","<p style=""margin-top: 0; margin-bottom: 5px;"">Top senders:</p><p style=""margin-top: 0; margin-bottom: 2px;"">1. Mozambique - USD 5 million (57%)<p style=""margin-top: 0; margin-bottom: 2px;"">2. United Kingdom - USD 1 million (15%)<p style=""margin-top: 0; margin-bottom: 2px;"">3. Australia - USD 988,220 (10%)"
SYC,Seychelles,55.47250789595527,-4.660002318822744,pgdp,0.007402582651084535,"<p style=""margin-top: 0; margin-bottom: 5px;"">Remittances received:</p><p style=""margin-top: 0; margin-bottom: 5px;"">0.6% of GDP</p>","<p style=""margin-top: 0; margin-bottom: 5px;"">Top senders:</p><p style=""margin-top: 0; margin-bottom: 2px;"">1. Mozambique (57% of total)</p><p style=""margin-top: 0; margin-bottom: 2px;"">2. United Kingdom (15% of total)</p><p style=""margin-top: 0; margin-bottom: 2px;"">3. Australia (10% of total)</p>"
SYR,Syrian Arab Republic,38.5117323139514,35.09751106058316,dollar,NA,NA,NA
SYR,Syrian Arab Republic,38.5117323139514,35.09751106058316,pgdp,NA,NA,NA
TCA,Turks and Caicos Islands,-71.74058946811508,21.799865427483745,dollar,NA,NA,NA
TCA,Turks and Caicos Islands,-71.74058946811508,21.799865427483745,pgdp,NA,NA,NA
TCD,Chad,18.427113900363025,15.283493546654505,dollar,NA,NA,NA
TCD,Chad,18.427113900363025,15.283493546654505,pgdp,NA,NA,NA
TGO,Togo,0.8990857571109684,8.660743037717811,dollar,674000000.0000001,"<p style=""margin-top: 0; margin-bottom: 5px;"">Remittances received:</p><p style=""margin-top: 0; margin-bottom: 5px;"">USD 674 million</p>","<p style=""margin-top: 0; margin-bottom: 5px;"">Top senders:</p><p style=""margin-top: 0; margin-bottom: 2px;"">1. Nigeria - USD 171 million (25%)<p style=""margin-top: 0; margin-bottom: 2px;"">2. Benin - USD 116 million (17%)<p style=""margin-top: 0; margin-bottom: 2px;"">3. Ghana - USD 115 million (17%)"
TGO,Togo,0.8990857571109684,8.660743037717811,pgdp,0.07982838419832723,"<p style=""margin-top: 0; margin-bottom: 5px;"">Remittances received:</p><p style=""margin-top: 0; margin-bottom: 5px;"">5% of GDP</p>","<p style=""margin-top: 0; margin-bottom: 5px;"">Top senders:</p><p style=""margin-top: 0; margin-bottom: 2px;"">1. Nigeria (25% of total)</p><p style=""margin-top: 0; margin-bottom: 2px;"">2. Benin (17% of total)</p><p style=""margin-top: 0; margin-bottom: 2px;"">3. Ghana (17% of total)</p>"
THA,Thailand,101.08675116214552,13.66222784745538,dollar,9065391617.754671,"<p style=""margin-top: 0; margin-bottom: 5px;"">Remittances received:</p><p style=""margin-top: 0; margin-bottom: 5px;"">USD 9 billion</p>","<p style=""margin-top: 0; margin-bottom: 5px;"">Top senders:</p><p style=""margin-top: 0; margin-bottom: 2px;"">1. United States - USD 2 billion (24%)<p style=""margin-top: 0; margin-bottom: 2px;"">2. Korea, Rep. - USD 1 billion (14%)<p style=""margin-top: 0; margin-bottom: 2px;"">3. Germany - USD 700 million (8%)"
THA,Thailand,101.08675116214552,13.66222784745538,pgdp,0.017931100208804698,"<p style=""margin-top: 0; margin-bottom: 5px;"">Remittances received:</p><p style=""margin-top: 0; margin-bottom: 5px;"">0.8% of GDP</p>","<p style=""margin-top: 0; margin-bottom: 5px;"">Top senders:</p><p style=""margin-top: 0; margin-bottom: 2px;"">1. United States (24% of total)</p><p style=""margin-top: 0; margin-bottom: 2px;"">2. Korea, Rep. (14% of total)</p><p style=""margin-top: 0; margin-bottom: 2px;"">3. Germany (8% of total)</p>"
TJK,Tajikistan,70.94215281065698,38.56933138382972,dollar,2921713106.977001,"<p style=""margin-top: 0; margin-bottom: 5px;"">Remittances received:</p><p style=""margin-top: 0; margin-bottom: 5px;"">USD 3 billion</p>","<p style=""margin-top: 0; margin-bottom: 5px;"">Top senders:</p><p style=""margin-top: 0; margin-bottom: 2px;"">1. Russian Federation - USD 2 billion (79%)<p style=""margin-top: 0; margin-bottom: 2px;"">2. Germany - USD 191 million (7%)<p style=""margin-top: 0; margin-bottom: 2px;"">3. Ukraine - USD 123 million (4%)"
TJK,Tajikistan,70.94215281065698,38.56933138382972,pgdp,0.3268937947850964,"<p style=""margin-top: 0; margin-bottom: 5px;"">Remittances received:</p><p style=""margin-top: 0; margin-bottom: 5px;"">29% of GDP</p>","<p style=""margin-top: 0; margin-bottom: 5px;"">Top senders:</p><p style=""margin-top: 0; margin-bottom: 2px;"">1. Russian Federation (79% of total)</p><p style=""margin-top: 0; margin-bottom: 2px;"">2. Germany (7% of total)</p><p style=""margin-top: 0; margin-bottom: 2px;"">3. Ukraine (4% of total)</p>"
TKM,Turkmenistan,58.4577357627054,39.06069118001429,dollar,1150000,"<p style=""margin-top: 0; margin-bottom: 5px;"">Remittances received:</p><p style=""margin-top: 0; margin-bottom: 5px;"">USD 1 million</p>","<p style=""margin-top: 0; margin-bottom: 5px;"">Top senders:</p><p style=""margin-top: 0; margin-bottom: 2px;"">1. Russian Federation - USD 1 million (100%)"
TKM,Turkmenistan,58.4577357627054,39.06069118001429,pgdp,2.2996583364757225e-5,"<p style=""margin-top: 0; margin-bottom: 5px;"">Remittances received:</p><p style=""margin-top: 0; margin-bottom: 5px;"">0.002% of GDP</p>","<p style=""margin-top: 0; margin-bottom: 5px;"">Top senders:</p><p style=""margin-top: 0; margin-bottom: 2px;"">1. Russian Federation (100% of total)</p>"
TLS,Timor-Leste,125.9502404956266,-8.809894630601962,dollar,168614879.68123513,"<p style=""margin-top: 0; margin-bottom: 5px;"">Remittances received:</p><p style=""margin-top: 0; margin-bottom: 5px;"">USD 169 million</p>","<p style=""margin-top: 0; margin-bottom: 5px;"">Top senders:</p><p style=""margin-top: 0; margin-bottom: 2px;"">1. Indonesia - USD 87 million (52%)<p style=""margin-top: 0; margin-bottom: 2px;"">2. Australia - USD 56 million (33%)<p style=""margin-top: 0; margin-bottom: 2px;"">3. United Kingdom - USD 14 million (8%)"
TLS,Timor-Leste,125.9502404956266,-8.809894630601962,pgdp,0.04655351599362419,"<p style=""margin-top: 0; margin-bottom: 5px;"">Remittances received:</p><p style=""margin-top: 0; margin-bottom: 5px;"">4% of GDP</p>","<p style=""margin-top: 0; margin-bottom: 5px;"">Top senders:</p><p style=""margin-top: 0; margin-bottom: 2px;"">1. Indonesia (52% of total)</p><p style=""margin-top: 0; margin-bottom: 2px;"">2. Australia (33% of total)</p><p style=""margin-top: 0; margin-bottom: 2px;"">3. United Kingdom (8% of total)</p>"
TON,Tonga,-175.20415878511247,-21.15927212823853,dollar,213494579.82873034,"<p style=""margin-top: 0; margin-bottom: 5px;"">Remittances received:</p><p style=""margin-top: 0; margin-bottom: 5px;"">USD 213 million</p>","<p style=""margin-top: 0; margin-bottom: 5px;"">Top senders:</p><p style=""margin-top: 0; margin-bottom: 2px;"">1. United States - USD 85 million (40%)<p style=""margin-top: 0; margin-bottom: 2px;"">2. New Zealand - USD 75 million (35%)<p style=""margin-top: 0; margin-bottom: 2px;"">3. Australia - USD 43 million (20%)"
TON,Tonga,-175.20415878511247,-21.15927212823853,pgdp,0.4549909210081022,"<p style=""margin-top: 0; margin-bottom: 5px;"">Remittances received:</p><p style=""margin-top: 0; margin-bottom: 5px;"">43% of GDP</p>","<p style=""margin-top: 0; margin-bottom: 5px;"">Top senders:</p><p style=""margin-top: 0; margin-bottom: 2px;"">1. United States (40% of total)</p><p style=""margin-top: 0; margin-bottom: 2px;"">2. New Zealand (35% of total)</p><p style=""margin-top: 0; margin-bottom: 2px;"">3. Australia (20% of total)</p>"
TTO,Trinidad and Tobago,-61.37236579976247,10.415515638298093,dollar,233446026.04451817,"<p style=""margin-top: 0; margin-bottom: 5px;"">Remittances received:</p><p style=""margin-top: 0; margin-bottom: 5px;"">USD 233 million</p>","<p style=""margin-top: 0; margin-bottom: 5px;"">Top senders:</p><p style=""margin-top: 0; margin-bottom: 2px;"">1. United States - USD 155 million (67%)<p style=""margin-top: 0; margin-bottom: 2px;"">2. Canada - USD 45 million (19%)<p style=""margin-top: 0; margin-bottom: 2px;"">3. United Kingdom - USD 19 million (8%)"
TTO,Trinidad and Tobago,-61.37236579976247,10.415515638298093,pgdp,0.009529768311037707,"<p style=""margin-top: 0; margin-bottom: 5px;"">Remittances received:</p><p style=""margin-top: 0; margin-bottom: 5px;"">0.9% of GDP</p>","<p style=""margin-top: 0; margin-bottom: 5px;"">Top senders:</p><p style=""margin-top: 0; margin-bottom: 2px;"">1. United States (67% of total)</p><p style=""margin-top: 0; margin-bottom: 2px;"">2. Canada (19% of total)</p><p style=""margin-top: 0; margin-bottom: 2px;"">3. United Kingdom (8% of total)</p>"
TUN,Tunisia,9.65587551697984,34.08636179565723,dollar,2194500000,"<p style=""margin-top: 0; margin-bottom: 5px;"">Remittances received:</p><p style=""margin-top: 0; margin-bottom: 5px;"">USD 2 billion</p>","<p style=""margin-top: 0; margin-bottom: 5px;"">Top senders:</p><p style=""margin-top: 0; margin-bottom: 2px;"">1. France - USD 1 billion (48%)<p style=""margin-top: 0; margin-bottom: 2px;"">2. United States - USD 446 million (20%)<p style=""margin-top: 0; margin-bottom: 2px;"">3. Italy - USD 254 million (12%)"
TUN,Tunisia,9.65587551697984,34.08636179565723,pgdp,0.04700422432723901,"<p style=""margin-top: 0; margin-bottom: 5px;"">Remittances received:</p><p style=""margin-top: 0; margin-bottom: 5px;"">4% of GDP</p>","<p style=""margin-top: 0; margin-bottom: 5px;"">Top senders:</p><p style=""margin-top: 0; margin-bottom: 2px;"">1. France (48% of total)</p><p style=""margin-top: 0; margin-bottom: 2px;"">2. United States (20% of total)</p><p style=""margin-top: 0; margin-bottom: 2px;"">3. Italy (12% of total)</p>"
TUR,Turkey,35.56886764076691,38.93207363123396,dollar,705000000.0000005,"<p style=""margin-top: 0; margin-bottom: 5px;"">Remittances received:</p><p style=""margin-top: 0; margin-bottom: 5px;"">USD 705 million</p>","<p style=""margin-top: 0; margin-bottom: 5px;"">Top senders:</p><p style=""margin-top: 0; margin-bottom: 2px;"">1. Germany - USD 379 million (54%)<p style=""margin-top: 0; margin-bottom: 2px;"">2. France - USD 69 million (10%)<p style=""margin-top: 0; margin-bottom: 2px;"">3. Netherlands - USD 42 million (6%)"
TUR,Turkey,35.56886764076691,38.93207363123396,pgdp,8.598974000233185e-4,"<p style=""margin-top: 0; margin-bottom: 5px;"">Remittances received:</p><p style=""margin-top: 0; margin-bottom: 5px;"">0.06% of GDP</p>","<p style=""margin-top: 0; margin-bottom: 5px;"">Top senders:</p><p style=""margin-top: 0; margin-bottom: 2px;"">1. Germany (54% of total)</p><p style=""margin-top: 0; margin-bottom: 2px;"">2. France (10% of total)</p><p style=""margin-top: 0; margin-bottom: 2px;"">3. Netherlands (6% of total)</p>"
TUV,Tuvalu,179.217833977593,-8.514701506447222,dollar,NA,NA,NA
TUV,Tuvalu,179.217833977593,-8.514701506447222,pgdp,NA,NA,NA
TZA,Tanzania,34.81832206060381,-6.355794440041147,dollar,569400000.0000001,"<p style=""margin-top: 0; margin-bottom: 5px;"">Remittances received:</p><p style=""margin-top: 0; margin-bottom: 5px;"">USD 569 million</p>","<p style=""margin-top: 0; margin-bottom: 5px;"">Top senders:</p><p style=""margin-top: 0; margin-bottom: 2px;"">1. United States - USD 187 million (33%)<p style=""margin-top: 0; margin-bottom: 2px;"">2. United Kingdom - USD 99 million (17%)<p style=""margin-top: 0; margin-bottom: 2px;"">3. Canada - USD 50 million (9%)"
TZA,Tanzania,34.81832206060381,-6.355794440041147,pgdp,0.008058805999263272,"<p style=""margin-top: 0; margin-bottom: 5px;"">Remittances received:</p><p style=""margin-top: 0; margin-bottom: 5px;"">0.5% of GDP</p>","<p style=""margin-top: 0; margin-bottom: 5px;"">Top senders:</p><p style=""margin-top: 0; margin-bottom: 2px;"">1. United States (33% of total)</p><p style=""margin-top: 0; margin-bottom: 2px;"">2. United Kingdom (17% of total)</p><p style=""margin-top: 0; margin-bottom: 2px;"">3. Canada (9% of total)</p>"
UGA,Uganda,32.34371768463123,1.2821729218416205,dollar,1082740000.0000002,"<p style=""margin-top: 0; margin-bottom: 5px;"">Remittances received:</p><p style=""margin-top: 0; margin-bottom: 5px;"">USD 1 billion</p>","<p style=""margin-top: 0; margin-bottom: 5px;"">Top senders:</p><p style=""margin-top: 0; margin-bottom: 2px;"">1. Kenya - USD 321 million (30%)<p style=""margin-top: 0; margin-bottom: 2px;"">2. United States - USD 177 million (16%)<p style=""margin-top: 0; margin-bottom: 2px;"">3. United Kingdom - USD 172 million (16%)"
UGA,Uganda,32.34371768463123,1.2821729218416205,pgdp,0.026727562302594425,"<p style=""margin-top: 0; margin-bottom: 5px;"">Remittances received:</p><p style=""margin-top: 0; margin-bottom: 5px;"">2% of GDP</p>","<p style=""margin-top: 0; margin-bottom: 5px;"">Top senders:</p><p style=""margin-top: 0; margin-bottom: 2px;"">1. Kenya (30% of total)</p><p style=""margin-top: 0; margin-bottom: 2px;"">2. United States (16% of total)</p><p style=""margin-top: 0; margin-bottom: 2px;"">3. United Kingdom (16% of total)</p>"
UKR,Ukraine,31.27377208442636,48.657532515563794,dollar,18060000000,"<p style=""margin-top: 0; margin-bottom: 5px;"">Remittances received:</p><p style=""margin-top: 0; margin-bottom: 5px;"">USD 18 billion</p>","<p style=""margin-top: 0; margin-bottom: 5px;"">Top senders:</p><p style=""margin-top: 0; margin-bottom: 2px;"">1. Russian Federation - USD 10 billion (53%)<p style=""margin-top: 0; margin-bottom: 2px;"">2. United States - USD 1 billion (7%)<p style=""margin-top: 0; margin-bottom: 2px;"">3. Kazakhstan - USD 1 billion (6%)"
UKR,Ukraine,31.27377208442636,48.657532515563794,pgdp,0.09040583830885808,"<p style=""margin-top: 0; margin-bottom: 5px;"">Remittances received:</p><p style=""margin-top: 0; margin-bottom: 5px;"">6% of GDP</p>","<p style=""margin-top: 0; margin-bottom: 5px;"">Top senders:</p><p style=""margin-top: 0; margin-bottom: 2px;"">1. Russian Federation (53% of total)</p><p style=""margin-top: 0; margin-bottom: 2px;"">2. United States (7% of total)</p><p style=""margin-top: 0; margin-bottom: 2px;"">3. Kazakhstan (6% of total)</p>"
URY,Uruguay,-56.01919523458085,-32.78195043831093,dollar,125733415.1960748,"<p style=""margin-top: 0; margin-bottom: 5px;"">Remittances received:</p><p style=""margin-top: 0; margin-bottom: 5px;"">USD 126 million</p>","<p style=""margin-top: 0; margin-bottom: 5px;"">Top senders:</p><p style=""margin-top: 0; margin-bottom: 2px;"">1. Argentina - USD 44 million (35%)<p style=""margin-top: 0; margin-bottom: 2px;"">2. Spain - USD 28 million (23%)<p style=""margin-top: 0; margin-bottom: 2px;"">3. United States - USD 19 million (15%)"
URY,Uruguay,-56.01919523458085,-32.78195043831093,pgdp,0.002047366410346397,"<p style=""margin-top: 0; margin-bottom: 5px;"">Remittances received:</p><p style=""margin-top: 0; margin-bottom: 5px;"">0.1% of GDP</p>","<p style=""margin-top: 0; margin-bottom: 5px;"">Top senders:</p><p style=""margin-top: 0; margin-bottom: 2px;"">1. Argentina (35% of total)</p><p style=""margin-top: 0; margin-bottom: 2px;"">2. Spain (23% of total)</p><p style=""margin-top: 0; margin-bottom: 2px;"">3. United States (15% of total)</p>"
USA,United States,-96.3316166082964,38.8208089190304,dollar,6898999999.999997,"<p style=""margin-top: 0; margin-bottom: 5px;"">Remittances received:</p><p style=""margin-top: 0; margin-bottom: 5px;"">USD 7 billion</p>","<p style=""margin-top: 0; margin-bottom: 5px;"">Top senders:</p><p style=""margin-top: 0; margin-bottom: 2px;"">1. Mexico - USD 2 billion (27%)<p style=""margin-top: 0; margin-bottom: 2px;"">2. Canada - USD 631 million (9%)<p style=""margin-top: 0; margin-bottom: 2px;"">3. United Kingdom - USD 394 million (6%)"
USA,United States,-96.3316166082964,38.8208089190304,pgdp,2.9590290208287396e-4,"<p style=""margin-top: 0; margin-bottom: 5px;"">Remittances received:</p><p style=""margin-top: 0; margin-bottom: 5px;"">0.01% of GDP</p>","<p style=""margin-top: 0; margin-bottom: 5px;"">Top senders:</p><p style=""margin-top: 0; margin-bottom: 2px;"">1. Mexico (27% of total)</p><p style=""margin-top: 0; margin-bottom: 2px;"">2. Canada (9% of total)</p><p style=""margin-top: 0; margin-bottom: 2px;"">3. United Kingdom (6% of total)</p>"
UZB,Uzbekistan,63.8548297593985,41.4879065244633,dollar,9197526464.525383,"<p style=""margin-top: 0; margin-bottom: 5px;"">Remittances received:</p><p style=""margin-top: 0; margin-bottom: 5px;"">USD 9 billion</p>","<p style=""margin-top: 0; margin-bottom: 5px;"">Top senders:</p><p style=""margin-top: 0; margin-bottom: 2px;"">1. Russian Federation - USD 9 billion (100%)"
UZB,Uzbekistan,63.8548297593985,41.4879065244633,pgdp,0.13214720108718758,"<p style=""margin-top: 0; margin-bottom: 5px;"">Remittances received:</p><p style=""margin-top: 0; margin-bottom: 5px;"">13% of GDP</p>","<p style=""margin-top: 0; margin-bottom: 5px;"">Top senders:</p><p style=""margin-top: 0; margin-bottom: 2px;"">1. Russian Federation (100% of total)</p>"
VCT,St. Vincent and the Grenadines,-61.193766354393034,13.254808122970651,dollar,85861678.23436168,"<p style=""margin-top: 0; margin-bottom: 5px;"">Remittances received:</p><p style=""margin-top: 0; margin-bottom: 5px;"">USD 86 million</p>","<p style=""margin-top: 0; margin-bottom: 5px;"">Top senders:</p><p style=""margin-top: 0; margin-bottom: 2px;"">1. United States - USD 32 million (38%)<p style=""margin-top: 0; margin-bottom: 2px;"">2. Canada - USD 19 million (22%)<p style=""margin-top: 0; margin-bottom: 2px;"">3. United Kingdom - USD 17 million (19%)"
VCT,St. Vincent and the Grenadines,-61.193766354393034,13.254808122970651,pgdp,0.09844014065086056,"<p style=""margin-top: 0; margin-bottom: 5px;"">Remittances received:</p><p style=""margin-top: 0; margin-bottom: 5px;"">8% of GDP</p>","<p style=""margin-top: 0; margin-bottom: 5px;"">Top senders:</p><p style=""margin-top: 0; margin-bottom: 2px;"">1. United States (38% of total)</p><p style=""margin-top: 0; margin-bottom: 2px;"">2. Canada (22% of total)</p><p style=""margin-top: 0; margin-bottom: 2px;"">3. United Kingdom (19% of total)</p>"
VEN,"Venezuela, RB",-66.36492135985132,7.148324760507107,dollar,NA,NA,NA
VEN,"Venezuela, RB",-66.36492135985132,7.148324760507107,pgdp,NA,NA,NA
VIR,Virgin Islands (U.S.),-64.76155341409797,17.738009708772523,dollar,NA,NA,NA
VIR,Virgin Islands (U.S.),-64.76155341409797,17.738009708772523,pgdp,NA,NA,NA
VNM,Vietnam,105.91338832758704,16.517347170839393,dollar,18060000000.000004,"<p style=""margin-top: 0; margin-bottom: 5px;"">Remittances received:</p><p style=""margin-top: 0; margin-bottom: 5px;"">USD 18 billion</p>","<p style=""margin-top: 0; margin-bottom: 5px;"">Top senders:</p><p style=""margin-top: 0; margin-bottom: 2px;"">1. United States - USD 8 billion (44%)<p style=""margin-top: 0; margin-bottom: 2px;"">2. Japan - USD 2 billion (10%)<p style=""margin-top: 0; margin-bottom: 2px;"">3. Australia - USD 1 billion (8%)"
VNM,Vietnam,105.91338832758704,16.517347170839393,pgdp,0.0493257221412634,"<p style=""margin-top: 0; margin-bottom: 5px;"">Remittances received:</p><p style=""margin-top: 0; margin-bottom: 5px;"">3% of GDP</p>","<p style=""margin-top: 0; margin-bottom: 5px;"">Top senders:</p><p style=""margin-top: 0; margin-bottom: 2px;"">1. United States (44% of total)</p><p style=""margin-top: 0; margin-bottom: 2px;"">2. Japan (10% of total)</p><p style=""margin-top: 0; margin-bottom: 2px;"">3. Australia (8% of total)</p>"
VUT,Vanuatu,166.84912735669738,-15.189132121699332,dollar,169012066.17499942,"<p style=""margin-top: 0; margin-bottom: 5px;"">Remittances received:</p><p style=""margin-top: 0; margin-bottom: 5px;"">USD 169 million</p>","<p style=""margin-top: 0; margin-bottom: 5px;"">Top senders:</p><p style=""margin-top: 0; margin-bottom: 2px;"">1. Australia - USD 92 million (54%)<p style=""margin-top: 0; margin-bottom: 2px;"">2. New Caledonia - USD 42 million (25%)<p style=""margin-top: 0; margin-bottom: 2px;"">3. France - USD 20 million (12%)"
VUT,Vanuatu,166.84912735669738,-15.189132121699332,pgdp,0.17394584922160375,"<p style=""margin-top: 0; margin-bottom: 5px;"">Remittances received:</p><p style=""margin-top: 0; margin-bottom: 5px;"">16% of GDP</p>","<p style=""margin-top: 0; margin-bottom: 5px;"">Top senders:</p><p style=""margin-top: 0; margin-bottom: 2px;"">1. Australia (54% of total)</p><p style=""margin-top: 0; margin-bottom: 2px;"">2. New Caledonia (25% of total)</p><p style=""margin-top: 0; margin-bottom: 2px;"">3. France (12% of total)</p>"
WSM,Samoa,-172.44107655740137,-13.634252953274622,dollar,248442933.24033839,"<p style=""margin-top: 0; margin-bottom: 5px;"">Remittances received:</p><p style=""margin-top: 0; margin-bottom: 5px;"">USD 248 million</p>","<p style=""margin-top: 0; margin-bottom: 5px;"">Top senders:</p><p style=""margin-top: 0; margin-bottom: 2px;"">1. New Zealand - USD 105 million (42%)<p style=""margin-top: 0; margin-bottom: 2px;"">2. Australia - USD 64 million (26%)<p style=""margin-top: 0; margin-bottom: 2px;"">3. United States - USD 56 million (23%)"
WSM,Samoa,-172.44107655740137,-13.634252953274622,pgdp,0.2943903000671074,"<p style=""margin-top: 0; margin-bottom: 5px;"">Remittances received:</p><p style=""margin-top: 0; margin-bottom: 5px;"">27% of GDP</p>","<p style=""margin-top: 0; margin-bottom: 5px;"">Top senders:</p><p style=""margin-top: 0; margin-bottom: 2px;"">1. New Zealand (42% of total)</p><p style=""margin-top: 0; margin-bottom: 2px;"">2. Australia (26% of total)</p><p style=""margin-top: 0; margin-bottom: 2px;"">3. United States (23% of total)</p>"
XKX,Kosovo (SCR 1244),20.915471943837854,42.5303059922203,dollar,1689313356.8752732,"<p style=""margin-top: 0; margin-bottom: 5px;"">Remittances received:</p><p style=""margin-top: 0; margin-bottom: 5px;"">USD 2 billion</p>","<p style=""margin-top: 0; margin-bottom: 5px;"">Top senders:</p><p style=""margin-top: 0; margin-bottom: 2px;"">1. Germany - USD 923 million (55%)<p style=""margin-top: 0; margin-bottom: 2px;"">2. Switzerland - USD 420 million (25%)<p style=""margin-top: 0; margin-bottom: 2px;"">3. Austria - USD 119 million (7%)"
XKX,Kosovo (SCR 1244),20.915471943837854,42.5303059922203,pgdp,0.17948440296411342,"<p style=""margin-top: 0; margin-bottom: 5px;"">Remittances received:</p><p style=""margin-top: 0; margin-bottom: 5px;"">16% of GDP</p>","<p style=""margin-top: 0; margin-bottom: 5px;"">Top senders:</p><p style=""margin-top: 0; margin-bottom: 2px;"">1. Germany (55% of total)</p><p style=""margin-top: 0; margin-bottom: 2px;"">2. Switzerland (25% of total)</p><p style=""margin-top: 0; margin-bottom: 2px;"">3. Austria (7% of total)</p>"
YEM,"Yemen, Rep.",47.46815793206386,16.001392616307445,dollar,NA,NA,NA
YEM,"Yemen, Rep.",47.46815793206386,16.001392616307445,pgdp,NA,NA,NA
ZAF,South Africa,24.75252746489084,-28.55361930679731,dollar,926650843.6532923,"<p style=""margin-top: 0; margin-bottom: 5px;"">Remittances received:</p><p style=""margin-top: 0; margin-bottom: 5px;"">USD 927 million</p>","<p style=""margin-top: 0; margin-bottom: 5px;"">Top senders:</p><p style=""margin-top: 0; margin-bottom: 2px;"">1. United Kingdom - USD 248 million (27%)<p style=""margin-top: 0; margin-bottom: 2px;"">2. Australia - USD 205 million (22%)<p style=""margin-top: 0; margin-bottom: 2px;"">3. United States - USD 125 million (14%)"
ZAF,South Africa,24.75252746489084,-28.55361930679731,pgdp,0.002205692822731834,"<p style=""margin-top: 0; margin-bottom: 5px;"">Remittances received:</p><p style=""margin-top: 0; margin-bottom: 5px;"">0.1% of GDP</p>","<p style=""margin-top: 0; margin-bottom: 5px;"">Top senders:</p><p style=""margin-top: 0; margin-bottom: 2px;"">1. United Kingdom (27% of total)</p><p style=""margin-top: 0; margin-bottom: 2px;"">2. Australia (22% of total)</p><p style=""margin-top: 0; margin-bottom: 2px;"">3. United States (14% of total)</p>"
ZMB,Zambia,27.75521363430896,-13.162832953186246,dollar,241688413.15326792,"<p style=""margin-top: 0; margin-bottom: 5px;"">Remittances received:</p><p style=""margin-top: 0; margin-bottom: 5px;"">USD 242 million</p>","<p style=""margin-top: 0; margin-bottom: 5px;"">Top senders:</p><p style=""margin-top: 0; margin-bottom: 2px;"">1. United States - USD 63 million (26%)<p style=""margin-top: 0; margin-bottom: 2px;"">2. United Kingdom - USD 50 million (21%)<p style=""margin-top: 0; margin-bottom: 2px;"">3. Zimbabwe - USD 25 million (10%)"
ZMB,Zambia,27.75521363430896,-13.162832953186246,pgdp,0.010937900650474877,"<p style=""margin-top: 0; margin-bottom: 5px;"">Remittances received:</p><p style=""margin-top: 0; margin-bottom: 5px;"">0.6% of GDP</p>","<p style=""margin-top: 0; margin-bottom: 5px;"">Top senders:</p><p style=""margin-top: 0; margin-bottom: 2px;"">1. United States (26% of total)</p><p style=""margin-top: 0; margin-bottom: 2px;"">2. United Kingdom (21% of total)</p><p style=""margin-top: 0; margin-bottom: 2px;"">3. Zimbabwe (10% of total)</p>"
ZWE,Zimbabwe,29.717829640720844,-18.92700121981475,dollar,1981999999.9999998,"<p style=""margin-top: 0; margin-bottom: 5px;"">Remittances received:</p><p style=""margin-top: 0; margin-bottom: 5px;"">USD 2 billion</p>","<p style=""margin-top: 0; margin-bottom: 5px;"">Top senders:</p><p style=""margin-top: 0; margin-bottom: 2px;"">1. South Africa - USD 957 million (48%)<p style=""margin-top: 0; margin-bottom: 2px;"">2. United Kingdom - USD 375 million (19%)<p style=""margin-top: 0; margin-bottom: 2px;"">3. United States - USD 210 million (11%)"
ZWE,Zimbabwe,29.717829640720844,-18.92700121981475,pgdp,0.06985948069953961,"<p style=""margin-top: 0; margin-bottom: 5px;"">Remittances received:</p><p style=""margin-top: 0; margin-bottom: 5px;"">5% of GDP</p>","<p style=""margin-top: 0; margin-bottom: 5px;"">Top senders:</p><p style=""margin-top: 0; margin-bottom: 2px;"">1. South Africa (48% of total)</p><p style=""margin-top: 0; margin-bottom: 2px;"">2. United Kingdom (19% of total)</p><p style=""margin-top: 0; margin-bottom: 2px;"">3. United States (11% of total)</p>"
